"출발코드","출발건물","도착코드","도착건물","거리_m","시간_초","시간_분","출발보정_m","도착보정_m","확인사항","경로링크"
"K1","학생회관","K2","의학관","259","301","5","22","23","","https://map.kakao.com/link/by/walk/K1+%ED%95%99%EC%83%9D%ED%9A%8C%EA%B4%80,36.9513965682655,127.907135975813/K2+%EC%9D%98%ED%95%99%EA%B4%80,36.9505882991222,127.907728148197"
"K1","학생회관","K3","교수연구동","305","344","5.7","22","8","","https://map.kakao.com/link/by/walk/K1+%ED%95%99%EC%83%9D%ED%9A%8C%EA%B4%80,36.9513965682655,127.907135975813/K3+%EA%B5%90%EC%88%98%EC%97%B0%EA%B5%AC%EB%8F%99,36.9506791828455,127.908568994305"
"K1","학생회관","K4","모시래학사(대표지점)","256","273","4.6","22","17","","https://map.kakao.com/link/by/walk/K1+%ED%95%99%EC%83%9D%ED%9A%8C%EA%B4%80,36.9513965682655,127.907135975813/K4+%EB%AA%A8%EC%8B%9C%EB%9E%98%ED%95%99%EC%82%AC%28%EB%8C%80%ED%91%9C%EC%A7%80%EC%A0%90%29,36.9513477512316,127.909277496553"
"K1","학생회관","K5","모시래학사(여동본관)","321","346","5.8","22","13","","https://map.kakao.com/link/by/walk/K1+%ED%95%99%EC%83%9D%ED%9A%8C%EA%B4%80,36.9513965682655,127.907135975813/K5+%EB%AA%A8%EC%8B%9C%EB%9E%98%ED%95%99%EC%82%AC%28%EC%97%AC%EB%8F%99%EB%B3%B8%EA%B4%80%29,36.9509112242749,127.909802215742"
"K1","학생회관","K6","인문사회관","372","422","7","22","7","","https://map.kakao.com/link/by/walk/K1+%ED%95%99%EC%83%9D%ED%9A%8C%EA%B4%80,36.9513965682655,127.907135975813/K6+%EC%9D%B8%EB%AC%B8%EC%82%AC%ED%9A%8C%EA%B4%80,36.949703757427,127.90886726529"
"K1","학생회관","K7","건국체육관","559","564","9.4","22","33","","https://map.kakao.com/link/by/walk/K1+%ED%95%99%EC%83%9D%ED%9A%8C%EA%B4%80,36.9513965682655,127.907135975813/K7+%EA%B1%B4%EA%B5%AD%EC%B2%B4%EC%9C%A1%EA%B4%80,36.9494687336754,127.909906306991"
"K1","학생회관","K8","자산관리동","427","452","7.5","22","30","","https://map.kakao.com/link/by/walk/K1+%ED%95%99%EC%83%9D%ED%9A%8C%EA%B4%80,36.9513965682655,127.907135975813/K8+%EC%9E%90%EC%82%B0%EA%B4%80%EB%A6%AC%EB%8F%99,36.950034281342724,127.91030035688091"
"K1","학생회관","K9","학군단","518","531","8.9","22","10","","https://map.kakao.com/link/by/walk/K1+%ED%95%99%EC%83%9D%ED%9A%8C%EA%B4%80,36.9513965682655,127.907135975813/K9+%ED%95%99%EA%B5%B0%EB%8B%A8,36.9497513666203,127.910650631214"
"K1","학생회관","K10","해오름학사","832","826","13.8","22","16","","https://map.kakao.com/link/by/walk/K1+%ED%95%99%EC%83%9D%ED%9A%8C%EA%B4%80,36.9513965682655,127.907135975813/K10+%ED%95%B4%EC%98%A4%EB%A6%84%ED%95%99%EC%82%AC,36.9488227745106,127.912359486364"
"K1","학생회관","U1","행정관","292","325","5.4","22","12","","https://map.kakao.com/link/by/walk/K1+%ED%95%99%EC%83%9D%ED%9A%8C%EA%B4%80,36.9513965682655,127.907135975813/U1+%ED%96%89%EC%A0%95%EA%B4%80,36.9497994772544,127.906718487499"
"K1","학생회관","U2","생명과학관","486","477","8","22","16","","https://map.kakao.com/link/by/walk/K1+%ED%95%99%EC%83%9D%ED%9A%8C%EA%B4%80,36.9513965682655,127.907135975813/U2+%EC%83%9D%EB%AA%85%EA%B3%BC%ED%95%99%EA%B4%80,36.949166029296364,127.90589255857277"
"K1","학생회관","U4","자연과학관","428","437","7.3","22","19","","https://map.kakao.com/link/by/walk/K1+%ED%95%99%EC%83%9D%ED%9A%8C%EA%B4%80,36.9513965682655,127.907135975813/U4+%EC%9E%90%EC%97%B0%EA%B3%BC%ED%95%99%EA%B4%80,36.9489430964899,127.90700359588"
"K1","학생회관","U5","국제교육관","696","702","11.7","22","14","","https://map.kakao.com/link/by/walk/K1+%ED%95%99%EC%83%9D%ED%9A%8C%EA%B4%80,36.9513965682655,127.907135975813/U5+%EA%B5%AD%EC%A0%9C%EA%B5%90%EC%9C%A1%EA%B4%80,36.9481807825323,127.906770027989"
"K1","학생회관","U6","창의예술관","546","564","9.4","22","11","","https://map.kakao.com/link/by/walk/K1+%ED%95%99%EC%83%9D%ED%9A%8C%EA%B4%80,36.9513965682655,127.907135975813/U6+%EC%B0%BD%EC%9D%98%EC%98%88%EC%88%A0%EA%B4%80,36.9482779802897,127.907610921403"
"K1","학생회관","U7","중원도서관","448","479","8","22","23","","https://map.kakao.com/link/by/walk/K1+%ED%95%99%EC%83%9D%ED%9A%8C%EA%B4%80,36.9513965682655,127.907135975813/U7+%EC%A4%91%EC%9B%90%EB%8F%84%EC%84%9C%EA%B4%80,36.948881714009254,127.90845614834129"
"K1","학생회관","U8","복합실습동","629","638","10.6","22","11","","https://map.kakao.com/link/by/walk/K1+%ED%95%99%EC%83%9D%ED%9A%8C%EA%B4%80,36.9513965682655,127.907135975813/U8+%EB%B3%B5%ED%95%A9%EC%8B%A4%EC%8A%B5%EB%8F%99,36.9475303665141,127.907458353921"
"K1","학생회관","U10","상허연구동","612","616","10.3","22","13","","https://map.kakao.com/link/by/walk/K1+%ED%95%99%EC%83%9D%ED%9A%8C%EA%B4%80,36.9513965682655,127.907135975813/U10+%EC%83%81%ED%97%88%EC%97%B0%EA%B5%AC%EB%8F%99,36.947886052589695,127.90854929152806"
"K1","학생회관","U11","글로컬이음관","553","564","9.4","22","18","","https://map.kakao.com/link/by/walk/K1+%ED%95%99%EC%83%9D%ED%9A%8C%EA%B4%80,36.9513965682655,127.907135975813/U11+%EA%B8%80%EB%A1%9C%EC%BB%AC%EC%9D%B4%EC%9D%8C%EA%B4%80,36.9483664278494,127.909358814133"
"K1","학생회관","U12","창업보육센터","611","609","10.2","22","32","","https://map.kakao.com/link/by/walk/K1+%ED%95%99%EC%83%9D%ED%9A%8C%EA%B4%80,36.9513965682655,127.907135975813/U12+%EC%B0%BD%EC%97%85%EB%B3%B4%EC%9C%A1%EC%84%BC%ED%84%B0,36.9481064358336,127.91012810401521"
"K1","학생회관","U13","건국골프연습장","767","741","12.4","22","10","","https://map.kakao.com/link/by/walk/K1+%ED%95%99%EC%83%9D%ED%9A%8C%EA%B4%80,36.9513965682655,127.907135975813/U13+%EA%B1%B4%EA%B5%AD%EA%B3%A8%ED%94%84%EC%97%B0%EC%8A%B5%EC%9E%A5,36.9471716091744,127.909596081006"
"K1","학생회관","U14","건국터미널","310","273","4.6","22","10","","https://map.kakao.com/link/by/walk/K1+%ED%95%99%EC%83%9D%ED%9A%8C%EA%B4%80,36.9513965682655,127.907135975813/U14+%EA%B1%B4%EA%B5%AD%ED%84%B0%EB%AF%B8%EB%84%90,36.9513587387715,127.90453536758"
"K1","학생회관","U15","건국어린이집","360","323","5.4","22","19","","https://map.kakao.com/link/by/walk/K1+%ED%95%99%EC%83%9D%ED%9A%8C%EA%B4%80,36.9513965682655,127.907135975813/U15+%EA%B1%B4%EA%B5%AD%EC%96%B4%EB%A6%B0%EC%9D%B4%EC%A7%91,36.950716336504385,127.90464677553264"
"K2","의학관","K1","학생회관","259","240","4","23","22","","https://map.kakao.com/link/by/walk/K2+%EC%9D%98%ED%95%99%EA%B4%80,36.9505882991222,127.907728148197/K1+%ED%95%99%EC%83%9D%ED%9A%8C%EA%B4%80,36.9513965682655,127.907135975813"
"K2","의학관","K3","교수연구동","91","84","1.4","23","8","","https://map.kakao.com/link/by/walk/K2+%EC%9D%98%ED%95%99%EA%B4%80,36.9505882991222,127.907728148197/K3+%EA%B5%90%EC%88%98%EC%97%B0%EA%B5%AC%EB%8F%99,36.9506791828455,127.908568994305"
"K2","의학관","K4","모시래학사(대표지점)","237","209","3.5","23","17","","https://map.kakao.com/link/by/walk/K2+%EC%9D%98%ED%95%99%EA%B4%80,36.9505882991222,127.907728148197/K4+%EB%AA%A8%EC%8B%9C%EB%9E%98%ED%95%99%EC%82%AC%28%EB%8C%80%ED%91%9C%EC%A7%80%EC%A0%90%29,36.9513477512316,127.909277496553"
"K2","의학관","K5","모시래학사(여동본관)","267","233","3.9","23","13","","https://map.kakao.com/link/by/walk/K2+%EC%9D%98%ED%95%99%EA%B4%80,36.9505882991222,127.907728148197/K5+%EB%AA%A8%EC%8B%9C%EB%9E%98%ED%95%99%EC%82%AC%28%EC%97%AC%EB%8F%99%EB%B3%B8%EA%B4%80%29,36.9509112242749,127.909802215742"
"K2","의학관","K6","인문사회관","198","180","3","23","7","","https://map.kakao.com/link/by/walk/K2+%EC%9D%98%ED%95%99%EA%B4%80,36.9505882991222,127.907728148197/K6+%EC%9D%B8%EB%AC%B8%EC%82%AC%ED%9A%8C%EA%B4%80,36.949703757427,127.90886726529"
"K2","의학관","K7","건국체육관","414","365","6.1","23","33","","https://map.kakao.com/link/by/walk/K2+%EC%9D%98%ED%95%99%EA%B4%80,36.9505882991222,127.907728148197/K7+%EA%B1%B4%EA%B5%AD%EC%B2%B4%EC%9C%A1%EA%B4%80,36.9494687336754,127.909906306991"
"K2","의학관","K8","자산관리동","373","339","5.7","23","30","","https://map.kakao.com/link/by/walk/K2+%EC%9D%98%ED%95%99%EA%B4%80,36.9505882991222,127.907728148197/K8+%EC%9E%90%EC%82%B0%EA%B4%80%EB%A6%AC%EB%8F%99,36.950034281342724,127.91030035688091"
"K2","의학관","K9","학군단","464","417","7","23","10","","https://map.kakao.com/link/by/walk/K2+%EC%9D%98%ED%95%99%EA%B4%80,36.9505882991222,127.907728148197/K9+%ED%95%99%EA%B5%B0%EB%8B%A8,36.9497513666203,127.910650631214"
"K2","의학관","K10","해오름학사","687","618","10.3","23","16","","https://map.kakao.com/link/by/walk/K2+%EC%9D%98%ED%95%99%EA%B4%80,36.9505882991222,127.907728148197/K10+%ED%95%B4%EC%98%A4%EB%A6%84%ED%95%99%EC%82%AC,36.9488227745106,127.912359486364"
"K2","의학관","U1","행정관","298","273","4.6","23","12","","https://map.kakao.com/link/by/walk/K2+%EC%9D%98%ED%95%99%EA%B4%80,36.9505882991222,127.907728148197/U1+%ED%96%89%EC%A0%95%EA%B4%80,36.9497994772544,127.906718487499"
"K2","의학관","U2","생명과학관","414","379","6.3","23","16","","https://map.kakao.com/link/by/walk/K2+%EC%9D%98%ED%95%99%EA%B4%80,36.9505882991222,127.907728148197/U2+%EC%83%9D%EB%AA%85%EA%B3%BC%ED%95%99%EA%B4%80,36.949166029296364,127.90589255857277"
"K2","의학관","U4","자연과학관","356","338","5.6","23","19","","https://map.kakao.com/link/by/walk/K2+%EC%9D%98%ED%95%99%EA%B4%80,36.9505882991222,127.907728148197/U4+%EC%9E%90%EC%97%B0%EA%B3%BC%ED%95%99%EA%B4%80,36.9489430964899,127.90700359588"
"K2","의학관","U5","국제교육관","586","525","8.8","23","14","","https://map.kakao.com/link/by/walk/K2+%EC%9D%98%ED%95%99%EA%B4%80,36.9505882991222,127.907728148197/U5+%EA%B5%AD%EC%A0%9C%EA%B5%90%EC%9C%A1%EA%B4%80,36.9481807825323,127.906770027989"
"K2","의학관","U6","창의예술관","436","387","6.5","23","11","","https://map.kakao.com/link/by/walk/K2+%EC%9D%98%ED%95%99%EA%B4%80,36.9505882991222,127.907728148197/U6+%EC%B0%BD%EC%9D%98%EC%98%88%EC%88%A0%EA%B4%80,36.9482779802897,127.907610921403"
"K2","의학관","U7","중원도서관","302","271","4.5","23","23","","https://map.kakao.com/link/by/walk/K2+%EC%9D%98%ED%95%99%EA%B4%80,36.9505882991222,127.907728148197/U7+%EC%A4%91%EC%9B%90%EB%8F%84%EC%84%9C%EA%B4%80,36.948881714009254,127.90845614834129"
"K2","의학관","U8","복합실습동","519","461","7.7","23","11","","https://map.kakao.com/link/by/walk/K2+%EC%9D%98%ED%95%99%EA%B4%80,36.9505882991222,127.907728148197/U8+%EB%B3%B5%ED%95%A9%EC%8B%A4%EC%8A%B5%EB%8F%99,36.9475303665141,127.907458353921"
"K2","의학관","U10","상허연구동","478","418","7","23","13","","https://map.kakao.com/link/by/walk/K2+%EC%9D%98%ED%95%99%EA%B4%80,36.9505882991222,127.907728148197/U10+%EC%83%81%ED%97%88%EC%97%B0%EA%B5%AC%EB%8F%99,36.947886052589695,127.90854929152806"
"K2","의학관","U11","글로컬이음관","407","356","5.9","23","18","","https://map.kakao.com/link/by/walk/K2+%EC%9D%98%ED%95%99%EA%B4%80,36.9505882991222,127.907728148197/U11+%EA%B8%80%EB%A1%9C%EC%BB%AC%EC%9D%B4%EC%9D%8C%EA%B4%80,36.9483664278494,127.909358814133"
"K2","의학관","U12","창업보육센터","465","401","6.7","23","32","","https://map.kakao.com/link/by/walk/K2+%EC%9D%98%ED%95%99%EA%B4%80,36.9505882991222,127.907728148197/U12+%EC%B0%BD%EC%97%85%EB%B3%B4%EC%9C%A1%EC%84%BC%ED%84%B0,36.9481064358336,127.91012810401521"
"K2","의학관","U13","건국골프연습장","626","536","8.9","23","10","","https://map.kakao.com/link/by/walk/K2+%EC%9D%98%ED%95%99%EA%B4%80,36.9505882991222,127.907728148197/U13+%EA%B1%B4%EA%B5%AD%EA%B3%A8%ED%94%84%EC%97%B0%EC%8A%B5%EC%9E%A5,36.9471716091744,127.909596081006"
"K2","의학관","U14","건국터미널","438","382","6.4","23","10","","https://map.kakao.com/link/by/walk/K2+%EC%9D%98%ED%95%99%EA%B4%80,36.9505882991222,127.907728148197/U14+%EA%B1%B4%EA%B5%AD%ED%84%B0%EB%AF%B8%EB%84%90,36.9513587387715,127.90453536758"
"K2","의학관","U15","건국어린이집","483","418","7","23","19","","https://map.kakao.com/link/by/walk/K2+%EC%9D%98%ED%95%99%EA%B4%80,36.9505882991222,127.907728148197/U15+%EA%B1%B4%EA%B5%AD%EC%96%B4%EB%A6%B0%EC%9D%B4%EC%A7%91,36.950716336504385,127.90464677553264"
"K3","교수연구동","K1","학생회관","305","279","4.7","8","22","","https://map.kakao.com/link/by/walk/K3+%EA%B5%90%EC%88%98%EC%97%B0%EA%B5%AC%EB%8F%99,36.9506791828455,127.908568994305/K1+%ED%95%99%EC%83%9D%ED%9A%8C%EA%B4%80,36.9513965682655,127.907135975813"
"K3","교수연구동","K2","의학관","91","80","1.3","8","23","","https://map.kakao.com/link/by/walk/K3+%EA%B5%90%EC%88%98%EC%97%B0%EA%B5%AC%EB%8F%99,36.9506791828455,127.908568994305/K2+%EC%9D%98%ED%95%99%EA%B4%80,36.9505882991222,127.907728148197"
"K3","교수연구동","K4","모시래학사(대표지점)","283","248","4.1","8","17","","https://map.kakao.com/link/by/walk/K3+%EA%B5%90%EC%88%98%EC%97%B0%EA%B5%AC%EB%8F%99,36.9506791828455,127.908568994305/K4+%EB%AA%A8%EC%8B%9C%EB%9E%98%ED%95%99%EC%82%AC%28%EB%8C%80%ED%91%9C%EC%A7%80%EC%A0%90%29,36.9513477512316,127.909277496553"
"K3","교수연구동","K5","모시래학사(여동본관)","246","211","3.5","8","13","","https://map.kakao.com/link/by/walk/K3+%EA%B5%90%EC%88%98%EC%97%B0%EA%B5%AC%EB%8F%99,36.9506791828455,127.908568994305/K5+%EB%AA%A8%EC%8B%9C%EB%9E%98%ED%95%99%EC%82%AC%28%EC%97%AC%EB%8F%99%EB%B3%B8%EA%B4%80%29,36.9509112242749,127.909802215742"
"K3","교수연구동","K6","인문사회관","178","159","2.7","8","7","","https://map.kakao.com/link/by/walk/K3+%EA%B5%90%EC%88%98%EC%97%B0%EA%B5%AC%EB%8F%99,36.9506791828455,127.908568994305/K6+%EC%9D%B8%EB%AC%B8%EC%82%AC%ED%9A%8C%EA%B4%80,36.949703757427,127.90886726529"
"K3","교수연구동","K7","건국체육관","394","345","5.8","8","33","","https://map.kakao.com/link/by/walk/K3+%EA%B5%90%EC%88%98%EC%97%B0%EA%B5%AC%EB%8F%99,36.9506791828455,127.908568994305/K7+%EA%B1%B4%EA%B5%AD%EC%B2%B4%EC%9C%A1%EA%B4%80,36.9494687336754,127.909906306991"
"K3","교수연구동","K8","자산관리동","352","318","5.3","8","30","","https://map.kakao.com/link/by/walk/K3+%EA%B5%90%EC%88%98%EC%97%B0%EA%B5%AC%EB%8F%99,36.9506791828455,127.908568994305/K8+%EC%9E%90%EC%82%B0%EA%B4%80%EB%A6%AC%EB%8F%99,36.950034281342724,127.91030035688091"
"K3","교수연구동","K9","학군단","443","396","6.6","8","10","","https://map.kakao.com/link/by/walk/K3+%EA%B5%90%EC%88%98%EC%97%B0%EA%B5%AC%EB%8F%99,36.9506791828455,127.908568994305/K9+%ED%95%99%EA%B5%B0%EB%8B%A8,36.9497513666203,127.910650631214"
"K3","교수연구동","K10","해오름학사","667","597","10","8","16","","https://map.kakao.com/link/by/walk/K3+%EA%B5%90%EC%88%98%EC%97%B0%EA%B5%AC%EB%8F%99,36.9506791828455,127.908568994305/K10+%ED%95%B4%EC%98%A4%EB%A6%84%ED%95%99%EC%82%AC,36.9488227745106,127.912359486364"
"K3","교수연구동","U1","행정관","343","312","5.2","8","12","","https://map.kakao.com/link/by/walk/K3+%EA%B5%90%EC%88%98%EC%97%B0%EA%B5%AC%EB%8F%99,36.9506791828455,127.908568994305/U1+%ED%96%89%EC%A0%95%EA%B4%80,36.9497994772544,127.906718487499"
"K3","교수연구동","U2","생명과학관","460","418","7","8","16","","https://map.kakao.com/link/by/walk/K3+%EA%B5%90%EC%88%98%EC%97%B0%EA%B5%AC%EB%8F%99,36.9506791828455,127.908568994305/U2+%EC%83%9D%EB%AA%85%EA%B3%BC%ED%95%99%EA%B4%80,36.949166029296364,127.90589255857277"
"K3","교수연구동","U4","자연과학관","373","325","5.4","8","19","","https://map.kakao.com/link/by/walk/K3+%EA%B5%90%EC%88%98%EC%97%B0%EA%B5%AC%EB%8F%99,36.9506791828455,127.908568994305/U4+%EC%9E%90%EC%97%B0%EA%B3%BC%ED%95%99%EA%B4%80,36.9489430964899,127.90700359588"
"K3","교수연구동","U5","국제교육관","566","504","8.4","8","14","","https://map.kakao.com/link/by/walk/K3+%EA%B5%90%EC%88%98%EC%97%B0%EA%B5%AC%EB%8F%99,36.9506791828455,127.908568994305/U5+%EA%B5%AD%EC%A0%9C%EA%B5%90%EC%9C%A1%EA%B4%80,36.9481807825323,127.906770027989"
"K3","교수연구동","U6","창의예술관","417","366","6.1","8","11","","https://map.kakao.com/link/by/walk/K3+%EA%B5%90%EC%88%98%EC%97%B0%EA%B5%AC%EB%8F%99,36.9506791828455,127.908568994305/U6+%EC%B0%BD%EC%9D%98%EC%98%88%EC%88%A0%EA%B4%80,36.9482779802897,127.907610921403"
"K3","교수연구동","U7","중원도서관","283","250","4.2","8","23","","https://map.kakao.com/link/by/walk/K3+%EA%B5%90%EC%88%98%EC%97%B0%EA%B5%AC%EB%8F%99,36.9506791828455,127.908568994305/U7+%EC%A4%91%EC%9B%90%EB%8F%84%EC%84%9C%EA%B4%80,36.948881714009254,127.90845614834129"
"K3","교수연구동","U8","복합실습동","500","440","7.3","8","11","","https://map.kakao.com/link/by/walk/K3+%EA%B5%90%EC%88%98%EC%97%B0%EA%B5%AC%EB%8F%99,36.9506791828455,127.908568994305/U8+%EB%B3%B5%ED%95%A9%EC%8B%A4%EC%8A%B5%EB%8F%99,36.9475303665141,127.907458353921"
"K3","교수연구동","U10","상허연구동","458","397","6.6","8","13","","https://map.kakao.com/link/by/walk/K3+%EA%B5%90%EC%88%98%EC%97%B0%EA%B5%AC%EB%8F%99,36.9506791828455,127.908568994305/U10+%EC%83%81%ED%97%88%EC%97%B0%EA%B5%AC%EB%8F%99,36.947886052589695,127.90854929152806"
"K3","교수연구동","U11","글로컬이음관","387","335","5.6","8","18","","https://map.kakao.com/link/by/walk/K3+%EA%B5%90%EC%88%98%EC%97%B0%EA%B5%AC%EB%8F%99,36.9506791828455,127.908568994305/U11+%EA%B8%80%EB%A1%9C%EC%BB%AC%EC%9D%B4%EC%9D%8C%EA%B4%80,36.9483664278494,127.909358814133"
"K3","교수연구동","U12","창업보육센터","445","380","6.3","8","32","","https://map.kakao.com/link/by/walk/K3+%EA%B5%90%EC%88%98%EC%97%B0%EA%B5%AC%EB%8F%99,36.9506791828455,127.908568994305/U12+%EC%B0%BD%EC%97%85%EB%B3%B4%EC%9C%A1%EC%84%BC%ED%84%B0,36.9481064358336,127.91012810401521"
"K3","교수연구동","U13","건국골프연습장","606","516","8.6","8","10","","https://map.kakao.com/link/by/walk/K3+%EA%B5%90%EC%88%98%EC%97%B0%EA%B5%AC%EB%8F%99,36.9506791828455,127.908568994305/U13+%EA%B1%B4%EA%B5%AD%EA%B3%A8%ED%94%84%EC%97%B0%EC%8A%B5%EC%9E%A5,36.9471716091744,127.909596081006"
"K3","교수연구동","U14","건국터미널","484","421","7","8","10","","https://map.kakao.com/link/by/walk/K3+%EA%B5%90%EC%88%98%EC%97%B0%EA%B5%AC%EB%8F%99,36.9506791828455,127.908568994305/U14+%EA%B1%B4%EA%B5%AD%ED%84%B0%EB%AF%B8%EB%84%90,36.9513587387715,127.90453536758"
"K3","교수연구동","U15","건국어린이집","528","457","7.6","8","19","","https://map.kakao.com/link/by/walk/K3+%EA%B5%90%EC%88%98%EC%97%B0%EA%B5%AC%EB%8F%99,36.9506791828455,127.908568994305/U15+%EA%B1%B4%EA%B5%AD%EC%96%B4%EB%A6%B0%EC%9D%B4%EC%A7%91,36.950716336504385,127.90464677553264"
"K4","모시래학사(대표지점)","K1","학생회관","256","245","4.1","17","22","","https://map.kakao.com/link/by/walk/K4+%EB%AA%A8%EC%8B%9C%EB%9E%98%ED%95%99%EC%82%AC%28%EB%8C%80%ED%91%9C%EC%A7%80%EC%A0%90%29,36.9513477512316,127.909277496553/K1+%ED%95%99%EC%83%9D%ED%9A%8C%EA%B4%80,36.9513965682655,127.907135975813"
"K4","모시래학사(대표지점)","K2","의학관","237","242","4","17","23","","https://map.kakao.com/link/by/walk/K4+%EB%AA%A8%EC%8B%9C%EB%9E%98%ED%95%99%EC%82%AC%28%EB%8C%80%ED%91%9C%EC%A7%80%EC%A0%90%29,36.9513477512316,127.909277496553/K2+%EC%9D%98%ED%95%99%EA%B4%80,36.9505882991222,127.907728148197"
"K4","모시래학사(대표지점)","K3","교수연구동","283","286","4.8","17","8","","https://map.kakao.com/link/by/walk/K4+%EB%AA%A8%EC%8B%9C%EB%9E%98%ED%95%99%EC%82%AC%28%EB%8C%80%ED%91%9C%EC%A7%80%EC%A0%90%29,36.9513477512316,127.909277496553/K3+%EA%B5%90%EC%88%98%EC%97%B0%EA%B5%AC%EB%8F%99,36.9506791828455,127.908568994305"
"K4","모시래학사(대표지점)","K5","모시래학사(여동본관)","262","253","4.2","17","13","","https://map.kakao.com/link/by/walk/K4+%EB%AA%A8%EC%8B%9C%EB%9E%98%ED%95%99%EC%82%AC%28%EB%8C%80%ED%91%9C%EC%A7%80%EC%A0%90%29,36.9513477512316,127.909277496553/K5+%EB%AA%A8%EC%8B%9C%EB%9E%98%ED%95%99%EC%82%AC%28%EC%97%AC%EB%8F%99%EB%B3%B8%EA%B4%80%29,36.9509112242749,127.909802215742"
"K4","모시래학사(대표지점)","K6","인문사회관","381","373","6.2","17","7","","https://map.kakao.com/link/by/walk/K4+%EB%AA%A8%EC%8B%9C%EB%9E%98%ED%95%99%EC%82%AC%28%EB%8C%80%ED%91%9C%EC%A7%80%EC%A0%90%29,36.9513477512316,127.909277496553/K6+%EC%9D%B8%EB%AC%B8%EC%82%AC%ED%9A%8C%EA%B4%80,36.949703757427,127.90886726529"
"K4","모시래학사(대표지점)","K7","건국체육관","474","448","7.5","17","33","","https://map.kakao.com/link/by/walk/K4+%EB%AA%A8%EC%8B%9C%EB%9E%98%ED%95%99%EC%82%AC%28%EB%8C%80%ED%91%9C%EC%A7%80%EC%A0%90%29,36.9513477512316,127.909277496553/K7+%EA%B1%B4%EA%B5%AD%EC%B2%B4%EC%9C%A1%EA%B4%80,36.9494687336754,127.909906306991"
"K4","모시래학사(대표지점)","K8","자산관리동","342","337","5.6","17","30","","https://map.kakao.com/link/by/walk/K4+%EB%AA%A8%EC%8B%9C%EB%9E%98%ED%95%99%EC%82%AC%28%EB%8C%80%ED%91%9C%EC%A7%80%EC%A0%90%29,36.9513477512316,127.909277496553/K8+%EC%9E%90%EC%82%B0%EA%B4%80%EB%A6%AC%EB%8F%99,36.950034281342724,127.91030035688091"
"K4","모시래학사(대표지점)","K9","학군단","434","415","6.9","17","10","","https://map.kakao.com/link/by/walk/K4+%EB%AA%A8%EC%8B%9C%EB%9E%98%ED%95%99%EC%82%AC%28%EB%8C%80%ED%91%9C%EC%A7%80%EC%A0%90%29,36.9513477512316,127.909277496553/K9+%ED%95%99%EA%B5%B0%EB%8B%A8,36.9497513666203,127.910650631214"
"K4","모시래학사(대표지점)","K10","해오름학사","829","775","12.9","17","16","","https://map.kakao.com/link/by/walk/K4+%EB%AA%A8%EC%8B%9C%EB%9E%98%ED%95%99%EC%82%AC%28%EB%8C%80%ED%91%9C%EC%A7%80%EC%A0%90%29,36.9513477512316,127.909277496553/K10+%ED%95%B4%EC%98%A4%EB%A6%84%ED%95%99%EC%82%AC,36.9488227745106,127.912359486364"
"K4","모시래학사(대표지점)","U1","행정관","408","380","6.3","17","12","","https://map.kakao.com/link/by/walk/K4+%EB%AA%A8%EC%8B%9C%EB%9E%98%ED%95%99%EC%82%AC%28%EB%8C%80%ED%91%9C%EC%A7%80%EC%A0%90%29,36.9513477512316,127.909277496553/U1+%ED%96%89%EC%A0%95%EA%B4%80,36.9497994772544,127.906718487499"
"K4","모시래학사(대표지점)","U2","생명과학관","524","485","8.1","17","16","","https://map.kakao.com/link/by/walk/K4+%EB%AA%A8%EC%8B%9C%EB%9E%98%ED%95%99%EC%82%AC%28%EB%8C%80%ED%91%9C%EC%A7%80%EC%A0%90%29,36.9513477512316,127.909277496553/U2+%EC%83%9D%EB%AA%85%EA%B3%BC%ED%95%99%EA%B4%80,36.949166029296364,127.90589255857277"
"K4","모시래학사(대표지점)","U4","자연과학관","467","445","7.4","17","19","","https://map.kakao.com/link/by/walk/K4+%EB%AA%A8%EC%8B%9C%EB%9E%98%ED%95%99%EC%82%AC%28%EB%8C%80%ED%91%9C%EC%A7%80%EC%A0%90%29,36.9513477512316,127.909277496553/U4+%EC%9E%90%EC%97%B0%EA%B3%BC%ED%95%99%EA%B4%80,36.9489430964899,127.90700359588"
"K4","모시래학사(대표지점)","U5","국제교육관","750","706","11.8","17","14","","https://map.kakao.com/link/by/walk/K4+%EB%AA%A8%EC%8B%9C%EB%9E%98%ED%95%99%EC%82%AC%28%EB%8C%80%ED%91%9C%EC%A7%80%EC%A0%90%29,36.9513477512316,127.909277496553/U5+%EA%B5%AD%EC%A0%9C%EA%B5%90%EC%9C%A1%EA%B4%80,36.9481807825323,127.906770027989"
"K4","모시래학사(대표지점)","U6","창의예술관","600","568","9.5","17","11","","https://map.kakao.com/link/by/walk/K4+%EB%AA%A8%EC%8B%9C%EB%9E%98%ED%95%99%EC%82%AC%28%EB%8C%80%ED%91%9C%EC%A7%80%EC%A0%90%29,36.9513477512316,127.909277496553/U6+%EC%B0%BD%EC%9D%98%EC%98%88%EC%88%A0%EA%B4%80,36.9482779802897,127.907610921403"
"K4","모시래학사(대표지점)","U7","중원도서관","487","465","7.8","17","23","","https://map.kakao.com/link/by/walk/K4+%EB%AA%A8%EC%8B%9C%EB%9E%98%ED%95%99%EC%82%AC%28%EB%8C%80%ED%91%9C%EC%A7%80%EC%A0%90%29,36.9513477512316,127.909277496553/U7+%EC%A4%91%EC%9B%90%EB%8F%84%EC%84%9C%EA%B4%80,36.948881714009254,127.90845614834129"
"K4","모시래학사(대표지점)","U8","복합실습동","684","642","10.7","17","11","","https://map.kakao.com/link/by/walk/K4+%EB%AA%A8%EC%8B%9C%EB%9E%98%ED%95%99%EC%82%AC%28%EB%8C%80%ED%91%9C%EC%A7%80%EC%A0%90%29,36.9513477512316,127.909277496553/U8+%EB%B3%B5%ED%95%A9%EC%8B%A4%EC%8A%B5%EB%8F%99,36.9475303665141,127.907458353921"
"K4","모시래학사(대표지점)","U10","상허연구동","648","599","10","17","13","","https://map.kakao.com/link/by/walk/K4+%EB%AA%A8%EC%8B%9C%EB%9E%98%ED%95%99%EC%82%AC%28%EB%8C%80%ED%91%9C%EC%A7%80%EC%A0%90%29,36.9513477512316,127.909277496553/U10+%EC%83%81%ED%97%88%EC%97%B0%EA%B5%AC%EB%8F%99,36.947886052589695,127.90854929152806"
"K4","모시래학사(대표지점)","U11","글로컬이음관","577","537","9","17","18","","https://map.kakao.com/link/by/walk/K4+%EB%AA%A8%EC%8B%9C%EB%9E%98%ED%95%99%EC%82%AC%28%EB%8C%80%ED%91%9C%EC%A7%80%EC%A0%90%29,36.9513477512316,127.909277496553/U11+%EA%B8%80%EB%A1%9C%EC%BB%AC%EC%9D%B4%EC%9D%8C%EA%B4%80,36.9483664278494,127.909358814133"
"K4","모시래학사(대표지점)","U12","창업보육센터","635","582","9.7","17","32","","https://map.kakao.com/link/by/walk/K4+%EB%AA%A8%EC%8B%9C%EB%9E%98%ED%95%99%EC%82%AC%28%EB%8C%80%ED%91%9C%EC%A7%80%EC%A0%90%29,36.9513477512316,127.909277496553/U12+%EC%B0%BD%EC%97%85%EB%B3%B4%EC%9C%A1%EC%84%BC%ED%84%B0,36.9481064358336,127.91012810401521"
"K4","모시래학사(대표지점)","U13","건국골프연습장","796","717","12","17","10","","https://map.kakao.com/link/by/walk/K4+%EB%AA%A8%EC%8B%9C%EB%9E%98%ED%95%99%EC%82%AC%28%EB%8C%80%ED%91%9C%EC%A7%80%EC%A0%90%29,36.9513477512316,127.909277496553/U13+%EA%B1%B4%EA%B5%AD%EA%B3%A8%ED%94%84%EC%97%B0%EC%8A%B5%EC%9E%A5,36.9471716091744,127.909596081006"
"K4","모시래학사(대표지점)","U14","건국터미널","498","458","7.6","17","10","","https://map.kakao.com/link/by/walk/K4+%EB%AA%A8%EC%8B%9C%EB%9E%98%ED%95%99%EC%82%AC%28%EB%8C%80%ED%91%9C%EC%A7%80%EC%A0%90%29,36.9513477512316,127.909277496553/U14+%EA%B1%B4%EA%B5%AD%ED%84%B0%EB%AF%B8%EB%84%90,36.9513587387715,127.90453536758"
"K4","모시래학사(대표지점)","U15","건국어린이집","548","508","8.5","17","19","","https://map.kakao.com/link/by/walk/K4+%EB%AA%A8%EC%8B%9C%EB%9E%98%ED%95%99%EC%82%AC%28%EB%8C%80%ED%91%9C%EC%A7%80%EC%A0%90%29,36.9513477512316,127.909277496553/U15+%EA%B1%B4%EA%B5%AD%EC%96%B4%EB%A6%B0%EC%9D%B4%EC%A7%91,36.950716336504385,127.90464677553264"
"K5","모시래학사(여동본관)","K1","학생회관","321","292","4.9","13","22","","https://map.kakao.com/link/by/walk/K5+%EB%AA%A8%EC%8B%9C%EB%9E%98%ED%95%99%EC%82%AC%28%EC%97%AC%EB%8F%99%EB%B3%B8%EA%B4%80%29,36.9509112242749,127.909802215742/K1+%ED%95%99%EC%83%9D%ED%9A%8C%EA%B4%80,36.9513965682655,127.907135975813"
"K5","모시래학사(여동본관)","K2","의학관","267","253","4.2","13","23","","https://map.kakao.com/link/by/walk/K5+%EB%AA%A8%EC%8B%9C%EB%9E%98%ED%95%99%EC%82%AC%28%EC%97%AC%EB%8F%99%EB%B3%B8%EA%B4%80%29,36.9509112242749,127.909802215742/K2+%EC%9D%98%ED%95%99%EA%B4%80,36.9505882991222,127.907728148197"
"K5","모시래학사(여동본관)","K3","교수연구동","246","236","3.9","13","8","","https://map.kakao.com/link/by/walk/K5+%EB%AA%A8%EC%8B%9C%EB%9E%98%ED%95%99%EC%82%AC%28%EC%97%AC%EB%8F%99%EB%B3%B8%EA%B4%80%29,36.9509112242749,127.909802215742/K3+%EA%B5%90%EC%88%98%EC%97%B0%EA%B5%AC%EB%8F%99,36.9506791828455,127.908568994305"
"K5","모시래학사(여동본관)","K4","모시래학사(대표지점)","262","232","3.9","13","17","","https://map.kakao.com/link/by/walk/K5+%EB%AA%A8%EC%8B%9C%EB%9E%98%ED%95%99%EC%82%AC%28%EC%97%AC%EB%8F%99%EB%B3%B8%EA%B4%80%29,36.9509112242749,127.909802215742/K4+%EB%AA%A8%EC%8B%9C%EB%9E%98%ED%95%99%EC%82%AC%28%EB%8C%80%ED%91%9C%EC%A7%80%EC%A0%90%29,36.9513477512316,127.909277496553"
"K5","모시래학사(여동본관)","K6","인문사회관","206","200","3.3","13","7","","https://map.kakao.com/link/by/walk/K5+%EB%AA%A8%EC%8B%9C%EB%9E%98%ED%95%99%EC%82%AC%28%EC%97%AC%EB%8F%99%EB%B3%B8%EA%B4%80%29,36.9509112242749,127.909802215742/K6+%EC%9D%B8%EB%AC%B8%EC%82%AC%ED%9A%8C%EA%B4%80,36.949703757427,127.90886726529"
"K5","모시래학사(여동본관)","K7","건국체육관","263","241","4","13","33","","https://map.kakao.com/link/by/walk/K5+%EB%AA%A8%EC%8B%9C%EB%9E%98%ED%95%99%EC%82%AC%28%EC%97%AC%EB%8F%99%EB%B3%B8%EA%B4%80%29,36.9509112242749,127.909802215742/K7+%EA%B1%B4%EA%B5%AD%EC%B2%B4%EC%9C%A1%EA%B4%80,36.9494687336754,127.909906306991"
"K5","모시래학사(여동본관)","K8","자산관리동","131","129","2.2","13","30","","https://map.kakao.com/link/by/walk/K5+%EB%AA%A8%EC%8B%9C%EB%9E%98%ED%95%99%EC%82%AC%28%EC%97%AC%EB%8F%99%EB%B3%B8%EA%B4%80%29,36.9509112242749,127.909802215742/K8+%EC%9E%90%EC%82%B0%EA%B4%80%EB%A6%AC%EB%8F%99,36.950034281342724,127.91030035688091"
"K5","모시래학사(여동본관)","K9","학군단","222","208","3.5","13","10","","https://map.kakao.com/link/by/walk/K5+%EB%AA%A8%EC%8B%9C%EB%9E%98%ED%95%99%EC%82%AC%28%EC%97%AC%EB%8F%99%EB%B3%B8%EA%B4%80%29,36.9509112242749,127.909802215742/K9+%ED%95%99%EA%B5%B0%EB%8B%A8,36.9497513666203,127.910650631214"
"K5","모시래학사(여동본관)","K10","해오름학사","618","568","9.5","13","16","","https://map.kakao.com/link/by/walk/K5+%EB%AA%A8%EC%8B%9C%EB%9E%98%ED%95%99%EC%82%AC%28%EC%97%AC%EB%8F%99%EB%B3%B8%EA%B4%80%29,36.9509112242749,127.909802215742/K10+%ED%95%B4%EC%98%A4%EB%A6%84%ED%95%99%EC%82%AC,36.9488227745106,127.912359486364"
"K5","모시래학사(여동본관)","U1","행정관","450","406","6.8","13","12","","https://map.kakao.com/link/by/walk/K5+%EB%AA%A8%EC%8B%9C%EB%9E%98%ED%95%99%EC%82%AC%28%EC%97%AC%EB%8F%99%EB%B3%B8%EA%B4%80%29,36.9509112242749,127.909802215742/U1+%ED%96%89%EC%A0%95%EA%B4%80,36.9497994772544,127.906718487499"
"K5","모시래학사(여동본관)","U2","생명과학관","546","485","8.1","13","16","","https://map.kakao.com/link/by/walk/K5+%EB%AA%A8%EC%8B%9C%EB%9E%98%ED%95%99%EC%82%AC%28%EC%97%AC%EB%8F%99%EB%B3%B8%EA%B4%80%29,36.9509112242749,127.909802215742/U2+%EC%83%9D%EB%AA%85%EA%B3%BC%ED%95%99%EA%B4%80,36.949166029296364,127.90589255857277"
"K5","모시래학사(여동본관)","U4","자연과학관","404","368","6.1","13","19","","https://map.kakao.com/link/by/walk/K5+%EB%AA%A8%EC%8B%9C%EB%9E%98%ED%95%99%EC%82%AC%28%EC%97%AC%EB%8F%99%EB%B3%B8%EA%B4%80%29,36.9509112242749,127.909802215742/U4+%EC%9E%90%EC%97%B0%EA%B3%BC%ED%95%99%EA%B4%80,36.9489430964899,127.90700359588"
"K5","모시래학사(여동본관)","U5","국제교육관","597","547","9.1","13","14","","https://map.kakao.com/link/by/walk/K5+%EB%AA%A8%EC%8B%9C%EB%9E%98%ED%95%99%EC%82%AC%28%EC%97%AC%EB%8F%99%EB%B3%B8%EA%B4%80%29,36.9509112242749,127.909802215742/U5+%EA%B5%AD%EC%A0%9C%EA%B5%90%EC%9C%A1%EA%B4%80,36.9481807825323,127.906770027989"
"K5","모시래학사(여동본관)","U6","창의예술관","448","410","6.8","13","11","","https://map.kakao.com/link/by/walk/K5+%EB%AA%A8%EC%8B%9C%EB%9E%98%ED%95%99%EC%82%AC%28%EC%97%AC%EB%8F%99%EB%B3%B8%EA%B4%80%29,36.9509112242749,127.909802215742/U6+%EC%B0%BD%EC%9D%98%EC%98%88%EC%88%A0%EA%B4%80,36.9482779802897,127.907610921403"
"K5","모시래학사(여동본관)","U7","중원도서관","314","294","4.9","13","23","","https://map.kakao.com/link/by/walk/K5+%EB%AA%A8%EC%8B%9C%EB%9E%98%ED%95%99%EC%82%AC%28%EC%97%AC%EB%8F%99%EB%B3%B8%EA%B4%80%29,36.9509112242749,127.909802215742/U7+%EC%A4%91%EC%9B%90%EB%8F%84%EC%84%9C%EA%B4%80,36.948881714009254,127.90845614834129"
"K5","모시래학사(여동본관)","U8","복합실습동","531","483","8.1","13","11","","https://map.kakao.com/link/by/walk/K5+%EB%AA%A8%EC%8B%9C%EB%9E%98%ED%95%99%EC%82%AC%28%EC%97%AC%EB%8F%99%EB%B3%B8%EA%B4%80%29,36.9509112242749,127.909802215742/U8+%EB%B3%B5%ED%95%A9%EC%8B%A4%EC%8A%B5%EB%8F%99,36.9475303665141,127.907458353921"
"K5","모시래학사(여동본관)","U10","상허연구동","448","404","6.7","13","13","","https://map.kakao.com/link/by/walk/K5+%EB%AA%A8%EC%8B%9C%EB%9E%98%ED%95%99%EC%82%AC%28%EC%97%AC%EB%8F%99%EB%B3%B8%EA%B4%80%29,36.9509112242749,127.909802215742/U10+%EC%83%81%ED%97%88%EC%97%B0%EA%B5%AC%EB%8F%99,36.947886052589695,127.90854929152806"
"K5","모시래학사(여동본관)","U11","글로컬이음관","377","341","5.7","13","18","","https://map.kakao.com/link/by/walk/K5+%EB%AA%A8%EC%8B%9C%EB%9E%98%ED%95%99%EC%82%AC%28%EC%97%AC%EB%8F%99%EB%B3%B8%EA%B4%80%29,36.9509112242749,127.909802215742/U11+%EA%B8%80%EB%A1%9C%EC%BB%AC%EC%9D%B4%EC%9D%8C%EA%B4%80,36.9483664278494,127.909358814133"
"K5","모시래학사(여동본관)","U12","창업보육센터","435","386","6.4","13","32","","https://map.kakao.com/link/by/walk/K5+%EB%AA%A8%EC%8B%9C%EB%9E%98%ED%95%99%EC%82%AC%28%EC%97%AC%EB%8F%99%EB%B3%B8%EA%B4%80%29,36.9509112242749,127.909802215742/U12+%EC%B0%BD%EC%97%85%EB%B3%B4%EC%9C%A1%EC%84%BC%ED%84%B0,36.9481064358336,127.91012810401521"
"K5","모시래학사(여동본관)","U13","건국골프연습장","596","522","8.7","13","10","","https://map.kakao.com/link/by/walk/K5+%EB%AA%A8%EC%8B%9C%EB%9E%98%ED%95%99%EC%82%AC%28%EC%97%AC%EB%8F%99%EB%B3%B8%EA%B4%80%29,36.9509112242749,127.909802215742/U13+%EA%B1%B4%EA%B5%AD%EA%B3%A8%ED%94%84%EC%97%B0%EC%8A%B5%EC%9E%A5,36.9471716091744,127.909596081006"
"K5","모시래학사(여동본관)","U14","건국터미널","564","504","8.4","13","10","","https://map.kakao.com/link/by/walk/K5+%EB%AA%A8%EC%8B%9C%EB%9E%98%ED%95%99%EC%82%AC%28%EC%97%AC%EB%8F%99%EB%B3%B8%EA%B4%80%29,36.9509112242749,127.909802215742/U14+%EA%B1%B4%EA%B5%AD%ED%84%B0%EB%AF%B8%EB%84%90,36.9513587387715,127.90453536758"
"K5","모시래학사(여동본관)","U15","건국어린이집","614","554","9.2","13","19","","https://map.kakao.com/link/by/walk/K5+%EB%AA%A8%EC%8B%9C%EB%9E%98%ED%95%99%EC%82%AC%28%EC%97%AC%EB%8F%99%EB%B3%B8%EA%B4%80%29,36.9509112242749,127.909802215742/U15+%EA%B1%B4%EA%B5%AD%EC%96%B4%EB%A6%B0%EC%9D%B4%EC%A7%91,36.950716336504385,127.90464677553264"
"K6","인문사회관","K1","학생회관","372","356","5.9","7","22","","https://map.kakao.com/link/by/walk/K6+%EC%9D%B8%EB%AC%B8%EC%82%AC%ED%9A%8C%EA%B4%80,36.949703757427,127.90886726529/K1+%ED%95%99%EC%83%9D%ED%9A%8C%EA%B4%80,36.9513965682655,127.907135975813"
"K6","인문사회관","K2","의학관","198","176","2.9","7","23","","https://map.kakao.com/link/by/walk/K6+%EC%9D%B8%EB%AC%B8%EC%82%AC%ED%9A%8C%EA%B4%80,36.949703757427,127.90886726529/K2+%EC%9D%98%ED%95%99%EA%B4%80,36.9505882991222,127.907728148197"
"K6","인문사회관","K3","교수연구동","178","159","2.7","7","8","","https://map.kakao.com/link/by/walk/K6+%EC%9D%B8%EB%AC%B8%EC%82%AC%ED%9A%8C%EA%B4%80,36.949703757427,127.90886726529/K3+%EA%B5%90%EC%88%98%EC%97%B0%EA%B5%AC%EB%8F%99,36.9506791828455,127.908568994305"
"K6","인문사회관","K4","모시래학사(대표지점)","381","318","5.3","7","17","","https://map.kakao.com/link/by/walk/K6+%EC%9D%B8%EB%AC%B8%EC%82%AC%ED%9A%8C%EA%B4%80,36.949703757427,127.90886726529/K4+%EB%AA%A8%EC%8B%9C%EB%9E%98%ED%95%99%EC%82%AC%28%EB%8C%80%ED%91%9C%EC%A7%80%EC%A0%90%29,36.9513477512316,127.909277496553"
"K6","인문사회관","K5","모시래학사(여동본관)","206","175","2.9","7","13","","https://map.kakao.com/link/by/walk/K6+%EC%9D%B8%EB%AC%B8%EC%82%AC%ED%9A%8C%EA%B4%80,36.949703757427,127.90886726529/K5+%EB%AA%A8%EC%8B%9C%EB%9E%98%ED%95%99%EC%82%AC%28%EC%97%AC%EB%8F%99%EB%B3%B8%EA%B4%80%29,36.9509112242749,127.909802215742"
"K6","인문사회관","K7","건국체육관","289","250","4.2","7","33","","https://map.kakao.com/link/by/walk/K6+%EC%9D%B8%EB%AC%B8%EC%82%AC%ED%9A%8C%EA%B4%80,36.949703757427,127.90886726529/K7+%EA%B1%B4%EA%B5%AD%EC%B2%B4%EC%9C%A1%EA%B4%80,36.9494687336754,127.909906306991"
"K6","인문사회관","K8","자산관리동","312","282","4.7","7","30","","https://map.kakao.com/link/by/walk/K6+%EC%9D%B8%EB%AC%B8%EC%82%AC%ED%9A%8C%EA%B4%80,36.949703757427,127.90886726529/K8+%EC%9E%90%EC%82%B0%EA%B4%80%EB%A6%AC%EB%8F%99,36.950034281342724,127.91030035688091"
"K6","인문사회관","K9","학군단","344","302","5","7","10","","https://map.kakao.com/link/by/walk/K6+%EC%9D%B8%EB%AC%B8%EC%82%AC%ED%9A%8C%EA%B4%80,36.949703757427,127.90886726529/K9+%ED%95%99%EA%B5%B0%EB%8B%A8,36.9497513666203,127.910650631214"
"K6","인문사회관","K10","해오름학사","515","461","7.7","7","16","","https://map.kakao.com/link/by/walk/K6+%EC%9D%B8%EB%AC%B8%EC%82%AC%ED%9A%8C%EA%B4%80,36.949703757427,127.90886726529/K10+%ED%95%B4%EC%98%A4%EB%A6%84%ED%95%99%EC%82%AC,36.9488227745106,127.912359486364"
"K6","인문사회관","U1","행정관","299","256","4.3","7","12","","https://map.kakao.com/link/by/walk/K6+%EC%9D%B8%EB%AC%B8%EC%82%AC%ED%9A%8C%EA%B4%80,36.949703757427,127.90886726529/U1+%ED%96%89%EC%A0%95%EA%B4%80,36.9497994772544,127.906718487499"
"K6","인문사회관","U2","생명과학관","389","328","5.5","7","16","","https://map.kakao.com/link/by/walk/K6+%EC%9D%B8%EB%AC%B8%EC%82%AC%ED%9A%8C%EA%B4%80,36.949703757427,127.90886726529/U2+%EC%83%9D%EB%AA%85%EA%B3%BC%ED%95%99%EA%B4%80,36.949166029296364,127.90589255857277"
"K6","인문사회관","U4","자연과학관","247","212","3.5","7","19","","https://map.kakao.com/link/by/walk/K6+%EC%9D%B8%EB%AC%B8%EC%82%AC%ED%9A%8C%EA%B4%80,36.949703757427,127.90886726529/U4+%EC%9E%90%EC%97%B0%EA%B3%BC%ED%95%99%EA%B4%80,36.9489430964899,127.90700359588"
"K6","인문사회관","U5","국제교육관","437","388","6.5","7","14","","https://map.kakao.com/link/by/walk/K6+%EC%9D%B8%EB%AC%B8%EC%82%AC%ED%9A%8C%EA%B4%80,36.949703757427,127.90886726529/U5+%EA%B5%AD%EC%A0%9C%EA%B5%90%EC%9C%A1%EA%B4%80,36.9481807825323,127.906770027989"
"K6","인문사회관","U6","창의예술관","287","250","4.2","7","11","","https://map.kakao.com/link/by/walk/K6+%EC%9D%B8%EB%AC%B8%EC%82%AC%ED%9A%8C%EA%B4%80,36.949703757427,127.90886726529/U6+%EC%B0%BD%EC%9D%98%EC%98%88%EC%88%A0%EA%B4%80,36.9482779802897,127.907610921403"
"K6","인문사회관","U7","중원도서관","131","115","1.9","7","23","","https://map.kakao.com/link/by/walk/K6+%EC%9D%B8%EB%AC%B8%EC%82%AC%ED%9A%8C%EA%B4%80,36.949703757427,127.90886726529/U7+%EC%A4%91%EC%9B%90%EB%8F%84%EC%84%9C%EA%B4%80,36.948881714009254,127.90845614834129"
"K6","인문사회관","U8","복합실습동","370","324","5.4","7","11","","https://map.kakao.com/link/by/walk/K6+%EC%9D%B8%EB%AC%B8%EC%82%AC%ED%9A%8C%EA%B4%80,36.949703757427,127.90886726529/U8+%EB%B3%B5%ED%95%A9%EC%8B%A4%EC%8A%B5%EB%8F%99,36.9475303665141,127.907458353921"
"K6","인문사회관","U10","상허연구동","307","261","4.4","7","13","","https://map.kakao.com/link/by/walk/K6+%EC%9D%B8%EB%AC%B8%EC%82%AC%ED%9A%8C%EA%B4%80,36.949703757427,127.90886726529/U10+%EC%83%81%ED%97%88%EC%97%B0%EA%B5%AC%EB%8F%99,36.947886052589695,127.90854929152806"
"K6","인문사회관","U11","글로컬이음관","236","199","3.3","7","18","","https://map.kakao.com/link/by/walk/K6+%EC%9D%B8%EB%AC%B8%EC%82%AC%ED%9A%8C%EA%B4%80,36.949703757427,127.90886726529/U11+%EA%B8%80%EB%A1%9C%EC%BB%AC%EC%9D%B4%EC%9D%8C%EA%B4%80,36.9483664278494,127.909358814133"
"K6","인문사회관","U12","창업보육센터","293","244","4.1","7","32","","https://map.kakao.com/link/by/walk/K6+%EC%9D%B8%EB%AC%B8%EC%82%AC%ED%9A%8C%EA%B4%80,36.949703757427,127.90886726529/U12+%EC%B0%BD%EC%97%85%EB%B3%B4%EC%9C%A1%EC%84%BC%ED%84%B0,36.9481064358336,127.91012810401521"
"K6","인문사회관","U13","건국골프연습장","455","380","6.3","7","10","","https://map.kakao.com/link/by/walk/K6+%EC%9D%B8%EB%AC%B8%EC%82%AC%ED%9A%8C%EA%B4%80,36.949703757427,127.90886726529/U13+%EA%B1%B4%EA%B5%AD%EA%B3%A8%ED%94%84%EC%97%B0%EC%8A%B5%EC%9E%A5,36.9471716091744,127.909596081006"
"K6","인문사회관","U14","건국터미널","494","428","7.1","7","10","","https://map.kakao.com/link/by/walk/K6+%EC%9D%B8%EB%AC%B8%EC%82%AC%ED%9A%8C%EA%B4%80,36.949703757427,127.90886726529/U14+%EA%B1%B4%EA%B5%AD%ED%84%B0%EB%AF%B8%EB%84%90,36.9513587387715,127.90453536758"
"K6","인문사회관","U15","건국어린이집","538","463","7.7","7","19","","https://map.kakao.com/link/by/walk/K6+%EC%9D%B8%EB%AC%B8%EC%82%AC%ED%9A%8C%EA%B4%80,36.949703757427,127.90886726529/U15+%EA%B1%B4%EA%B5%AD%EC%96%B4%EB%A6%B0%EC%9D%B4%EC%A7%91,36.950716336504385,127.90464677553264"
"K7","건국체육관","K1","학생회관","559","500","8.3","33","22","","https://map.kakao.com/link/by/walk/K7+%EA%B1%B4%EA%B5%AD%EC%B2%B4%EC%9C%A1%EA%B4%80,36.9494687336754,127.909906306991/K1+%ED%95%99%EC%83%9D%ED%9A%8C%EA%B4%80,36.9513965682655,127.907135975813"
"K7","건국체육관","K2","의학관","414","379","6.3","33","23","","https://map.kakao.com/link/by/walk/K7+%EA%B1%B4%EA%B5%AD%EC%B2%B4%EC%9C%A1%EA%B4%80,36.9494687336754,127.909906306991/K2+%EC%9D%98%ED%95%99%EA%B4%80,36.9505882991222,127.907728148197"
"K7","건국체육관","K3","교수연구동","394","363","6.1","33","8","","https://map.kakao.com/link/by/walk/K7+%EA%B1%B4%EA%B5%AD%EC%B2%B4%EC%9C%A1%EA%B4%80,36.9494687336754,127.909906306991/K3+%EA%B5%90%EC%88%98%EC%97%B0%EA%B5%AC%EB%8F%99,36.9506791828455,127.908568994305"
"K7","건국체육관","K4","모시래학사(대표지점)","474","418","7","33","17","","https://map.kakao.com/link/by/walk/K7+%EA%B1%B4%EA%B5%AD%EC%B2%B4%EC%9C%A1%EA%B4%80,36.9494687336754,127.909906306991/K4+%EB%AA%A8%EC%8B%9C%EB%9E%98%ED%95%99%EC%82%AC%28%EB%8C%80%ED%91%9C%EC%A7%80%EC%A0%90%29,36.9513477512316,127.909277496553"
"K7","건국체육관","K5","모시래학사(여동본관)","263","232","3.9","33","13","","https://map.kakao.com/link/by/walk/K7+%EA%B1%B4%EA%B5%AD%EC%B2%B4%EC%9C%A1%EA%B4%80,36.9494687336754,127.909906306991/K5+%EB%AA%A8%EC%8B%9C%EB%9E%98%ED%95%99%EC%82%AC%28%EC%97%AC%EB%8F%99%EB%B3%B8%EA%B4%80%29,36.9509112242749,127.909802215742"
"K7","건국체육관","K6","인문사회관","289","269","4.5","33","7","","https://map.kakao.com/link/by/walk/K7+%EA%B1%B4%EA%B5%AD%EC%B2%B4%EC%9C%A1%EA%B4%80,36.9494687336754,127.909906306991/K6+%EC%9D%B8%EB%AC%B8%EC%82%AC%ED%9A%8C%EA%B4%80,36.949703757427,127.90886726529"
"K7","건국체육관","K8","자산관리동","193","179","3","33","30","","https://map.kakao.com/link/by/walk/K7+%EA%B1%B4%EA%B5%AD%EC%B2%B4%EC%9C%A1%EA%B4%80,36.9494687336754,127.909906306991/K8+%EC%9E%90%EC%82%B0%EA%B4%80%EB%A6%AC%EB%8F%99,36.950034281342724,127.91030035688091"
"K7","건국체육관","K9","학군단","120","111","1.9","33","10","","https://map.kakao.com/link/by/walk/K7+%EA%B1%B4%EA%B5%AD%EC%B2%B4%EC%9C%A1%EA%B4%80,36.9494687336754,127.909906306991/K9+%ED%95%99%EA%B5%B0%EB%8B%A8,36.9497513666203,127.910650631214"
"K7","건국체육관","K10","해오름학사","420","385","6.4","33","16","","https://map.kakao.com/link/by/walk/K7+%EA%B1%B4%EA%B5%AD%EC%B2%B4%EC%9C%A1%EA%B4%80,36.9494687336754,127.909906306991/K10+%ED%95%B4%EC%98%A4%EB%A6%84%ED%95%99%EC%82%AC,36.9488227745106,127.912359486364"
"K7","건국체육관","U1","행정관","494","436","7.3","33","12","","https://map.kakao.com/link/by/walk/K7+%EA%B1%B4%EA%B5%AD%EC%B2%B4%EC%9C%A1%EA%B4%80,36.9494687336754,127.909906306991/U1+%ED%96%89%EC%A0%95%EA%B4%80,36.9497994772544,127.906718487499"
"K7","건국체육관","U2","생명과학관","567","499","8.3","33","16","","https://map.kakao.com/link/by/walk/K7+%EA%B1%B4%EA%B5%AD%EC%B2%B4%EC%9C%A1%EA%B4%80,36.9494687336754,127.909906306991/U2+%EC%83%9D%EB%AA%85%EA%B3%BC%ED%95%99%EA%B4%80,36.949166029296364,127.90589255857277"
"K7","건국체육관","U4","자연과학관","422","379","6.3","33","19","","https://map.kakao.com/link/by/walk/K7+%EA%B1%B4%EA%B5%AD%EC%B2%B4%EC%9C%A1%EA%B4%80,36.9494687336754,127.909906306991/U4+%EC%9E%90%EC%97%B0%EA%B3%BC%ED%95%99%EA%B4%80,36.9489430964899,127.90700359588"
"K7","건국체육관","U5","국제교육관","536","487","8.1","33","14","","https://map.kakao.com/link/by/walk/K7+%EA%B1%B4%EA%B5%AD%EC%B2%B4%EC%9C%A1%EA%B4%80,36.9494687336754,127.909906306991/U5+%EA%B5%AD%EC%A0%9C%EA%B5%90%EC%9C%A1%EA%B4%80,36.9481807825323,127.906770027989"
"K7","건국체육관","U6","창의예술관","379","343","5.7","33","11","","https://map.kakao.com/link/by/walk/K7+%EA%B1%B4%EA%B5%AD%EC%B2%B4%EC%9C%A1%EA%B4%80,36.9494687336754,127.909906306991/U6+%EC%B0%BD%EC%9D%98%EC%98%88%EC%88%A0%EA%B4%80,36.9482779802897,127.907610921403"
"K7","건국체육관","U7","중원도서관","295","271","4.5","33","23","","https://map.kakao.com/link/by/walk/K7+%EA%B1%B4%EA%B5%AD%EC%B2%B4%EC%9C%A1%EA%B4%80,36.9494687336754,127.909906306991/U7+%EC%A4%91%EC%9B%90%EB%8F%84%EC%84%9C%EA%B4%80,36.948881714009254,127.90845614834129"
"K7","건국체육관","U8","복합실습동","454","409","6.8","33","11","","https://map.kakao.com/link/by/walk/K7+%EA%B1%B4%EA%B5%AD%EC%B2%B4%EC%9C%A1%EA%B4%80,36.9494687336754,127.909906306991/U8+%EB%B3%B5%ED%95%A9%EC%8B%A4%EC%8A%B5%EB%8F%99,36.9475303665141,127.907458353921"
"K7","건국체육관","U10","상허연구동","364","322","5.4","33","13","","https://map.kakao.com/link/by/walk/K7+%EA%B1%B4%EA%B5%AD%EC%B2%B4%EC%9C%A1%EA%B4%80,36.9494687336754,127.909906306991/U10+%EC%83%81%ED%97%88%EC%97%B0%EA%B5%AC%EB%8F%99,36.947886052589695,127.90854929152806"
"K7","건국체육관","U11","글로컬이음관","214","189","3.2","33","18","","https://map.kakao.com/link/by/walk/K7+%EA%B1%B4%EA%B5%AD%EC%B2%B4%EC%9C%A1%EA%B4%80,36.9494687336754,127.909906306991/U11+%EA%B8%80%EB%A1%9C%EC%BB%AC%EC%9D%B4%EC%9D%8C%EA%B4%80,36.9483664278494,127.909358814133"
"K7","건국체육관","U12","창업보육센터","241","206","3.4","33","32","","https://map.kakao.com/link/by/walk/K7+%EA%B1%B4%EA%B5%AD%EC%B2%B4%EC%9C%A1%EA%B4%80,36.9494687336754,127.909906306991/U12+%EC%B0%BD%EC%97%85%EB%B3%B4%EC%9C%A1%EC%84%BC%ED%84%B0,36.9481064358336,127.91012810401521"
"K7","건국체육관","U13","건국골프연습장","447","383","6.4","33","10","","https://map.kakao.com/link/by/walk/K7+%EA%B1%B4%EA%B5%AD%EC%B2%B4%EC%9C%A1%EA%B4%80,36.9494687336754,127.909906306991/U13+%EA%B1%B4%EA%B5%AD%EA%B3%A8%ED%94%84%EC%97%B0%EC%8A%B5%EC%9E%A5,36.9471716091744,127.909596081006"
"K7","건국체육관","U14","건국터미널","704","614","10.2","33","10","","https://map.kakao.com/link/by/walk/K7+%EA%B1%B4%EA%B5%AD%EC%B2%B4%EC%9C%A1%EA%B4%80,36.9494687336754,127.909906306991/U14+%EA%B1%B4%EA%B5%AD%ED%84%B0%EB%AF%B8%EB%84%90,36.9513587387715,127.90453536758"
"K7","건국체육관","U15","건국어린이집","748","649","10.8","33","19","","https://map.kakao.com/link/by/walk/K7+%EA%B1%B4%EA%B5%AD%EC%B2%B4%EC%9C%A1%EA%B4%80,36.9494687336754,127.909906306991/U15+%EA%B1%B4%EA%B5%AD%EC%96%B4%EB%A6%B0%EC%9D%B4%EC%A7%91,36.950716336504385,127.90464677553264"
"K8","자산관리동","K1","학생회관","427","375","6.3","30","22","","https://map.kakao.com/link/by/walk/K8+%EC%9E%90%EC%82%B0%EA%B4%80%EB%A6%AC%EB%8F%99,36.950034281342724,127.91030035688091/K1+%ED%95%99%EC%83%9D%ED%9A%8C%EA%B4%80,36.9513965682655,127.907135975813"
"K8","자산관리동","K2","의학관","373","337","5.6","30","23","","https://map.kakao.com/link/by/walk/K8+%EC%9E%90%EC%82%B0%EA%B4%80%EB%A6%AC%EB%8F%99,36.950034281342724,127.91030035688091/K2+%EC%9D%98%ED%95%99%EA%B4%80,36.9505882991222,127.907728148197"
"K8","자산관리동","K3","교수연구동","352","320","5.3","30","8","","https://map.kakao.com/link/by/walk/K8+%EC%9E%90%EC%82%B0%EA%B4%80%EB%A6%AC%EB%8F%99,36.950034281342724,127.91030035688091/K3+%EA%B5%90%EC%88%98%EC%97%B0%EA%B5%AC%EB%8F%99,36.9506791828455,127.908568994305"
"K8","자산관리동","K4","모시래학사(대표지점)","342","293","4.9","30","17","","https://map.kakao.com/link/by/walk/K8+%EC%9E%90%EC%82%B0%EA%B4%80%EB%A6%AC%EB%8F%99,36.950034281342724,127.91030035688091/K4+%EB%AA%A8%EC%8B%9C%EB%9E%98%ED%95%99%EC%82%AC%28%EB%8C%80%ED%91%9C%EC%A7%80%EC%A0%90%29,36.9513477512316,127.909277496553"
"K8","자산관리동","K5","모시래학사(여동본관)","131","107","1.8","30","13","","https://map.kakao.com/link/by/walk/K8+%EC%9E%90%EC%82%B0%EA%B4%80%EB%A6%AC%EB%8F%99,36.950034281342724,127.91030035688091/K5+%EB%AA%A8%EC%8B%9C%EB%9E%98%ED%95%99%EC%82%AC%28%EC%97%AC%EB%8F%99%EB%B3%B8%EA%B4%80%29,36.9509112242749,127.909802215742"
"K8","자산관리동","K6","인문사회관","312","284","4.7","30","7","","https://map.kakao.com/link/by/walk/K8+%EC%9E%90%EC%82%B0%EA%B4%80%EB%A6%AC%EB%8F%99,36.950034281342724,127.91030035688091/K6+%EC%9D%B8%EB%AC%B8%EC%82%AC%ED%9A%8C%EA%B4%80,36.949703757427,127.90886726529"
"K8","자산관리동","K7","건국체육관","193","166","2.8","30","33","","https://map.kakao.com/link/by/walk/K8+%EC%9E%90%EC%82%B0%EA%B4%80%EB%A6%AC%EB%8F%99,36.950034281342724,127.91030035688091/K7+%EA%B1%B4%EA%B5%AD%EC%B2%B4%EC%9C%A1%EA%B4%80,36.9494687336754,127.909906306991"
"K8","자산관리동","K9","학군단","152","132","2.2","30","10","","https://map.kakao.com/link/by/walk/K8+%EC%9E%90%EC%82%B0%EA%B4%80%EB%A6%AC%EB%8F%99,36.950034281342724,127.91030035688091/K9+%ED%95%99%EA%B5%B0%EB%8B%A8,36.9497513666203,127.910650631214"
"K8","자산관리동","K10","해오름학사","547","492","8.2","30","16","","https://map.kakao.com/link/by/walk/K8+%EC%9E%90%EC%82%B0%EA%B4%80%EB%A6%AC%EB%8F%99,36.950034281342724,127.91030035688091/K10+%ED%95%B4%EC%98%A4%EB%A6%84%ED%95%99%EC%82%AC,36.9488227745106,127.912359486364"
"K8","자산관리동","U1","행정관","555","490","8.2","30","12","","https://map.kakao.com/link/by/walk/K8+%EC%9E%90%EC%82%B0%EA%B4%80%EB%A6%AC%EB%8F%99,36.950034281342724,127.91030035688091/U1+%ED%96%89%EC%A0%95%EA%B4%80,36.9497994772544,127.906718487499"
"K8","자산관리동","U2","생명과학관","651","568","9.5","30","16","","https://map.kakao.com/link/by/walk/K8+%EC%9E%90%EC%82%B0%EA%B4%80%EB%A6%AC%EB%8F%99,36.950034281342724,127.91030035688091/U2+%EC%83%9D%EB%AA%85%EA%B3%BC%ED%95%99%EA%B4%80,36.949166029296364,127.90589255857277"
"K8","자산관리동","U4","자연과학관","509","452","7.5","30","19","","https://map.kakao.com/link/by/walk/K8+%EC%9E%90%EC%82%B0%EA%B4%80%EB%A6%AC%EB%8F%99,36.950034281342724,127.91030035688091/U4+%EC%9E%90%EC%97%B0%EA%B3%BC%ED%95%99%EA%B4%80,36.9489430964899,127.90700359588"
"K8","자산관리동","U5","국제교육관","664","595","9.9","30","14","","https://map.kakao.com/link/by/walk/K8+%EC%9E%90%EC%82%B0%EA%B4%80%EB%A6%AC%EB%8F%99,36.950034281342724,127.91030035688091/U5+%EA%B5%AD%EC%A0%9C%EA%B5%90%EC%9C%A1%EA%B4%80,36.9481807825323,127.906770027989"
"K8","자산관리동","U6","창의예술관","506","450","7.5","30","11","","https://map.kakao.com/link/by/walk/K8+%EC%9E%90%EC%82%B0%EA%B4%80%EB%A6%AC%EB%8F%99,36.950034281342724,127.91030035688091/U6+%EC%B0%BD%EC%9D%98%EC%98%88%EC%88%A0%EA%B4%80,36.9482779802897,127.907610921403"
"K8","자산관리동","U7","중원도서관","419","377","6.3","30","23","","https://map.kakao.com/link/by/walk/K8+%EC%9E%90%EC%82%B0%EA%B4%80%EB%A6%AC%EB%8F%99,36.950034281342724,127.91030035688091/U7+%EC%A4%91%EC%9B%90%EB%8F%84%EC%84%9C%EA%B4%80,36.948881714009254,127.90845614834129"
"K8","자산관리동","U8","복합실습동","581","516","8.6","30","11","","https://map.kakao.com/link/by/walk/K8+%EC%9E%90%EC%82%B0%EA%B4%80%EB%A6%AC%EB%8F%99,36.950034281342724,127.91030035688091/U8+%EB%B3%B5%ED%95%A9%EC%8B%A4%EC%8A%B5%EB%8F%99,36.9475303665141,127.907458353921"
"K8","자산관리동","U10","상허연구동","491","429","7.2","30","13","","https://map.kakao.com/link/by/walk/K8+%EC%9E%90%EC%82%B0%EA%B4%80%EB%A6%AC%EB%8F%99,36.950034281342724,127.91030035688091/U10+%EC%83%81%ED%97%88%EC%97%B0%EA%B5%AC%EB%8F%99,36.947886052589695,127.90854929152806"
"K8","자산관리동","U11","글로컬이음관","341","297","5","30","18","","https://map.kakao.com/link/by/walk/K8+%EC%9E%90%EC%82%B0%EA%B4%80%EB%A6%AC%EB%8F%99,36.950034281342724,127.91030035688091/U11+%EA%B8%80%EB%A1%9C%EC%BB%AC%EC%9D%B4%EC%9D%8C%EA%B4%80,36.9483664278494,127.909358814133"
"K8","자산관리동","U12","창업보육센터","368","313","5.2","30","32","","https://map.kakao.com/link/by/walk/K8+%EC%9E%90%EC%82%B0%EA%B4%80%EB%A6%AC%EB%8F%99,36.950034281342724,127.91030035688091/U12+%EC%B0%BD%EC%97%85%EB%B3%B4%EC%9C%A1%EC%84%BC%ED%84%B0,36.9481064358336,127.91012810401521"
"K8","자산관리동","U13","건국골프연습장","575","490","8.2","30","10","","https://map.kakao.com/link/by/walk/K8+%EC%9E%90%EC%82%B0%EA%B4%80%EB%A6%AC%EB%8F%99,36.950034281342724,127.91030035688091/U13+%EA%B1%B4%EA%B5%AD%EA%B3%A8%ED%94%84%EC%97%B0%EC%8A%B5%EC%9E%A5,36.9471716091744,127.909596081006"
"K8","자산관리동","U14","건국터미널","669","588","9.8","30","10","","https://map.kakao.com/link/by/walk/K8+%EC%9E%90%EC%82%B0%EA%B4%80%EB%A6%AC%EB%8F%99,36.950034281342724,127.91030035688091/U14+%EA%B1%B4%EA%B5%AD%ED%84%B0%EB%AF%B8%EB%84%90,36.9513587387715,127.90453536758"
"K8","자산관리동","U15","건국어린이집","719","638","10.6","30","19","","https://map.kakao.com/link/by/walk/K8+%EC%9E%90%EC%82%B0%EA%B4%80%EB%A6%AC%EB%8F%99,36.950034281342724,127.91030035688091/U15+%EA%B1%B4%EA%B5%AD%EC%96%B4%EB%A6%B0%EC%9D%B4%EC%A7%91,36.950716336504385,127.90464677553264"
"K9","학군단","K1","학생회관","518","461","7.7","10","22","","https://map.kakao.com/link/by/walk/K9+%ED%95%99%EA%B5%B0%EB%8B%A8,36.9497513666203,127.910650631214/K1+%ED%95%99%EC%83%9D%ED%9A%8C%EA%B4%80,36.9513965682655,127.907135975813"
"K9","학군단","K2","의학관","464","422","7","10","23","","https://map.kakao.com/link/by/walk/K9+%ED%95%99%EA%B5%B0%EB%8B%A8,36.9497513666203,127.910650631214/K2+%EC%9D%98%ED%95%99%EA%B4%80,36.9505882991222,127.907728148197"
"K9","학군단","K3","교수연구동","443","405","6.8","10","8","","https://map.kakao.com/link/by/walk/K9+%ED%95%99%EA%B5%B0%EB%8B%A8,36.9497513666203,127.910650631214/K3+%EA%B5%90%EC%88%98%EC%97%B0%EA%B5%AC%EB%8F%99,36.9506791828455,127.908568994305"
"K9","학군단","K4","모시래학사(대표지점)","434","378","6.3","10","17","","https://map.kakao.com/link/by/walk/K9+%ED%95%99%EA%B5%B0%EB%8B%A8,36.9497513666203,127.910650631214/K4+%EB%AA%A8%EC%8B%9C%EB%9E%98%ED%95%99%EC%82%AC%28%EB%8C%80%ED%91%9C%EC%A7%80%EC%A0%90%29,36.9513477512316,127.909277496553"
"K9","학군단","K5","모시래학사(여동본관)","222","192","3.2","10","13","","https://map.kakao.com/link/by/walk/K9+%ED%95%99%EA%B5%B0%EB%8B%A8,36.9497513666203,127.910650631214/K5+%EB%AA%A8%EC%8B%9C%EB%9E%98%ED%95%99%EC%82%AC%28%EC%97%AC%EB%8F%99%EB%B3%B8%EA%B4%80%29,36.9509112242749,127.909802215742"
"K9","학군단","K6","인문사회관","344","315","5.3","10","7","","https://map.kakao.com/link/by/walk/K9+%ED%95%99%EA%B5%B0%EB%8B%A8,36.9497513666203,127.910650631214/K6+%EC%9D%B8%EB%AC%B8%EC%82%AC%ED%9A%8C%EA%B4%80,36.949703757427,127.90886726529"
"K9","학군단","K7","건국체육관","120","104","1.7","10","33","","https://map.kakao.com/link/by/walk/K9+%ED%95%99%EA%B5%B0%EB%8B%A8,36.9497513666203,127.910650631214/K7+%EA%B1%B4%EA%B5%AD%EC%B2%B4%EC%9C%A1%EA%B4%80,36.9494687336754,127.909906306991"
"K9","학군단","K8","자산관리동","152","139","2.3","10","30","","https://map.kakao.com/link/by/walk/K9+%ED%95%99%EA%B5%B0%EB%8B%A8,36.9497513666203,127.910650631214/K8+%EC%9E%90%EC%82%B0%EA%B4%80%EB%A6%AC%EB%8F%99,36.950034281342724,127.91030035688091"
"K9","학군단","K10","해오름학사","451","410","6.8","10","16","","https://map.kakao.com/link/by/walk/K9+%ED%95%99%EA%B5%B0%EB%8B%A8,36.9497513666203,127.910650631214/K10+%ED%95%B4%EC%98%A4%EB%A6%84%ED%95%99%EC%82%AC,36.9488227745106,127.912359486364"
"K9","학군단","U1","행정관","548","482","8","10","12","","https://map.kakao.com/link/by/walk/K9+%ED%95%99%EA%B5%B0%EB%8B%A8,36.9497513666203,127.910650631214/U1+%ED%96%89%EC%A0%95%EA%B4%80,36.9497994772544,127.906718487499"
"K9","학군단","U2","생명과학관","622","545","9.1","10","16","","https://map.kakao.com/link/by/walk/K9+%ED%95%99%EA%B5%B0%EB%8B%A8,36.9497513666203,127.910650631214/U2+%EC%83%9D%EB%AA%85%EA%B3%BC%ED%95%99%EA%B4%80,36.949166029296364,127.90589255857277"
"K9","학군단","U4","자연과학관","477","425","7.1","10","19","","https://map.kakao.com/link/by/walk/K9+%ED%95%99%EA%B5%B0%EB%8B%A8,36.9497513666203,127.910650631214/U4+%EC%9E%90%EC%97%B0%EA%B3%BC%ED%95%99%EA%B4%80,36.9489430964899,127.90700359588"
"K9","학군단","U5","국제교육관","591","533","8.9","10","14","","https://map.kakao.com/link/by/walk/K9+%ED%95%99%EA%B5%B0%EB%8B%A8,36.9497513666203,127.910650631214/U5+%EA%B5%AD%EC%A0%9C%EA%B5%90%EC%9C%A1%EA%B4%80,36.9481807825323,127.906770027989"
"K9","학군단","U6","창의예술관","433","388","6.5","10","11","","https://map.kakao.com/link/by/walk/K9+%ED%95%99%EA%B5%B0%EB%8B%A8,36.9497513666203,127.910650631214/U6+%EC%B0%BD%EC%9D%98%EC%98%88%EC%88%A0%EA%B4%80,36.9482779802897,127.907610921403"
"K9","학군단","U7","중원도서관","349","317","5.3","10","23","","https://map.kakao.com/link/by/walk/K9+%ED%95%99%EA%B5%B0%EB%8B%A8,36.9497513666203,127.910650631214/U7+%EC%A4%91%EC%9B%90%EB%8F%84%EC%84%9C%EA%B4%80,36.948881714009254,127.90845614834129"
"K9","학군단","U8","복합실습동","508","455","7.6","10","11","","https://map.kakao.com/link/by/walk/K9+%ED%95%99%EA%B5%B0%EB%8B%A8,36.9497513666203,127.910650631214/U8+%EB%B3%B5%ED%95%A9%EC%8B%A4%EC%8A%B5%EB%8F%99,36.9475303665141,127.907458353921"
"K9","학군단","U10","상허연구동","419","368","6.1","10","13","","https://map.kakao.com/link/by/walk/K9+%ED%95%99%EA%B5%B0%EB%8B%A8,36.9497513666203,127.910650631214/U10+%EC%83%81%ED%97%88%EC%97%B0%EA%B5%AC%EB%8F%99,36.947886052589695,127.90854929152806"
"K9","학군단","U11","글로컬이음관","269","235","3.9","10","18","","https://map.kakao.com/link/by/walk/K9+%ED%95%99%EA%B5%B0%EB%8B%A8,36.9497513666203,127.910650631214/U11+%EA%B8%80%EB%A1%9C%EC%BB%AC%EC%9D%B4%EC%9D%8C%EA%B4%80,36.9483664278494,127.909358814133"
"K9","학군단","U12","창업보육센터","295","252","4.2","10","32","","https://map.kakao.com/link/by/walk/K9+%ED%95%99%EA%B5%B0%EB%8B%A8,36.9497513666203,127.910650631214/U12+%EC%B0%BD%EC%97%85%EB%B3%B4%EC%9C%A1%EC%84%BC%ED%84%B0,36.9481064358336,127.91012810401521"
"K9","학군단","U13","건국골프연습장","502","429","7.2","10","10","","https://map.kakao.com/link/by/walk/K9+%ED%95%99%EA%B5%B0%EB%8B%A8,36.9497513666203,127.910650631214/U13+%EA%B1%B4%EA%B5%AD%EA%B3%A8%ED%94%84%EC%97%B0%EC%8A%B5%EC%9E%A5,36.9471716091744,127.909596081006"
"K9","학군단","U14","건국터미널","758","659","11","10","10","","https://map.kakao.com/link/by/walk/K9+%ED%95%99%EA%B5%B0%EB%8B%A8,36.9497513666203,127.910650631214/U14+%EA%B1%B4%EA%B5%AD%ED%84%B0%EB%AF%B8%EB%84%90,36.9513587387715,127.90453536758"
"K9","학군단","U15","건국어린이집","803","695","11.6","10","19","","https://map.kakao.com/link/by/walk/K9+%ED%95%99%EA%B5%B0%EB%8B%A8,36.9497513666203,127.910650631214/U15+%EA%B1%B4%EA%B5%AD%EC%96%B4%EB%A6%B0%EC%9D%B4%EC%A7%91,36.950716336504385,127.90464677553264"
"K10","해오름학사","K1","학생회관","832","758","12.6","16","22","","https://map.kakao.com/link/by/walk/K10+%ED%95%B4%EC%98%A4%EB%A6%84%ED%95%99%EC%82%AC,36.9488227745106,127.912359486364/K1+%ED%95%99%EC%83%9D%ED%9A%8C%EA%B4%80,36.9513965682655,127.907135975813"
"K10","해오름학사","K2","의학관","687","623","10.4","16","23","","https://map.kakao.com/link/by/walk/K10+%ED%95%B4%EC%98%A4%EB%A6%84%ED%95%99%EC%82%AC,36.9488227745106,127.912359486364/K2+%EC%9D%98%ED%95%99%EA%B4%80,36.9505882991222,127.907728148197"
"K10","해오름학사","K3","교수연구동","667","607","10.1","16","8","","https://map.kakao.com/link/by/walk/K10+%ED%95%B4%EC%98%A4%EB%A6%84%ED%95%99%EC%82%AC,36.9488227745106,127.912359486364/K3+%EA%B5%90%EC%88%98%EC%97%B0%EA%B5%AC%EB%8F%99,36.9506791828455,127.908568994305"
"K10","해오름학사","K4","모시래학사(대표지점)","829","736","12.3","16","17","","https://map.kakao.com/link/by/walk/K10+%ED%95%B4%EC%98%A4%EB%A6%84%ED%95%99%EC%82%AC,36.9488227745106,127.912359486364/K4+%EB%AA%A8%EC%8B%9C%EB%9E%98%ED%95%99%EC%82%AC%28%EB%8C%80%ED%91%9C%EC%A7%80%EC%A0%90%29,36.9513477512316,127.909277496553"
"K10","해오름학사","K5","모시래학사(여동본관)","618","549","9.2","16","13","","https://map.kakao.com/link/by/walk/K10+%ED%95%B4%EC%98%A4%EB%A6%84%ED%95%99%EC%82%AC,36.9488227745106,127.912359486364/K5+%EB%AA%A8%EC%8B%9C%EB%9E%98%ED%95%99%EC%82%AC%28%EC%97%AC%EB%8F%99%EB%B3%B8%EA%B4%80%29,36.9509112242749,127.909802215742"
"K10","해오름학사","K6","인문사회관","515","471","7.9","16","7","","https://map.kakao.com/link/by/walk/K10+%ED%95%B4%EC%98%A4%EB%A6%84%ED%95%99%EC%82%AC,36.9488227745106,127.912359486364/K6+%EC%9D%B8%EB%AC%B8%EC%82%AC%ED%9A%8C%EA%B4%80,36.949703757427,127.90886726529"
"K10","해오름학사","K7","건국체육관","420","376","6.3","16","33","","https://map.kakao.com/link/by/walk/K10+%ED%95%B4%EC%98%A4%EB%A6%84%ED%95%99%EC%82%AC,36.9488227745106,127.912359486364/K7+%EA%B1%B4%EA%B5%AD%EC%B2%B4%EC%9C%A1%EA%B4%80,36.9494687336754,127.909906306991"
"K10","해오름학사","K8","자산관리동","547","497","8.3","16","30","","https://map.kakao.com/link/by/walk/K10+%ED%95%B4%EC%98%A4%EB%A6%84%ED%95%99%EC%82%AC,36.9488227745106,127.912359486364/K8+%EC%9E%90%EC%82%B0%EA%B4%80%EB%A6%AC%EB%8F%99,36.950034281342724,127.91030035688091"
"K10","해오름학사","K9","학군단","451","407","6.8","16","10","","https://map.kakao.com/link/by/walk/K10+%ED%95%B4%EC%98%A4%EB%A6%84%ED%95%99%EC%82%AC,36.9488227745106,127.912359486364/K9+%ED%95%99%EA%B5%B0%EB%8B%A8,36.9497513666203,127.910650631214"
"K10","해오름학사","U1","행정관","710","630","10.5","16","12","","https://map.kakao.com/link/by/walk/K10+%ED%95%B4%EC%98%A4%EB%A6%84%ED%95%99%EC%82%AC,36.9488227745106,127.912359486364/U1+%ED%96%89%EC%A0%95%EA%B4%80,36.9497994772544,127.906718487499"
"K10","해오름학사","U2","생명과학관","765","676","11.3","16","16","","https://map.kakao.com/link/by/walk/K10+%ED%95%B4%EC%98%A4%EB%A6%84%ED%95%99%EC%82%AC,36.9488227745106,127.912359486364/U2+%EC%83%9D%EB%AA%85%EA%B3%BC%ED%95%99%EA%B4%80,36.949166029296364,127.90589255857277"
"K10","해오름학사","U4","자연과학관","620","556","9.3","16","19","","https://map.kakao.com/link/by/walk/K10+%ED%95%B4%EC%98%A4%EB%A6%84%ED%95%99%EC%82%AC,36.9488227745106,127.912359486364/U4+%EC%9E%90%EC%97%B0%EA%B3%BC%ED%95%99%EA%B4%80,36.9489430964899,127.90700359588"
"K10","해오름학사","U5","국제교육관","734","665","11.1","16","14","","https://map.kakao.com/link/by/walk/K10+%ED%95%B4%EC%98%A4%EB%A6%84%ED%95%99%EC%82%AC,36.9488227745106,127.912359486364/U5+%EA%B5%AD%EC%A0%9C%EA%B5%90%EC%9C%A1%EA%B4%80,36.9481807825323,127.906770027989"
"K10","해오름학사","U6","창의예술관","576","520","8.7","16","11","","https://map.kakao.com/link/by/walk/K10+%ED%95%B4%EC%98%A4%EB%A6%84%ED%95%99%EC%82%AC,36.9488227745106,127.912359486364/U6+%EC%B0%BD%EC%9D%98%EC%98%88%EC%88%A0%EA%B4%80,36.9482779802897,127.907610921403"
"K10","해오름학사","U7","중원도서관","511","466","7.8","16","23","","https://map.kakao.com/link/by/walk/K10+%ED%95%B4%EC%98%A4%EB%A6%84%ED%95%99%EC%82%AC,36.9488227745106,127.912359486364/U7+%EC%A4%91%EC%9B%90%EB%8F%84%EC%84%9C%EA%B4%80,36.948881714009254,127.90845614834129"
"K10","해오름학사","U8","복합실습동","651","586","9.8","16","11","","https://map.kakao.com/link/by/walk/K10+%ED%95%B4%EC%98%A4%EB%A6%84%ED%95%99%EC%82%AC,36.9488227745106,127.912359486364/U8+%EB%B3%B5%ED%95%A9%EC%8B%A4%EC%8A%B5%EB%8F%99,36.9475303665141,127.907458353921"
"K10","해오름학사","U10","상허연구동","562","499","8.3","16","13","","https://map.kakao.com/link/by/walk/K10+%ED%95%B4%EC%98%A4%EB%A6%84%ED%95%99%EC%82%AC,36.9488227745106,127.912359486364/U10+%EC%83%81%ED%97%88%EC%97%B0%EA%B5%AC%EB%8F%99,36.947886052589695,127.90854929152806"
"K10","해오름학사","U11","글로컬이음관","412","367","6.1","16","18","","https://map.kakao.com/link/by/walk/K10+%ED%95%B4%EC%98%A4%EB%A6%84%ED%95%99%EC%82%AC,36.9488227745106,127.912359486364/U11+%EA%B8%80%EB%A1%9C%EC%BB%AC%EC%9D%B4%EC%9D%8C%EA%B4%80,36.9483664278494,127.909358814133"
"K10","해오름학사","U12","창업보육센터","386","345","5.8","16","32","","https://map.kakao.com/link/by/walk/K10+%ED%95%B4%EC%98%A4%EB%A6%84%ED%95%99%EC%82%AC,36.9488227745106,127.912359486364/U12+%EC%B0%BD%EC%97%85%EB%B3%B4%EC%9C%A1%EC%84%BC%ED%84%B0,36.9481064358336,127.91012810401521"
"K10","해오름학사","U13","건국골프연습장","618","552","9.2","16","10","","https://map.kakao.com/link/by/walk/K10+%ED%95%B4%EC%98%A4%EB%A6%84%ED%95%99%EC%82%AC,36.9488227745106,127.912359486364/U13+%EA%B1%B4%EA%B5%AD%EA%B3%A8%ED%94%84%EC%97%B0%EC%8A%B5%EC%9E%A5,36.9471716091744,127.909596081006"
"K10","해오름학사","U14","건국터미널","920","808","13.5","16","10","","https://map.kakao.com/link/by/walk/K10+%ED%95%B4%EC%98%A4%EB%A6%84%ED%95%99%EC%82%AC,36.9488227745106,127.912359486364/U14+%EA%B1%B4%EA%B5%AD%ED%84%B0%EB%AF%B8%EB%84%90,36.9513587387715,127.90453536758"
"K10","해오름학사","U15","건국어린이집","960","823","13.7","16","19","","https://map.kakao.com/link/by/walk/K10+%ED%95%B4%EC%98%A4%EB%A6%84%ED%95%99%EC%82%AC,36.9488227745106,127.912359486364/U15+%EA%B1%B4%EA%B5%AD%EC%96%B4%EB%A6%B0%EC%9D%B4%EC%A7%91,36.950716336504385,127.90464677553264"
"U1","행정관","K1","학생회관","292","281","4.7","12","22","","https://map.kakao.com/link/by/walk/U1+%ED%96%89%EC%A0%95%EA%B4%80,36.9497994772544,127.906718487499/K1+%ED%95%99%EC%83%9D%ED%9A%8C%EA%B4%80,36.9513965682655,127.907135975813"
"U1","행정관","K2","의학관","298","291","4.9","12","23","","https://map.kakao.com/link/by/walk/U1+%ED%96%89%EC%A0%95%EA%B4%80,36.9497994772544,127.906718487499/K2+%EC%9D%98%ED%95%99%EA%B4%80,36.9505882991222,127.907728148197"
"U1","행정관","K3","교수연구동","343","335","5.6","12","8","","https://map.kakao.com/link/by/walk/U1+%ED%96%89%EC%A0%95%EA%B4%80,36.9497994772544,127.906718487499/K3+%EA%B5%90%EC%88%98%EC%97%B0%EA%B5%AC%EB%8F%99,36.9506791828455,127.908568994305"
"U1","행정관","K4","모시래학사(대표지점)","408","364","6.1","12","17","","https://map.kakao.com/link/by/walk/U1+%ED%96%89%EC%A0%95%EA%B4%80,36.9497994772544,127.906718487499/K4+%EB%AA%A8%EC%8B%9C%EB%9E%98%ED%95%99%EC%82%AC%28%EB%8C%80%ED%91%9C%EC%A7%80%EC%A0%90%29,36.9513477512316,127.909277496553"
"U1","행정관","K5","모시래학사(여동본관)","450","411","6.9","12","13","","https://map.kakao.com/link/by/walk/U1+%ED%96%89%EC%A0%95%EA%B4%80,36.9497994772544,127.906718487499/K5+%EB%AA%A8%EC%8B%9C%EB%9E%98%ED%95%99%EC%82%AC%28%EC%97%AC%EB%8F%99%EB%B3%B8%EA%B4%80%29,36.9509112242749,127.909802215742"
"U1","행정관","K6","인문사회관","299","286","4.8","12","7","","https://map.kakao.com/link/by/walk/U1+%ED%96%89%EC%A0%95%EA%B4%80,36.9497994772544,127.906718487499/K6+%EC%9D%B8%EB%AC%B8%EC%82%AC%ED%9A%8C%EA%B4%80,36.949703757427,127.90886726529"
"U1","행정관","K7","건국체육관","494","451","7.5","12","33","","https://map.kakao.com/link/by/walk/U1+%ED%96%89%EC%A0%95%EA%B4%80,36.9497994772544,127.906718487499/K7+%EA%B1%B4%EA%B5%AD%EC%B2%B4%EC%9C%A1%EA%B4%80,36.9494687336754,127.909906306991"
"U1","행정관","K8","자산관리동","555","518","8.6","12","30","","https://map.kakao.com/link/by/walk/U1+%ED%96%89%EC%A0%95%EA%B4%80,36.9497994772544,127.906718487499/K8+%EC%9E%90%EC%82%B0%EA%B4%80%EB%A6%AC%EB%8F%99,36.950034281342724,127.91030035688091"
"U1","행정관","K9","학군단","548","502","8.4","12","10","","https://map.kakao.com/link/by/walk/U1+%ED%96%89%EC%A0%95%EA%B4%80,36.9497994772544,127.906718487499/K9+%ED%95%99%EA%B5%B0%EB%8B%A8,36.9497513666203,127.910650631214"
"U1","행정관","K10","해오름학사","710","654","10.9","12","16","","https://map.kakao.com/link/by/walk/U1+%ED%96%89%EC%A0%95%EA%B4%80,36.9497994772544,127.906718487499/K10+%ED%95%B4%EC%98%A4%EB%A6%84%ED%95%99%EC%82%AC,36.9488227745106,127.912359486364"
"U1","행정관","U2","생명과학관","301","268","4.5","12","16","","https://map.kakao.com/link/by/walk/U1+%ED%96%89%EC%A0%95%EA%B4%80,36.9497994772544,127.906718487499/U2+%EC%83%9D%EB%AA%85%EA%B3%BC%ED%95%99%EA%B4%80,36.949166029296364,127.90589255857277"
"U1","행정관","U4","자연과학관","243","227","3.8","12","19","","https://map.kakao.com/link/by/walk/U1+%ED%96%89%EC%A0%95%EA%B4%80,36.9497994772544,127.906718487499/U4+%EC%9E%90%EC%97%B0%EA%B3%BC%ED%95%99%EA%B4%80,36.9489430964899,127.90700359588"
"U1","행정관","U5","국제교육관","542","502","8.4","12","14","","https://map.kakao.com/link/by/walk/U1+%ED%96%89%EC%A0%95%EA%B4%80,36.9497994772544,127.906718487499/U5+%EA%B5%AD%EC%A0%9C%EA%B5%90%EC%9C%A1%EA%B4%80,36.9481807825323,127.906770027989"
"U1","행정관","U6","창의예술관","392","364","6.1","12","11","","https://map.kakao.com/link/by/walk/U1+%ED%96%89%EC%A0%95%EA%B4%80,36.9497994772544,127.906718487499/U6+%EC%B0%BD%EC%9D%98%EC%98%88%EC%88%A0%EA%B4%80,36.9482779802897,127.907610921403"
"U1","행정관","U7","중원도서관","326","307","5.1","12","23","","https://map.kakao.com/link/by/walk/U1+%ED%96%89%EC%A0%95%EA%B4%80,36.9497994772544,127.906718487499/U7+%EC%A4%91%EC%9B%90%EB%8F%84%EC%84%9C%EA%B4%80,36.948881714009254,127.90845614834129"
"U1","행정관","U8","복합실습동","475","438","7.3","12","11","","https://map.kakao.com/link/by/walk/U1+%ED%96%89%EC%A0%95%EA%B4%80,36.9497994772544,127.906718487499/U8+%EB%B3%B5%ED%95%A9%EC%8B%A4%EC%8A%B5%EB%8F%99,36.9475303665141,127.907458353921"
"U1","행정관","U10","상허연구동","458","416","6.9","12","13","","https://map.kakao.com/link/by/walk/U1+%ED%96%89%EC%A0%95%EA%B4%80,36.9497994772544,127.906718487499/U10+%EC%83%81%ED%97%88%EC%97%B0%EA%B5%AC%EB%8F%99,36.947886052589695,127.90854929152806"
"U1","행정관","U11","글로컬이음관","431","392","6.5","12","18","","https://map.kakao.com/link/by/walk/U1+%ED%96%89%EC%A0%95%EA%B4%80,36.9497994772544,127.906718487499/U11+%EA%B8%80%EB%A1%9C%EC%BB%AC%EC%9D%B4%EC%9D%8C%EA%B4%80,36.9483664278494,127.909358814133"
"U1","행정관","U12","창업보육센터","489","437","7.3","12","32","","https://map.kakao.com/link/by/walk/U1+%ED%96%89%EC%A0%95%EA%B4%80,36.9497994772544,127.906718487499/U12+%EC%B0%BD%EC%97%85%EB%B3%B4%EC%9C%A1%EC%84%BC%ED%84%B0,36.9481064358336,127.91012810401521"
"U1","행정관","U13","건국골프연습장","613","541","9","12","10","","https://map.kakao.com/link/by/walk/U1+%ED%96%89%EC%A0%95%EA%B4%80,36.9497994772544,127.906718487499/U13+%EA%B1%B4%EA%B5%AD%EA%B3%A8%ED%94%84%EC%97%B0%EC%8A%B5%EC%9E%A5,36.9471716091744,127.909596081006"
"U1","행정관","U14","건국터미널","380","331","5.5","12","10","","https://map.kakao.com/link/by/walk/U1+%ED%96%89%EC%A0%95%EA%B4%80,36.9497994772544,127.906718487499/U14+%EA%B1%B4%EA%B5%AD%ED%84%B0%EB%AF%B8%EB%84%90,36.9513587387715,127.90453536758"
"U1","행정관","U15","건국어린이집","353","285","4.8","12","19","","https://map.kakao.com/link/by/walk/U1+%ED%96%89%EC%A0%95%EA%B4%80,36.9497994772544,127.906718487499/U15+%EA%B1%B4%EA%B5%AD%EC%96%B4%EB%A6%B0%EC%9D%B4%EC%A7%91,36.950716336504385,127.90464677553264"
"U2","생명과학관","K1","학생회관","486","419","7","16","22","","https://map.kakao.com/link/by/walk/U2+%EC%83%9D%EB%AA%85%EA%B3%BC%ED%95%99%EA%B4%80,36.949166029296364,127.90589255857277/K1+%ED%95%99%EC%83%9D%ED%9A%8C%EA%B4%80,36.9513965682655,127.907135975813"
"U2","생명과학관","K2","의학관","414","403","6.7","16","23","","https://map.kakao.com/link/by/walk/U2+%EC%83%9D%EB%AA%85%EA%B3%BC%ED%95%99%EA%B4%80,36.949166029296364,127.90589255857277/K2+%EC%9D%98%ED%95%99%EA%B4%80,36.9505882991222,127.907728148197"
"U2","생명과학관","K3","교수연구동","460","447","7.5","16","8","","https://map.kakao.com/link/by/walk/U2+%EC%83%9D%EB%AA%85%EA%B3%BC%ED%95%99%EA%B4%80,36.949166029296364,127.90589255857277/K3+%EA%B5%90%EC%88%98%EC%97%B0%EA%B5%AC%EB%8F%99,36.9506791828455,127.908568994305"
"U2","생명과학관","K4","모시래학사(대표지점)","524","476","7.9","16","17","","https://map.kakao.com/link/by/walk/U2+%EC%83%9D%EB%AA%85%EA%B3%BC%ED%95%99%EA%B4%80,36.949166029296364,127.90589255857277/K4+%EB%AA%A8%EC%8B%9C%EB%9E%98%ED%95%99%EC%82%AC%28%EB%8C%80%ED%91%9C%EC%A7%80%EC%A0%90%29,36.9513477512316,127.909277496553"
"U2","생명과학관","K5","모시래학사(여동본관)","546","501","8.4","16","13","","https://map.kakao.com/link/by/walk/U2+%EC%83%9D%EB%AA%85%EA%B3%BC%ED%95%99%EA%B4%80,36.949166029296364,127.90589255857277/K5+%EB%AA%A8%EC%8B%9C%EB%9E%98%ED%95%99%EC%82%AC%28%EC%97%AC%EB%8F%99%EB%B3%B8%EA%B4%80%29,36.9509112242749,127.909802215742"
"U2","생명과학관","K6","인문사회관","389","370","6.2","16","7","","https://map.kakao.com/link/by/walk/U2+%EC%83%9D%EB%AA%85%EA%B3%BC%ED%95%99%EA%B4%80,36.949166029296364,127.90589255857277/K6+%EC%9D%B8%EB%AC%B8%EC%82%AC%ED%9A%8C%EA%B4%80,36.949703757427,127.90886726529"
"U2","생명과학관","K7","건국체육관","567","521","8.7","16","33","","https://map.kakao.com/link/by/walk/U2+%EC%83%9D%EB%AA%85%EA%B3%BC%ED%95%99%EA%B4%80,36.949166029296364,127.90589255857277/K7+%EA%B1%B4%EA%B5%AD%EC%B2%B4%EC%9C%A1%EA%B4%80,36.9494687336754,127.909906306991"
"U2","생명과학관","K8","자산관리동","651","608","10.1","16","30","","https://map.kakao.com/link/by/walk/U2+%EC%83%9D%EB%AA%85%EA%B3%BC%ED%95%99%EA%B4%80,36.949166029296364,127.90589255857277/K8+%EC%9E%90%EC%82%B0%EA%B4%80%EB%A6%AC%EB%8F%99,36.950034281342724,127.91030035688091"
"U2","생명과학관","K9","학군단","622","573","9.6","16","10","","https://map.kakao.com/link/by/walk/U2+%EC%83%9D%EB%AA%85%EA%B3%BC%ED%95%99%EA%B4%80,36.949166029296364,127.90589255857277/K9+%ED%95%99%EA%B5%B0%EB%8B%A8,36.9497513666203,127.910650631214"
"U2","생명과학관","K10","해오름학사","765","707","11.8","16","16","","https://map.kakao.com/link/by/walk/U2+%EC%83%9D%EB%AA%85%EA%B3%BC%ED%95%99%EA%B4%80,36.949166029296364,127.90589255857277/K10+%ED%95%B4%EC%98%A4%EB%A6%84%ED%95%99%EC%82%AC,36.9488227745106,127.912359486364"
"U2","생명과학관","U1","행정관","301","276","4.6","16","12","","https://map.kakao.com/link/by/walk/U2+%EC%83%9D%EB%AA%85%EA%B3%BC%ED%95%99%EA%B4%80,36.949166029296364,127.90589255857277/U1+%ED%96%89%EC%A0%95%EA%B4%80,36.9497994772544,127.906718487499"
"U2","생명과학관","U4","자연과학관","183","177","3","16","19","","https://map.kakao.com/link/by/walk/U2+%EC%83%9D%EB%AA%85%EA%B3%BC%ED%95%99%EA%B4%80,36.949166029296364,127.90589255857277/U4+%EC%9E%90%EC%97%B0%EA%B3%BC%ED%95%99%EA%B4%80,36.9489430964899,127.90700359588"
"U2","생명과학관","U5","국제교육관","412","388","6.5","16","14","","https://map.kakao.com/link/by/walk/U2+%EC%83%9D%EB%AA%85%EA%B3%BC%ED%95%99%EA%B4%80,36.949166029296364,127.90589255857277/U5+%EA%B5%AD%EC%A0%9C%EA%B5%90%EC%9C%A1%EA%B4%80,36.9481807825323,127.906770027989"
"U2","생명과학관","U6","창의예술관","262","251","4.2","16","11","","https://map.kakao.com/link/by/walk/U2+%EC%83%9D%EB%AA%85%EA%B3%BC%ED%95%99%EA%B4%80,36.949166029296364,127.90589255857277/U6+%EC%B0%BD%EC%9D%98%EC%98%88%EC%88%A0%EA%B4%80,36.9482779802897,127.907610921403"
"U2","생명과학관","U7","중원도서관","326","312","5.2","16","23","","https://map.kakao.com/link/by/walk/U2+%EC%83%9D%EB%AA%85%EA%B3%BC%ED%95%99%EA%B4%80,36.949166029296364,127.90589255857277/U7+%EC%A4%91%EC%9B%90%EB%8F%84%EC%84%9C%EA%B4%80,36.948881714009254,127.90845614834129"
"U2","생명과학관","U8","복합실습동","345","324","5.4","16","11","","https://map.kakao.com/link/by/walk/U2+%EC%83%9D%EB%AA%85%EA%B3%BC%ED%95%99%EA%B4%80,36.949166029296364,127.90589255857277/U8+%EB%B3%B5%ED%95%A9%EC%8B%A4%EC%8A%B5%EB%8F%99,36.9475303665141,127.907458353921"
"U2","생명과학관","U10","상허연구동","358","329","5.5","16","13","","https://map.kakao.com/link/by/walk/U2+%EC%83%9D%EB%AA%85%EA%B3%BC%ED%95%99%EA%B4%80,36.949166029296364,127.90589255857277/U10+%EC%83%81%ED%97%88%EC%97%B0%EA%B5%AC%EB%8F%99,36.947886052589695,127.90854929152806"
"U2","생명과학관","U11","글로컬이음관","389","359","6","16","18","","https://map.kakao.com/link/by/walk/U2+%EC%83%9D%EB%AA%85%EA%B3%BC%ED%95%99%EA%B4%80,36.949166029296364,127.90589255857277/U11+%EA%B8%80%EB%A1%9C%EC%BB%AC%EC%9D%B4%EC%9D%8C%EA%B4%80,36.9483664278494,127.909358814133"
"U2","생명과학관","U12","창업보육센터","544","490","8.2","16","32","","https://map.kakao.com/link/by/walk/U2+%EC%83%9D%EB%AA%85%EA%B3%BC%ED%95%99%EA%B4%80,36.949166029296364,127.90589255857277/U12+%EC%B0%BD%EC%97%85%EB%B3%B4%EC%9C%A1%EC%84%BC%ED%84%B0,36.9481064358336,127.91012810401521"
"U2","생명과학관","U13","건국골프연습장","518","459","7.7","16","10","","https://map.kakao.com/link/by/walk/U2+%EC%83%9D%EB%AA%85%EA%B3%BC%ED%95%99%EA%B4%80,36.949166029296364,127.90589255857277/U13+%EA%B1%B4%EA%B5%AD%EA%B3%A8%ED%94%84%EC%97%B0%EC%8A%B5%EC%9E%A5,36.9471716091744,127.909596081006"
"U2","생명과학관","U14","건국터미널","533","455","7.6","16","10","","https://map.kakao.com/link/by/walk/U2+%EC%83%9D%EB%AA%85%EA%B3%BC%ED%95%99%EA%B4%80,36.949166029296364,127.90589255857277/U14+%EA%B1%B4%EA%B5%AD%ED%84%B0%EB%AF%B8%EB%84%90,36.9513587387715,127.90453536758"
"U2","생명과학관","U15","건국어린이집","435","364","6.1","16","19","","https://map.kakao.com/link/by/walk/U2+%EC%83%9D%EB%AA%85%EA%B3%BC%ED%95%99%EA%B4%80,36.949166029296364,127.90589255857277/U15+%EA%B1%B4%EA%B5%AD%EC%96%B4%EB%A6%B0%EC%9D%B4%EC%A7%91,36.950716336504385,127.90464677553264"
"U4","자연과학관","K1","학생회관","428","356","5.9","19","22","","https://map.kakao.com/link/by/walk/U4+%EC%9E%90%EC%97%B0%EA%B3%BC%ED%95%99%EA%B4%80,36.9489430964899,127.90700359588/K1+%ED%95%99%EC%83%9D%ED%9A%8C%EA%B4%80,36.9513965682655,127.907135975813"
"U4","자연과학관","K2","의학관","356","340","5.7","19","23","","https://map.kakao.com/link/by/walk/U4+%EC%9E%90%EC%97%B0%EA%B3%BC%ED%95%99%EA%B4%80,36.9489430964899,127.90700359588/K2+%EC%9D%98%ED%95%99%EA%B4%80,36.9505882991222,127.907728148197"
"U4","자연과학관","K3","교수연구동","373","343","5.7","19","8","","https://map.kakao.com/link/by/walk/U4+%EC%9E%90%EC%97%B0%EA%B3%BC%ED%95%99%EA%B4%80,36.9489430964899,127.90700359588/K3+%EA%B5%90%EC%88%98%EC%97%B0%EA%B5%AC%EB%8F%99,36.9506791828455,127.908568994305"
"U4","자연과학관","K4","모시래학사(대표지점)","467","414","6.9","19","17","","https://map.kakao.com/link/by/walk/U4+%EC%9E%90%EC%97%B0%EA%B3%BC%ED%95%99%EA%B4%80,36.9489430964899,127.90700359588/K4+%EB%AA%A8%EC%8B%9C%EB%9E%98%ED%95%99%EC%82%AC%28%EB%8C%80%ED%91%9C%EC%A7%80%EC%A0%90%29,36.9513477512316,127.909277496553"
"U4","자연과학관","K5","모시래학사(여동본관)","404","362","6","19","13","","https://map.kakao.com/link/by/walk/U4+%EC%9E%90%EC%97%B0%EA%B3%BC%ED%95%99%EA%B4%80,36.9489430964899,127.90700359588/K5+%EB%AA%A8%EC%8B%9C%EB%9E%98%ED%95%99%EC%82%AC%28%EC%97%AC%EB%8F%99%EB%B3%B8%EA%B4%80%29,36.9509112242749,127.909802215742"
"U4","자연과학관","K6","인문사회관","247","230","3.8","19","7","","https://map.kakao.com/link/by/walk/U4+%EC%9E%90%EC%97%B0%EA%B3%BC%ED%95%99%EA%B4%80,36.9489430964899,127.90700359588/K6+%EC%9D%B8%EB%AC%B8%EC%82%AC%ED%9A%8C%EA%B4%80,36.949703757427,127.90886726529"
"U4","자연과학관","K7","건국체육관","422","379","6.3","19","33","","https://map.kakao.com/link/by/walk/U4+%EC%9E%90%EC%97%B0%EA%B3%BC%ED%95%99%EA%B4%80,36.9489430964899,127.90700359588/K7+%EA%B1%B4%EA%B5%AD%EC%B2%B4%EC%9C%A1%EA%B4%80,36.9494687336754,127.909906306991"
"U4","자연과학관","K8","자산관리동","509","468","7.8","19","30","","https://map.kakao.com/link/by/walk/U4+%EC%9E%90%EC%97%B0%EA%B3%BC%ED%95%99%EA%B4%80,36.9489430964899,127.90700359588/K8+%EC%9E%90%EC%82%B0%EA%B4%80%EB%A6%AC%EB%8F%99,36.950034281342724,127.91030035688091"
"U4","자연과학관","K9","학군단","477","431","7.2","19","10","","https://map.kakao.com/link/by/walk/U4+%EC%9E%90%EC%97%B0%EA%B3%BC%ED%95%99%EA%B4%80,36.9489430964899,127.90700359588/K9+%ED%95%99%EA%B5%B0%EB%8B%A8,36.9497513666203,127.910650631214"
"U4","자연과학관","K10","해오름학사","620","565","9.4","19","16","","https://map.kakao.com/link/by/walk/U4+%EC%9E%90%EC%97%B0%EA%B3%BC%ED%95%99%EA%B4%80,36.9489430964899,127.90700359588/K10+%ED%95%B4%EC%98%A4%EB%A6%84%ED%95%99%EC%82%AC,36.9488227745106,127.912359486364"
"U4","자연과학관","U1","행정관","243","213","3.6","19","12","","https://map.kakao.com/link/by/walk/U4+%EC%9E%90%EC%97%B0%EA%B3%BC%ED%95%99%EA%B4%80,36.9489430964899,127.90700359588/U1+%ED%96%89%EC%A0%95%EA%B4%80,36.9497994772544,127.906718487499"
"U4","자연과학관","U2","생명과학관","183","154","2.6","19","16","","https://map.kakao.com/link/by/walk/U4+%EC%9E%90%EC%97%B0%EA%B3%BC%ED%95%99%EA%B4%80,36.9489430964899,127.90700359588/U2+%EC%83%9D%EB%AA%85%EA%B3%BC%ED%95%99%EA%B4%80,36.949166029296364,127.90589255857277"
"U4","자연과학관","U5","국제교육관","337","309","5.2","19","14","","https://map.kakao.com/link/by/walk/U4+%EC%9E%90%EC%97%B0%EA%B3%BC%ED%95%99%EA%B4%80,36.9489430964899,127.90700359588/U5+%EA%B5%AD%EC%A0%9C%EA%B5%90%EC%9C%A1%EA%B4%80,36.9481807825323,127.906770027989"
"U4","자연과학관","U6","창의예술관","187","171","2.9","19","11","","https://map.kakao.com/link/by/walk/U4+%EC%9E%90%EC%97%B0%EA%B3%BC%ED%95%99%EA%B4%80,36.9489430964899,127.90700359588/U6+%EC%B0%BD%EC%9D%98%EC%98%88%EC%88%A0%EA%B4%80,36.9482779802897,127.907610921403"
"U4","자연과학관","U7","중원도서관","181","169","2.8","19","23","","https://map.kakao.com/link/by/walk/U4+%EC%9E%90%EC%97%B0%EA%B3%BC%ED%95%99%EA%B4%80,36.9489430964899,127.90700359588/U7+%EC%A4%91%EC%9B%90%EB%8F%84%EC%84%9C%EA%B4%80,36.948881714009254,127.90845614834129"
"U4","자연과학관","U8","복합실습동","270","245","4.1","19","11","","https://map.kakao.com/link/by/walk/U4+%EC%9E%90%EC%97%B0%EA%B3%BC%ED%95%99%EA%B4%80,36.9489430964899,127.90700359588/U8+%EB%B3%B5%ED%95%A9%EC%8B%A4%EC%8A%B5%EB%8F%99,36.9475303665141,127.907458353921"
"U4","자연과학관","U10","상허연구동","253","223","3.7","19","13","","https://map.kakao.com/link/by/walk/U4+%EC%9E%90%EC%97%B0%EA%B3%BC%ED%95%99%EA%B4%80,36.9489430964899,127.90700359588/U10+%EC%83%81%ED%97%88%EC%97%B0%EA%B5%AC%EB%8F%99,36.947886052589695,127.90854929152806"
"U4","자연과학관","U11","글로컬이음관","244","216","3.6","19","18","","https://map.kakao.com/link/by/walk/U4+%EC%9E%90%EC%97%B0%EA%B3%BC%ED%95%99%EA%B4%80,36.9489430964899,127.90700359588/U11+%EA%B8%80%EB%A1%9C%EC%BB%AC%EC%9D%B4%EC%9D%8C%EA%B4%80,36.9483664278494,127.909358814133"
"U4","자연과학관","U12","창업보육센터","398","348","5.8","19","32","","https://map.kakao.com/link/by/walk/U4+%EC%9E%90%EC%97%B0%EA%B3%BC%ED%95%99%EA%B4%80,36.9489430964899,127.90700359588/U12+%EC%B0%BD%EC%97%85%EB%B3%B4%EC%9C%A1%EC%84%BC%ED%84%B0,36.9481064358336,127.91012810401521"
"U4","자연과학관","U13","건국골프연습장","408","348","5.8","19","10","","https://map.kakao.com/link/by/walk/U4+%EC%9E%90%EC%97%B0%EA%B3%BC%ED%95%99%EA%B4%80,36.9489430964899,127.90700359588/U13+%EA%B1%B4%EA%B5%AD%EA%B3%A8%ED%94%84%EC%97%B0%EC%8A%B5%EC%9E%A5,36.9471716091744,127.909596081006"
"U4","자연과학관","U14","건국터미널","476","392","6.5","19","10","","https://map.kakao.com/link/by/walk/U4+%EC%9E%90%EC%97%B0%EA%B3%BC%ED%95%99%EA%B4%80,36.9489430964899,127.90700359588/U14+%EA%B1%B4%EA%B5%AD%ED%84%B0%EB%AF%B8%EB%84%90,36.9513587387715,127.90453536758"
"U4","자연과학관","U15","건국어린이집","377","301","5","19","19","","https://map.kakao.com/link/by/walk/U4+%EC%9E%90%EC%97%B0%EA%B3%BC%ED%95%99%EA%B4%80,36.9489430964899,127.90700359588/U15+%EA%B1%B4%EA%B5%AD%EC%96%B4%EB%A6%B0%EC%9D%B4%EC%A7%91,36.950716336504385,127.90464677553264"
"U5","국제교육관","K1","학생회관","696","629","10.5","14","22","","https://map.kakao.com/link/by/walk/U5+%EA%B5%AD%EC%A0%9C%EA%B5%90%EC%9C%A1%EA%B4%80,36.9481807825323,127.906770027989/K1+%ED%95%99%EC%83%9D%ED%9A%8C%EA%B4%80,36.9513965682655,127.907135975813"
"U5","국제교육관","K2","의학관","586","525","8.8","14","23","","https://map.kakao.com/link/by/walk/U5+%EA%B5%AD%EC%A0%9C%EA%B5%90%EC%9C%A1%EA%B4%80,36.9481807825323,127.906770027989/K2+%EC%9D%98%ED%95%99%EA%B4%80,36.9505882991222,127.907728148197"
"U5","국제교육관","K3","교수연구동","566","509","8.5","14","8","","https://map.kakao.com/link/by/walk/U5+%EA%B5%AD%EC%A0%9C%EA%B5%90%EC%9C%A1%EA%B4%80,36.9481807825323,127.906770027989/K3+%EA%B5%90%EC%88%98%EC%97%B0%EA%B5%AC%EB%8F%99,36.9506791828455,127.908568994305"
"U5","국제교육관","K4","모시래학사(대표지점)","750","660","11","14","17","","https://map.kakao.com/link/by/walk/U5+%EA%B5%AD%EC%A0%9C%EA%B5%90%EC%9C%A1%EA%B4%80,36.9481807825323,127.906770027989/K4+%EB%AA%A8%EC%8B%9C%EB%9E%98%ED%95%99%EC%82%AC%28%EB%8C%80%ED%91%9C%EC%A7%80%EC%A0%90%29,36.9513477512316,127.909277496553"
"U5","국제교육관","K5","모시래학사(여동본관)","597","527","8.8","14","13","","https://map.kakao.com/link/by/walk/U5+%EA%B5%AD%EC%A0%9C%EA%B5%90%EC%9C%A1%EA%B4%80,36.9481807825323,127.906770027989/K5+%EB%AA%A8%EC%8B%9C%EB%9E%98%ED%95%99%EC%82%AC%28%EC%97%AC%EB%8F%99%EB%B3%B8%EA%B4%80%29,36.9509112242749,127.909802215742"
"U5","국제교육관","K6","인문사회관","437","393","6.6","14","7","","https://map.kakao.com/link/by/walk/U5+%EA%B5%AD%EC%A0%9C%EA%B5%90%EC%9C%A1%EA%B4%80,36.9481807825323,127.906770027989/K6+%EC%9D%B8%EB%AC%B8%EC%82%AC%ED%9A%8C%EA%B4%80,36.949703757427,127.90886726529"
"U5","국제교육관","K7","건국체육관","536","473","7.9","14","33","","https://map.kakao.com/link/by/walk/U5+%EA%B5%AD%EC%A0%9C%EA%B5%90%EC%9C%A1%EA%B4%80,36.9481807825323,127.906770027989/K7+%EA%B1%B4%EA%B5%AD%EC%B2%B4%EC%9C%A1%EA%B4%80,36.9494687336754,127.909906306991"
"U5","국제교육관","K8","자산관리동","664","594","9.9","14","30","","https://map.kakao.com/link/by/walk/U5+%EA%B5%AD%EC%A0%9C%EA%B5%90%EC%9C%A1%EA%B4%80,36.9481807825323,127.906770027989/K8+%EC%9E%90%EC%82%B0%EA%B4%80%EB%A6%AC%EB%8F%99,36.950034281342724,127.91030035688091"
"U5","국제교육관","K9","학군단","591","525","8.8","14","10","","https://map.kakao.com/link/by/walk/U5+%EA%B5%AD%EC%A0%9C%EA%B5%90%EC%9C%A1%EA%B4%80,36.9481807825323,127.906770027989/K9+%ED%95%99%EA%B5%B0%EB%8B%A8,36.9497513666203,127.910650631214"
"U5","국제교육관","K10","해오름학사","734","659","11","14","16","","https://map.kakao.com/link/by/walk/U5+%EA%B5%AD%EC%A0%9C%EA%B5%90%EC%9C%A1%EA%B4%80,36.9481807825323,127.906770027989/K10+%ED%95%B4%EC%98%A4%EB%A6%84%ED%95%99%EC%82%AC,36.9488227745106,127.912359486364"
"U5","국제교육관","U1","행정관","542","474","7.9","14","12","","https://map.kakao.com/link/by/walk/U5+%EA%B5%AD%EC%A0%9C%EA%B5%90%EC%9C%A1%EA%B4%80,36.9481807825323,127.906770027989/U1+%ED%96%89%EC%A0%95%EA%B4%80,36.9497994772544,127.906718487499"
"U5","국제교육관","U2","생명과학관","412","352","5.9","14","16","","https://map.kakao.com/link/by/walk/U5+%EA%B5%AD%EC%A0%9C%EA%B5%90%EC%9C%A1%EA%B4%80,36.9481807825323,127.906770027989/U2+%EC%83%9D%EB%AA%85%EA%B3%BC%ED%95%99%EA%B4%80,36.949166029296364,127.90589255857277"
"U5","국제교육관","U4","자연과학관","337","295","4.9","14","19","","https://map.kakao.com/link/by/walk/U5+%EA%B5%AD%EC%A0%9C%EA%B5%90%EC%9C%A1%EA%B4%80,36.9481807825323,127.906770027989/U4+%EC%9E%90%EC%97%B0%EA%B3%BC%ED%95%99%EA%B4%80,36.9489430964899,127.90700359588"
"U5","국제교육관","U6","창의예술관","180","157","2.6","14","11","","https://map.kakao.com/link/by/walk/U5+%EA%B5%AD%EC%A0%9C%EA%B5%90%EC%9C%A1%EA%B4%80,36.9481807825323,127.906770027989/U6+%EC%B0%BD%EC%9D%98%EC%98%88%EC%88%A0%EA%B4%80,36.9482779802897,127.907610921403"
"U5","국제교육관","U7","중원도서관","369","330","5.5","14","23","","https://map.kakao.com/link/by/walk/U5+%EA%B5%AD%EC%A0%9C%EA%B5%90%EC%9C%A1%EA%B4%80,36.9481807825323,127.906770027989/U7+%EC%A4%91%EC%9B%90%EB%8F%84%EC%84%9C%EA%B4%80,36.948881714009254,127.90845614834129"
"U5","국제교육관","U8","복합실습동","159","138","2.3","14","11","","https://map.kakao.com/link/by/walk/U5+%EA%B5%AD%EC%A0%9C%EA%B5%90%EC%9C%A1%EA%B4%80,36.9481807825323,127.906770027989/U8+%EB%B3%B5%ED%95%A9%EC%8B%A4%EC%8A%B5%EB%8F%99,36.9475303665141,127.907458353921"
"U5","국제교육관","U10","상허연구동","252","215","3.6","14","13","","https://map.kakao.com/link/by/walk/U5+%EA%B5%AD%EC%A0%9C%EA%B5%90%EC%9C%A1%EA%B4%80,36.9481807825323,127.906770027989/U10+%EC%83%81%ED%97%88%EC%97%B0%EA%B5%AC%EB%8F%99,36.947886052589695,127.90854929152806"
"U5","국제교육관","U11","글로컬이음관","358","311","5.2","14","18","","https://map.kakao.com/link/by/walk/U5+%EA%B5%AD%EC%A0%9C%EA%B5%90%EC%9C%A1%EA%B4%80,36.9481807825323,127.906770027989/U11+%EA%B8%80%EB%A1%9C%EC%BB%AC%EC%9D%B4%EC%9D%8C%EA%B4%80,36.9483664278494,127.909358814133"
"U5","국제교육관","U12","창업보육센터","513","442","7.4","14","32","","https://map.kakao.com/link/by/walk/U5+%EA%B5%AD%EC%A0%9C%EA%B5%90%EC%9C%A1%EA%B4%80,36.9481807825323,127.906770027989/U12+%EC%B0%BD%EC%97%85%EB%B3%B4%EC%9C%A1%EC%84%BC%ED%84%B0,36.9481064358336,127.91012810401521"
"U5","국제교육관","U13","건국골프연습장","332","273","4.6","14","10","","https://map.kakao.com/link/by/walk/U5+%EA%B5%AD%EC%A0%9C%EA%B5%90%EC%9C%A1%EA%B4%80,36.9481807825323,127.906770027989/U13+%EA%B1%B4%EA%B5%AD%EA%B3%A8%ED%94%84%EC%97%B0%EC%8A%B5%EC%9E%A5,36.9471716091744,127.909596081006"
"U5","국제교육관","U14","건국터미널","774","653","10.9","14","10","","https://map.kakao.com/link/by/walk/U5+%EA%B5%AD%EC%A0%9C%EA%B5%90%EC%9C%A1%EA%B4%80,36.9481807825323,127.906770027989/U14+%EA%B1%B4%EA%B5%AD%ED%84%B0%EB%AF%B8%EB%84%90,36.9513587387715,127.90453536758"
"U5","국제교육관","U15","건국어린이집","676","562","9.4","14","19","","https://map.kakao.com/link/by/walk/U5+%EA%B5%AD%EC%A0%9C%EA%B5%90%EC%9C%A1%EA%B4%80,36.9481807825323,127.906770027989/U15+%EA%B1%B4%EA%B5%AD%EC%96%B4%EB%A6%B0%EC%9D%B4%EC%A7%91,36.950716336504385,127.90464677553264"
"U6","창의예술관","K1","학생회관","546","498","8.3","11","22","","https://map.kakao.com/link/by/walk/U6+%EC%B0%BD%EC%9D%98%EC%98%88%EC%88%A0%EA%B4%80,36.9482779802897,127.907610921403/K1+%ED%95%99%EC%83%9D%ED%9A%8C%EA%B4%80,36.9513965682655,127.907135975813"
"U6","창의예술관","K2","의학관","436","395","6.6","11","23","","https://map.kakao.com/link/by/walk/U6+%EC%B0%BD%EC%9D%98%EC%98%88%EC%88%A0%EA%B4%80,36.9482779802897,127.907610921403/K2+%EC%9D%98%ED%95%99%EA%B4%80,36.9505882991222,127.907728148197"
"U6","창의예술관","K3","교수연구동","417","378","6.3","11","8","","https://map.kakao.com/link/by/walk/U6+%EC%B0%BD%EC%9D%98%EC%98%88%EC%88%A0%EA%B4%80,36.9482779802897,127.907610921403/K3+%EA%B5%90%EC%88%98%EC%97%B0%EA%B5%AC%EB%8F%99,36.9506791828455,127.908568994305"
"U6","창의예술관","K4","모시래학사(대표지점)","600","530","8.8","11","17","","https://map.kakao.com/link/by/walk/U6+%EC%B0%BD%EC%9D%98%EC%98%88%EC%88%A0%EA%B4%80,36.9482779802897,127.907610921403/K4+%EB%AA%A8%EC%8B%9C%EB%9E%98%ED%95%99%EC%82%AC%28%EB%8C%80%ED%91%9C%EC%A7%80%EC%A0%90%29,36.9513477512316,127.909277496553"
"U6","창의예술관","K5","모시래학사(여동본관)","448","397","6.6","11","13","","https://map.kakao.com/link/by/walk/U6+%EC%B0%BD%EC%9D%98%EC%98%88%EC%88%A0%EA%B4%80,36.9482779802897,127.907610921403/K5+%EB%AA%A8%EC%8B%9C%EB%9E%98%ED%95%99%EC%82%AC%28%EC%97%AC%EB%8F%99%EB%B3%B8%EA%B4%80%29,36.9509112242749,127.909802215742"
"U6","창의예술관","K6","인문사회관","287","262","4.4","11","7","","https://map.kakao.com/link/by/walk/U6+%EC%B0%BD%EC%9D%98%EC%98%88%EC%88%A0%EA%B4%80,36.9482779802897,127.907610921403/K6+%EC%9D%B8%EB%AC%B8%EC%82%AC%ED%9A%8C%EA%B4%80,36.949703757427,127.90886726529"
"U6","창의예술관","K7","건국체육관","379","336","5.6","11","33","","https://map.kakao.com/link/by/walk/U6+%EC%B0%BD%EC%9D%98%EC%98%88%EC%88%A0%EA%B4%80,36.9482779802897,127.907610921403/K7+%EA%B1%B4%EA%B5%AD%EC%B2%B4%EC%9C%A1%EA%B4%80,36.9494687336754,127.909906306991"
"U6","창의예술관","K8","자산관리동","506","456","7.6","11","30","","https://map.kakao.com/link/by/walk/U6+%EC%B0%BD%EC%9D%98%EC%98%88%EC%88%A0%EA%B4%80,36.9482779802897,127.907610921403/K8+%EC%9E%90%EC%82%B0%EA%B4%80%EB%A6%AC%EB%8F%99,36.950034281342724,127.91030035688091"
"U6","창의예술관","K9","학군단","433","388","6.5","11","10","","https://map.kakao.com/link/by/walk/U6+%EC%B0%BD%EC%9D%98%EC%98%88%EC%88%A0%EA%B4%80,36.9482779802897,127.907610921403/K9+%ED%95%99%EA%B5%B0%EB%8B%A8,36.9497513666203,127.910650631214"
"U6","창의예술관","K10","해오름학사","576","522","8.7","11","16","","https://map.kakao.com/link/by/walk/U6+%EC%B0%BD%EC%9D%98%EC%98%88%EC%88%A0%EA%B4%80,36.9482779802897,127.907610921403/K10+%ED%95%B4%EC%98%A4%EB%A6%84%ED%95%99%EC%82%AC,36.9488227745106,127.912359486364"
"U6","창의예술관","U1","행정관","392","344","5.7","11","12","","https://map.kakao.com/link/by/walk/U6+%EC%B0%BD%EC%9D%98%EC%98%88%EC%88%A0%EA%B4%80,36.9482779802897,127.907610921403/U1+%ED%96%89%EC%A0%95%EA%B4%80,36.9497994772544,127.906718487499"
"U6","창의예술관","U2","생명과학관","262","221","3.7","11","16","","https://map.kakao.com/link/by/walk/U6+%EC%B0%BD%EC%9D%98%EC%98%88%EC%88%A0%EA%B4%80,36.9482779802897,127.907610921403/U2+%EC%83%9D%EB%AA%85%EA%B3%BC%ED%95%99%EA%B4%80,36.949166029296364,127.90589255857277"
"U6","창의예술관","U4","자연과학관","187","164","2.7","11","19","","https://map.kakao.com/link/by/walk/U6+%EC%B0%BD%EC%9D%98%EC%98%88%EC%88%A0%EA%B4%80,36.9482779802897,127.907610921403/U4+%EC%9E%90%EC%97%B0%EA%B3%BC%ED%95%99%EA%B4%80,36.9489430964899,127.90700359588"
"U6","창의예술관","U5","국제교육관","180","165","2.8","11","14","","https://map.kakao.com/link/by/walk/U6+%EC%B0%BD%EC%9D%98%EC%98%88%EC%88%A0%EA%B4%80,36.9482779802897,127.907610921403/U5+%EA%B5%AD%EC%A0%9C%EA%B5%90%EC%9C%A1%EA%B4%80,36.9481807825323,127.906770027989"
"U6","창의예술관","U7","중원도서관","220","200","3.3","11","23","","https://map.kakao.com/link/by/walk/U6+%EC%B0%BD%EC%9D%98%EC%98%88%EC%88%A0%EA%B4%80,36.9482779802897,127.907610921403/U7+%EC%A4%91%EC%9B%90%EB%8F%84%EC%84%9C%EA%B4%80,36.948881714009254,127.90845614834129"
"U6","창의예술관","U8","복합실습동","113","100","1.7","11","11","","https://map.kakao.com/link/by/walk/U6+%EC%B0%BD%EC%9D%98%EC%98%88%EC%88%A0%EA%B4%80,36.9482779802897,127.907610921403/U8+%EB%B3%B5%ED%95%A9%EC%8B%A4%EC%8A%B5%EB%8F%99,36.9475303665141,127.907458353921"
"U6","창의예술관","U10","상허연구동","118","98","1.6","11","13","","https://map.kakao.com/link/by/walk/U6+%EC%B0%BD%EC%9D%98%EC%98%88%EC%88%A0%EA%B4%80,36.9482779802897,127.907610921403/U10+%EC%83%81%ED%97%88%EC%97%B0%EA%B5%AC%EB%8F%99,36.947886052589695,127.90854929152806"
"U6","창의예술관","U11","글로컬이음관","200","173","2.9","11","18","","https://map.kakao.com/link/by/walk/U6+%EC%B0%BD%EC%9D%98%EC%98%88%EC%88%A0%EA%B4%80,36.9482779802897,127.907610921403/U11+%EA%B8%80%EB%A1%9C%EC%BB%AC%EC%9D%B4%EC%9D%8C%EA%B4%80,36.9483664278494,127.909358814133"
"U6","창의예술관","U12","창업보육센터","355","305","5.1","11","32","","https://map.kakao.com/link/by/walk/U6+%EC%B0%BD%EC%9D%98%EC%98%88%EC%88%A0%EA%B4%80,36.9482779802897,127.907610921403/U12+%EC%B0%BD%EC%97%85%EB%B3%B4%EC%9C%A1%EC%84%BC%ED%84%B0,36.9481064358336,127.91012810401521"
"U6","창의예술관","U13","건국골프연습장","278","228","3.8","11","10","","https://map.kakao.com/link/by/walk/U6+%EC%B0%BD%EC%9D%98%EC%98%88%EC%88%A0%EA%B4%80,36.9482779802897,127.907610921403/U13+%EA%B1%B4%EA%B5%AD%EA%B3%A8%ED%94%84%EC%97%B0%EC%8A%B5%EC%9E%A5,36.9471716091744,127.909596081006"
"U6","창의예술관","U14","건국터미널","624","523","8.7","11","10","","https://map.kakao.com/link/by/walk/U6+%EC%B0%BD%EC%9D%98%EC%98%88%EC%88%A0%EA%B4%80,36.9482779802897,127.907610921403/U14+%EA%B1%B4%EA%B5%AD%ED%84%B0%EB%AF%B8%EB%84%90,36.9513587387715,127.90453536758"
"U6","창의예술관","U15","건국어린이집","526","431","7.2","11","19","","https://map.kakao.com/link/by/walk/U6+%EC%B0%BD%EC%9D%98%EC%98%88%EC%88%A0%EA%B4%80,36.9482779802897,127.907610921403/U15+%EA%B1%B4%EA%B5%AD%EC%96%B4%EB%A6%B0%EC%9D%B4%EC%A7%91,36.950716336504385,127.90464677553264"
"U7","중원도서관","K1","학생회관","448","407","6.8","23","22","","https://map.kakao.com/link/by/walk/U7+%EC%A4%91%EC%9B%90%EB%8F%84%EC%84%9C%EA%B4%80,36.948881714009254,127.90845614834129/K1+%ED%95%99%EC%83%9D%ED%9A%8C%EA%B4%80,36.9513965682655,127.907135975813"
"U7","중원도서관","K2","의학관","302","272","4.5","23","23","","https://map.kakao.com/link/by/walk/U7+%EC%A4%91%EC%9B%90%EB%8F%84%EC%84%9C%EA%B4%80,36.948881714009254,127.90845614834129/K2+%EC%9D%98%ED%95%99%EA%B4%80,36.9505882991222,127.907728148197"
"U7","중원도서관","K3","교수연구동","283","255","4.3","23","8","","https://map.kakao.com/link/by/walk/U7+%EC%A4%91%EC%9B%90%EB%8F%84%EC%84%9C%EA%B4%80,36.948881714009254,127.90845614834129/K3+%EA%B5%90%EC%88%98%EC%97%B0%EA%B5%AC%EB%8F%99,36.9506791828455,127.908568994305"
"U7","중원도서관","K4","모시래학사(대표지점)","487","415","6.9","23","17","","https://map.kakao.com/link/by/walk/U7+%EC%A4%91%EC%9B%90%EB%8F%84%EC%84%9C%EA%B4%80,36.948881714009254,127.90845614834129/K4+%EB%AA%A8%EC%8B%9C%EB%9E%98%ED%95%99%EC%82%AC%28%EB%8C%80%ED%91%9C%EC%A7%80%EC%A0%90%29,36.9513477512316,127.909277496553"
"U7","중원도서관","K5","모시래학사(여동본관)","314","274","4.6","23","13","","https://map.kakao.com/link/by/walk/U7+%EC%A4%91%EC%9B%90%EB%8F%84%EC%84%9C%EA%B4%80,36.948881714009254,127.90845614834129/K5+%EB%AA%A8%EC%8B%9C%EB%9E%98%ED%95%99%EC%82%AC%28%EC%97%AC%EB%8F%99%EB%B3%B8%EA%B4%80%29,36.9509112242749,127.909802215742"
"U7","중원도서관","K6","인문사회관","131","120","2","23","7","","https://map.kakao.com/link/by/walk/U7+%EC%A4%91%EC%9B%90%EB%8F%84%EC%84%9C%EA%B4%80,36.948881714009254,127.90845614834129/K6+%EC%9D%B8%EB%AC%B8%EC%82%AC%ED%9A%8C%EA%B4%80,36.949703757427,127.90886726529"
"U7","중원도서관","K7","건국체육관","295","258","4.3","23","33","","https://map.kakao.com/link/by/walk/U7+%EC%A4%91%EC%9B%90%EB%8F%84%EC%84%9C%EA%B4%80,36.948881714009254,127.90845614834129/K7+%EA%B1%B4%EA%B5%AD%EC%B2%B4%EC%9C%A1%EA%B4%80,36.9494687336754,127.909906306991"
"U7","중원도서관","K8","자산관리동","419","381","6.4","23","30","","https://map.kakao.com/link/by/walk/U7+%EC%A4%91%EC%9B%90%EB%8F%84%EC%84%9C%EA%B4%80,36.948881714009254,127.90845614834129/K8+%EC%9E%90%EC%82%B0%EA%B4%80%EB%A6%AC%EB%8F%99,36.950034281342724,127.91030035688091"
"U7","중원도서관","K9","학군단","349","309","5.2","23","10","","https://map.kakao.com/link/by/walk/U7+%EC%A4%91%EC%9B%90%EB%8F%84%EC%84%9C%EA%B4%80,36.948881714009254,127.90845614834129/K9+%ED%95%99%EA%B5%B0%EB%8B%A8,36.9497513666203,127.910650631214"
"U7","중원도서관","K10","해오름학사","511","461","7.7","23","16","","https://map.kakao.com/link/by/walk/U7+%EC%A4%91%EC%9B%90%EB%8F%84%EC%84%9C%EA%B4%80,36.948881714009254,127.90845614834129/K10+%ED%95%B4%EC%98%A4%EB%A6%84%ED%95%99%EC%82%AC,36.9488227745106,127.912359486364"
"U7","중원도서관","U1","행정관","326","279","4.7","23","12","","https://map.kakao.com/link/by/walk/U7+%EC%A4%91%EC%9B%90%EB%8F%84%EC%84%9C%EA%B4%80,36.948881714009254,127.90845614834129/U1+%ED%96%89%EC%A0%95%EA%B4%80,36.9497994772544,127.906718487499"
"U7","중원도서관","U2","생명과학관","326","276","4.6","23","16","","https://map.kakao.com/link/by/walk/U7+%EC%A4%91%EC%9B%90%EB%8F%84%EC%84%9C%EA%B4%80,36.948881714009254,127.90845614834129/U2+%EC%83%9D%EB%AA%85%EA%B3%BC%ED%95%99%EA%B4%80,36.949166029296364,127.90589255857277"
"U7","중원도서관","U4","자연과학관","181","156","2.6","23","19","","https://map.kakao.com/link/by/walk/U7+%EC%A4%91%EC%9B%90%EB%8F%84%EC%84%9C%EA%B4%80,36.948881714009254,127.90845614834129/U4+%EC%9E%90%EC%97%B0%EA%B3%BC%ED%95%99%EA%B4%80,36.9489430964899,127.90700359588"
"U7","중원도서관","U5","국제교육관","369","331","5.5","23","14","","https://map.kakao.com/link/by/walk/U7+%EC%A4%91%EC%9B%90%EB%8F%84%EC%84%9C%EA%B4%80,36.948881714009254,127.90845614834129/U5+%EA%B5%AD%EC%A0%9C%EA%B5%90%EC%9C%A1%EA%B4%80,36.9481807825323,127.906770027989"
"U7","중원도서관","U6","창의예술관","220","193","3.2","23","11","","https://map.kakao.com/link/by/walk/U7+%EC%A4%91%EC%9B%90%EB%8F%84%EC%84%9C%EA%B4%80,36.948881714009254,127.90845614834129/U6+%EC%B0%BD%EC%9D%98%EC%98%88%EC%88%A0%EA%B4%80,36.9482779802897,127.907610921403"
"U7","중원도서관","U8","복합실습동","303","267","4.5","23","11","","https://map.kakao.com/link/by/walk/U7+%EC%A4%91%EC%9B%90%EB%8F%84%EC%84%9C%EA%B4%80,36.948881714009254,127.90845614834129/U8+%EB%B3%B5%ED%95%A9%EC%8B%A4%EC%8A%B5%EB%8F%99,36.9475303665141,127.907458353921"
"U7","중원도서관","U10","상허연구동","261","223","3.7","23","13","","https://map.kakao.com/link/by/walk/U7+%EC%A4%91%EC%9B%90%EB%8F%84%EC%84%9C%EA%B4%80,36.948881714009254,127.90845614834129/U10+%EC%83%81%ED%97%88%EC%97%B0%EA%B5%AC%EB%8F%99,36.947886052589695,127.90854929152806"
"U7","중원도서관","U11","글로컬이음관","232","199","3.3","23","18","","https://map.kakao.com/link/by/walk/U7+%EC%A4%91%EC%9B%90%EB%8F%84%EC%84%9C%EA%B4%80,36.948881714009254,127.90845614834129/U11+%EA%B8%80%EB%A1%9C%EC%BB%AC%EC%9D%B4%EC%9D%8C%EA%B4%80,36.9483664278494,127.909358814133"
"U7","중원도서관","U12","창업보육센터","290","244","4.1","23","32","","https://map.kakao.com/link/by/walk/U7+%EC%A4%91%EC%9B%90%EB%8F%84%EC%84%9C%EA%B4%80,36.948881714009254,127.90845614834129/U12+%EC%B0%BD%EC%97%85%EB%B3%B4%EC%9C%A1%EC%84%BC%ED%84%B0,36.9481064358336,127.91012810401521"
"U7","중원도서관","U13","건국골프연습장","409","342","5.7","23","10","","https://map.kakao.com/link/by/walk/U7+%EC%A4%91%EC%9B%90%EB%8F%84%EC%84%9C%EA%B4%80,36.948881714009254,127.90845614834129/U13+%EA%B1%B4%EA%B5%AD%EA%B3%A8%ED%94%84%EC%97%B0%EC%8A%B5%EC%9E%A5,36.9471716091744,127.909596081006"
"U7","중원도서관","U14","건국터미널","536","456","7.6","23","10","","https://map.kakao.com/link/by/walk/U7+%EC%A4%91%EC%9B%90%EB%8F%84%EC%84%9C%EA%B4%80,36.948881714009254,127.90845614834129/U14+%EA%B1%B4%EA%B5%AD%ED%84%B0%EB%AF%B8%EB%84%90,36.9513587387715,127.90453536758"
"U7","중원도서관","U15","건국어린이집","520","423","7.1","23","19","","https://map.kakao.com/link/by/walk/U7+%EC%A4%91%EC%9B%90%EB%8F%84%EC%84%9C%EA%B4%80,36.948881714009254,127.90845614834129/U15+%EA%B1%B4%EA%B5%AD%EC%96%B4%EB%A6%B0%EC%9D%B4%EC%A7%91,36.950716336504385,127.90464677553264"
"U8","복합실습동","K1","학생회관","629","573","9.6","11","22","","https://map.kakao.com/link/by/walk/U8+%EB%B3%B5%ED%95%A9%EC%8B%A4%EC%8A%B5%EB%8F%99,36.9475303665141,127.907458353921/K1+%ED%95%99%EC%83%9D%ED%9A%8C%EA%B4%80,36.9513965682655,127.907135975813"
"U8","복합실습동","K2","의학관","519","470","7.8","11","23","","https://map.kakao.com/link/by/walk/U8+%EB%B3%B5%ED%95%A9%EC%8B%A4%EC%8A%B5%EB%8F%99,36.9475303665141,127.907458353921/K2+%EC%9D%98%ED%95%99%EA%B4%80,36.9505882991222,127.907728148197"
"U8","복합실습동","K3","교수연구동","500","453","7.6","11","8","","https://map.kakao.com/link/by/walk/U8+%EB%B3%B5%ED%95%A9%EC%8B%A4%EC%8A%B5%EB%8F%99,36.9475303665141,127.907458353921/K3+%EA%B5%90%EC%88%98%EC%97%B0%EA%B5%AC%EB%8F%99,36.9506791828455,127.908568994305"
"U8","복합실습동","K4","모시래학사(대표지점)","684","605","10.1","11","17","","https://map.kakao.com/link/by/walk/U8+%EB%B3%B5%ED%95%A9%EC%8B%A4%EC%8A%B5%EB%8F%99,36.9475303665141,127.907458353921/K4+%EB%AA%A8%EC%8B%9C%EB%9E%98%ED%95%99%EC%82%AC%28%EB%8C%80%ED%91%9C%EC%A7%80%EC%A0%90%29,36.9513477512316,127.909277496553"
"U8","복합실습동","K5","모시래학사(여동본관)","531","472","7.9","11","13","","https://map.kakao.com/link/by/walk/U8+%EB%B3%B5%ED%95%A9%EC%8B%A4%EC%8A%B5%EB%8F%99,36.9475303665141,127.907458353921/K5+%EB%AA%A8%EC%8B%9C%EB%9E%98%ED%95%99%EC%82%AC%28%EC%97%AC%EB%8F%99%EB%B3%B8%EA%B4%80%29,36.9509112242749,127.909802215742"
"U8","복합실습동","K6","인문사회관","370","337","5.6","11","7","","https://map.kakao.com/link/by/walk/U8+%EB%B3%B5%ED%95%A9%EC%8B%A4%EC%8A%B5%EB%8F%99,36.9475303665141,127.907458353921/K6+%EC%9D%B8%EB%AC%B8%EC%82%AC%ED%9A%8C%EA%B4%80,36.949703757427,127.90886726529"
"U8","복합실습동","K7","건국체육관","454","404","6.7","11","33","","https://map.kakao.com/link/by/walk/U8+%EB%B3%B5%ED%95%A9%EC%8B%A4%EC%8A%B5%EB%8F%99,36.9475303665141,127.907458353921/K7+%EA%B1%B4%EA%B5%AD%EC%B2%B4%EC%9C%A1%EA%B4%80,36.9494687336754,127.909906306991"
"U8","복합실습동","K8","자산관리동","581","524","8.7","11","30","","https://map.kakao.com/link/by/walk/U8+%EB%B3%B5%ED%95%A9%EC%8B%A4%EC%8A%B5%EB%8F%99,36.9475303665141,127.907458353921/K8+%EC%9E%90%EC%82%B0%EA%B4%80%EB%A6%AC%EB%8F%99,36.950034281342724,127.91030035688091"
"U8","복합실습동","K9","학군단","508","455","7.6","11","10","","https://map.kakao.com/link/by/walk/U8+%EB%B3%B5%ED%95%A9%EC%8B%A4%EC%8A%B5%EB%8F%99,36.9475303665141,127.907458353921/K9+%ED%95%99%EA%B5%B0%EB%8B%A8,36.9497513666203,127.910650631214"
"U8","복합실습동","K10","해오름학사","651","590","9.8","11","16","","https://map.kakao.com/link/by/walk/U8+%EB%B3%B5%ED%95%A9%EC%8B%A4%EC%8A%B5%EB%8F%99,36.9475303665141,127.907458353921/K10+%ED%95%B4%EC%98%A4%EB%A6%84%ED%95%99%EC%82%AC,36.9488227745106,127.912359486364"
"U8","복합실습동","U1","행정관","475","418","7","11","12","","https://map.kakao.com/link/by/walk/U8+%EB%B3%B5%ED%95%A9%EC%8B%A4%EC%8A%B5%EB%8F%99,36.9475303665141,127.907458353921/U1+%ED%96%89%EC%A0%95%EA%B4%80,36.9497994772544,127.906718487499"
"U8","복합실습동","U2","생명과학관","345","296","4.9","11","16","","https://map.kakao.com/link/by/walk/U8+%EB%B3%B5%ED%95%A9%EC%8B%A4%EC%8A%B5%EB%8F%99,36.9475303665141,127.907458353921/U2+%EC%83%9D%EB%AA%85%EA%B3%BC%ED%95%99%EA%B4%80,36.949166029296364,127.90589255857277"
"U8","복합실습동","U4","자연과학관","270","239","4","11","19","","https://map.kakao.com/link/by/walk/U8+%EB%B3%B5%ED%95%A9%EC%8B%A4%EC%8A%B5%EB%8F%99,36.9475303665141,127.907458353921/U4+%EC%9E%90%EC%97%B0%EA%B3%BC%ED%95%99%EA%B4%80,36.9489430964899,127.90700359588"
"U8","복합실습동","U5","국제교육관","159","147","2.5","11","14","","https://map.kakao.com/link/by/walk/U8+%EB%B3%B5%ED%95%A9%EC%8B%A4%EC%8A%B5%EB%8F%99,36.9475303665141,127.907458353921/U5+%EA%B5%AD%EC%A0%9C%EA%B5%90%EC%9C%A1%EA%B4%80,36.9481807825323,127.906770027989"
"U8","복합실습동","U6","창의예술관","113","102","1.7","11","11","","https://map.kakao.com/link/by/walk/U8+%EB%B3%B5%ED%95%A9%EC%8B%A4%EC%8A%B5%EB%8F%99,36.9475303665141,127.907458353921/U6+%EC%B0%BD%EC%9D%98%EC%98%88%EC%88%A0%EA%B4%80,36.9482779802897,127.907610921403"
"U8","복합실습동","U7","중원도서관","303","275","4.6","11","23","","https://map.kakao.com/link/by/walk/U8+%EB%B3%B5%ED%95%A9%EC%8B%A4%EC%8A%B5%EB%8F%99,36.9475303665141,127.907458353921/U7+%EC%A4%91%EC%9B%90%EB%8F%84%EC%84%9C%EA%B4%80,36.948881714009254,127.90845614834129"
"U8","복합실습동","U10","상허연구동","162","139","2.3","11","13","","https://map.kakao.com/link/by/walk/U8+%EB%B3%B5%ED%95%A9%EC%8B%A4%EC%8A%B5%EB%8F%99,36.9475303665141,127.907458353921/U10+%EC%83%81%ED%97%88%EC%97%B0%EA%B5%AC%EB%8F%99,36.947886052589695,127.90854929152806"
"U8","복합실습동","U11","글로컬이음관","275","241","4","11","18","","https://map.kakao.com/link/by/walk/U8+%EB%B3%B5%ED%95%A9%EC%8B%A4%EC%8A%B5%EB%8F%99,36.9475303665141,127.907458353921/U11+%EA%B8%80%EB%A1%9C%EC%BB%AC%EC%9D%B4%EC%9D%8C%EA%B4%80,36.9483664278494,127.909358814133"
"U8","복합실습동","U12","창업보육센터","430","373","6.2","11","32","","https://map.kakao.com/link/by/walk/U8+%EB%B3%B5%ED%95%A9%EC%8B%A4%EC%8A%B5%EB%8F%99,36.9475303665141,127.907458353921/U12+%EC%B0%BD%EC%97%85%EB%B3%B4%EC%9C%A1%EC%84%BC%ED%84%B0,36.9481064358336,127.91012810401521"
"U8","복합실습동","U13","건국골프연습장","243","197","3.3","11","10","","https://map.kakao.com/link/by/walk/U8+%EB%B3%B5%ED%95%A9%EC%8B%A4%EC%8A%B5%EB%8F%99,36.9475303665141,127.907458353921/U13+%EA%B1%B4%EA%B5%AD%EA%B3%A8%ED%94%84%EC%97%B0%EC%8A%B5%EC%9E%A5,36.9471716091744,127.909596081006"
"U8","복합실습동","U14","건국터미널","708","598","10","11","10","","https://map.kakao.com/link/by/walk/U8+%EB%B3%B5%ED%95%A9%EC%8B%A4%EC%8A%B5%EB%8F%99,36.9475303665141,127.907458353921/U14+%EA%B1%B4%EA%B5%AD%ED%84%B0%EB%AF%B8%EB%84%90,36.9513587387715,127.90453536758"
"U8","복합실습동","U15","건국어린이집","609","506","8.4","11","19","","https://map.kakao.com/link/by/walk/U8+%EB%B3%B5%ED%95%A9%EC%8B%A4%EC%8A%B5%EB%8F%99,36.9475303665141,127.907458353921/U15+%EA%B1%B4%EA%B5%AD%EC%96%B4%EB%A6%B0%EC%9D%B4%EC%A7%91,36.950716336504385,127.90464677553264"
"U10","상허연구동","K1","학생회관","612","565","9.4","13","22","","https://map.kakao.com/link/by/walk/U10+%EC%83%81%ED%97%88%EC%97%B0%EA%B5%AC%EB%8F%99,36.947886052589695,127.90854929152806/K1+%ED%95%99%EC%83%9D%ED%9A%8C%EA%B4%80,36.9513965682655,127.907135975813"
"U10","상허연구동","K2","의학관","478","440","7.3","13","23","","https://map.kakao.com/link/by/walk/U10+%EC%83%81%ED%97%88%EC%97%B0%EA%B5%AC%EB%8F%99,36.947886052589695,127.90854929152806/K2+%EC%9D%98%ED%95%99%EA%B4%80,36.9505882991222,127.907728148197"
"U10","상허연구동","K3","교수연구동","458","424","7.1","13","8","","https://map.kakao.com/link/by/walk/U10+%EC%83%81%ED%97%88%EC%97%B0%EA%B5%AC%EB%8F%99,36.947886052589695,127.90854929152806/K3+%EA%B5%90%EC%88%98%EC%97%B0%EA%B5%AC%EB%8F%99,36.9506791828455,127.908568994305"
"U10","상허연구동","K4","모시래학사(대표지점)","648","570","9.5","13","17","","https://map.kakao.com/link/by/walk/U10+%EC%83%81%ED%97%88%EC%97%B0%EA%B5%AC%EB%8F%99,36.947886052589695,127.90854929152806/K4+%EB%AA%A8%EC%8B%9C%EB%9E%98%ED%95%99%EC%82%AC%28%EB%8C%80%ED%91%9C%EC%A7%80%EC%A0%90%29,36.9513477512316,127.909277496553"
"U10","상허연구동","K5","모시래학사(여동본관)","448","405","6.8","13","13","","https://map.kakao.com/link/by/walk/U10+%EC%83%81%ED%97%88%EC%97%B0%EA%B5%AC%EB%8F%99,36.947886052589695,127.90854929152806/K5+%EB%AA%A8%EC%8B%9C%EB%9E%98%ED%95%99%EC%82%AC%28%EC%97%AC%EB%8F%99%EB%B3%B8%EA%B4%80%29,36.9509112242749,127.909802215742"
"U10","상허연구동","K6","인문사회관","307","288","4.8","13","7","","https://map.kakao.com/link/by/walk/U10+%EC%83%81%ED%97%88%EC%97%B0%EA%B5%AC%EB%8F%99,36.947886052589695,127.90854929152806/K6+%EC%9D%B8%EB%AC%B8%EC%82%AC%ED%9A%8C%EA%B4%80,36.949703757427,127.90886726529"
"U10","상허연구동","K7","건국체육관","364","330","5.5","13","33","","https://map.kakao.com/link/by/walk/U10+%EC%83%81%ED%97%88%EC%97%B0%EA%B5%AC%EB%8F%99,36.947886052589695,127.90854929152806/K7+%EA%B1%B4%EA%B5%AD%EC%B2%B4%EC%9C%A1%EA%B4%80,36.9494687336754,127.909906306991"
"U10","상허연구동","K8","자산관리동","491","450","7.5","13","30","","https://map.kakao.com/link/by/walk/U10+%EC%83%81%ED%97%88%EC%97%B0%EA%B5%AC%EB%8F%99,36.947886052589695,127.90854929152806/K8+%EC%9E%90%EC%82%B0%EA%B4%80%EB%A6%AC%EB%8F%99,36.950034281342724,127.91030035688091"
"U10","상허연구동","K9","학군단","419","382","6.4","13","10","","https://map.kakao.com/link/by/walk/U10+%EC%83%81%ED%97%88%EC%97%B0%EA%B5%AC%EB%8F%99,36.947886052589695,127.90854929152806/K9+%ED%95%99%EA%B5%B0%EB%8B%A8,36.9497513666203,127.910650631214"
"U10","상허연구동","K10","해오름학사","562","516","8.6","13","16","","https://map.kakao.com/link/by/walk/U10+%EC%83%81%ED%97%88%EC%97%B0%EA%B5%AC%EB%8F%99,36.947886052589695,127.90854929152806/K10+%ED%95%B4%EC%98%A4%EB%A6%84%ED%95%99%EC%82%AC,36.9488227745106,127.912359486364"
"U10","상허연구동","U1","행정관","458","410","6.8","13","12","","https://map.kakao.com/link/by/walk/U10+%EC%83%81%ED%97%88%EC%97%B0%EA%B5%AC%EB%8F%99,36.947886052589695,127.90854929152806/U1+%ED%96%89%EC%A0%95%EA%B4%80,36.9497994772544,127.906718487499"
"U10","상허연구동","U2","생명과학관","358","314","5.2","13","16","","https://map.kakao.com/link/by/walk/U10+%EC%83%81%ED%97%88%EC%97%B0%EA%B5%AC%EB%8F%99,36.947886052589695,127.90854929152806/U2+%EC%83%9D%EB%AA%85%EA%B3%BC%ED%95%99%EA%B4%80,36.949166029296364,127.90589255857277"
"U10","상허연구동","U4","자연과학관","253","231","3.9","13","19","","https://map.kakao.com/link/by/walk/U10+%EC%83%81%ED%97%88%EC%97%B0%EA%B5%AC%EB%8F%99,36.947886052589695,127.90854929152806/U4+%EC%9E%90%EC%97%B0%EA%B3%BC%ED%95%99%EA%B4%80,36.9489430964899,127.90700359588"
"U10","상허연구동","U5","국제교육관","252","237","4","13","14","","https://map.kakao.com/link/by/walk/U10+%EC%83%81%ED%97%88%EC%97%B0%EA%B5%AC%EB%8F%99,36.947886052589695,127.90854929152806/U5+%EA%B5%AD%EC%A0%9C%EA%B5%90%EC%9C%A1%EA%B4%80,36.9481807825323,127.906770027989"
"U10","상허연구동","U6","창의예술관","118","113","1.9","13","11","","https://map.kakao.com/link/by/walk/U10+%EC%83%81%ED%97%88%EC%97%B0%EA%B5%AC%EB%8F%99,36.947886052589695,127.90854929152806/U6+%EC%B0%BD%EC%9D%98%EC%98%88%EC%88%A0%EA%B4%80,36.9482779802897,127.907610921403"
"U10","상허연구동","U7","중원도서관","261","245","4.1","13","23","","https://map.kakao.com/link/by/walk/U10+%EC%83%81%ED%97%88%EC%97%B0%EA%B5%AC%EB%8F%99,36.947886052589695,127.90854929152806/U7+%EC%A4%91%EC%9B%90%EB%8F%84%EC%84%9C%EA%B4%80,36.948881714009254,127.90845614834129"
"U10","상허연구동","U8","복합실습동","162","152","2.5","13","11","","https://map.kakao.com/link/by/walk/U10+%EC%83%81%ED%97%88%EC%97%B0%EA%B5%AC%EB%8F%99,36.947886052589695,127.90854929152806/U8+%EB%B3%B5%ED%95%A9%EC%8B%A4%EC%8A%B5%EB%8F%99,36.9475303665141,127.907458353921"
"U10","상허연구동","U11","글로컬이음관","185","167","2.8","13","18","","https://map.kakao.com/link/by/walk/U10+%EC%83%81%ED%97%88%EC%97%B0%EA%B5%AC%EB%8F%99,36.947886052589695,127.90854929152806/U11+%EA%B8%80%EB%A1%9C%EC%BB%AC%EC%9D%B4%EC%9D%8C%EA%B4%80,36.9483664278494,127.909358814133"
"U10","상허연구동","U12","창업보육센터","340","299","5","13","32","","https://map.kakao.com/link/by/walk/U10+%EC%83%81%ED%97%88%EC%97%B0%EA%B5%AC%EB%8F%99,36.947886052589695,127.90854929152806/U12+%EC%B0%BD%EC%97%85%EB%B3%B4%EC%9C%A1%EC%84%BC%ED%84%B0,36.9481064358336,127.91012810401521"
"U10","상허연구동","U13","건국골프연습장","204","168","2.8","13","10","","https://map.kakao.com/link/by/walk/U10+%EC%83%81%ED%97%88%EC%97%B0%EA%B5%AC%EB%8F%99,36.947886052589695,127.90854929152806/U13+%EA%B1%B4%EA%B5%AD%EA%B3%A8%ED%94%84%EC%97%B0%EC%8A%B5%EC%9E%A5,36.9471716091744,127.909596081006"
"U10","상허연구동","U14","건국터미널","690","589","9.8","13","10","","https://map.kakao.com/link/by/walk/U10+%EC%83%81%ED%97%88%EC%97%B0%EA%B5%AC%EB%8F%99,36.947886052589695,127.90854929152806/U14+%EA%B1%B4%EA%B5%AD%ED%84%B0%EB%AF%B8%EB%84%90,36.9513587387715,127.90453536758"
"U10","상허연구동","U15","건국어린이집","592","498","8.3","13","19","","https://map.kakao.com/link/by/walk/U10+%EC%83%81%ED%97%88%EC%97%B0%EA%B5%AC%EB%8F%99,36.947886052589695,127.90854929152806/U15+%EA%B1%B4%EA%B5%AD%EC%96%B4%EB%A6%B0%EC%9D%B4%EC%A7%91,36.950716336504385,127.90464677553264"
"U11","글로컬이음관","K1","학생회관","553","510","8.5","18","22","","https://map.kakao.com/link/by/walk/U11+%EA%B8%80%EB%A1%9C%EC%BB%AC%EC%9D%B4%EC%9D%8C%EA%B4%80,36.9483664278494,127.909358814133/K1+%ED%95%99%EC%83%9D%ED%9A%8C%EA%B4%80,36.9513965682655,127.907135975813"
"U11","글로컬이음관","K2","의학관","407","375","6.3","18","23","","https://map.kakao.com/link/by/walk/U11+%EA%B8%80%EB%A1%9C%EC%BB%AC%EC%9D%B4%EC%9D%8C%EA%B4%80,36.9483664278494,127.909358814133/K2+%EC%9D%98%ED%95%99%EA%B4%80,36.9505882991222,127.907728148197"
"U11","글로컬이음관","K3","교수연구동","387","359","6","18","8","","https://map.kakao.com/link/by/walk/U11+%EA%B8%80%EB%A1%9C%EC%BB%AC%EC%9D%B4%EC%9D%8C%EA%B4%80,36.9483664278494,127.909358814133/K3+%EA%B5%90%EC%88%98%EC%97%B0%EA%B5%AC%EB%8F%99,36.9506791828455,127.908568994305"
"U11","글로컬이음관","K4","모시래학사(대표지점)","577","506","8.4","18","17","","https://map.kakao.com/link/by/walk/U11+%EA%B8%80%EB%A1%9C%EC%BB%AC%EC%9D%B4%EC%9D%8C%EA%B4%80,36.9483664278494,127.909358814133/K4+%EB%AA%A8%EC%8B%9C%EB%9E%98%ED%95%99%EC%82%AC%28%EB%8C%80%ED%91%9C%EC%A7%80%EC%A0%90%29,36.9513477512316,127.909277496553"
"U11","글로컬이음관","K5","모시래학사(여동본관)","377","341","5.7","18","13","","https://map.kakao.com/link/by/walk/U11+%EA%B8%80%EB%A1%9C%EC%BB%AC%EC%9D%B4%EC%9D%8C%EA%B4%80,36.9483664278494,127.909358814133/K5+%EB%AA%A8%EC%8B%9C%EB%9E%98%ED%95%99%EC%82%AC%28%EC%97%AC%EB%8F%99%EB%B3%B8%EA%B4%80%29,36.9509112242749,127.909802215742"
"U11","글로컬이음관","K6","인문사회관","236","223","3.7","18","7","","https://map.kakao.com/link/by/walk/U11+%EA%B8%80%EB%A1%9C%EC%BB%AC%EC%9D%B4%EC%9D%8C%EA%B4%80,36.9483664278494,127.909358814133/K6+%EC%9D%B8%EB%AC%B8%EC%82%AC%ED%9A%8C%EA%B4%80,36.949703757427,127.90886726529"
"U11","글로컬이음관","K7","건국체육관","214","194","3.2","18","33","","https://map.kakao.com/link/by/walk/U11+%EA%B8%80%EB%A1%9C%EC%BB%AC%EC%9D%B4%EC%9D%8C%EA%B4%80,36.9483664278494,127.909358814133/K7+%EA%B1%B4%EA%B5%AD%EC%B2%B4%EC%9C%A1%EA%B4%80,36.9494687336754,127.909906306991"
"U11","글로컬이음관","K8","자산관리동","341","315","5.3","18","30","","https://map.kakao.com/link/by/walk/U11+%EA%B8%80%EB%A1%9C%EC%BB%AC%EC%9D%B4%EC%9D%8C%EA%B4%80,36.9483664278494,127.909358814133/K8+%EC%9E%90%EC%82%B0%EA%B4%80%EB%A6%AC%EB%8F%99,36.950034281342724,127.91030035688091"
"U11","글로컬이음관","K9","학군단","269","246","4.1","18","10","","https://map.kakao.com/link/by/walk/U11+%EA%B8%80%EB%A1%9C%EC%BB%AC%EC%9D%B4%EC%9D%8C%EA%B4%80,36.9483664278494,127.909358814133/K9+%ED%95%99%EA%B5%B0%EB%8B%A8,36.9497513666203,127.910650631214"
"U11","글로컬이음관","K10","해오름학사","412","380","6.3","18","16","","https://map.kakao.com/link/by/walk/U11+%EA%B8%80%EB%A1%9C%EC%BB%AC%EC%9D%B4%EC%9D%8C%EA%B4%80,36.9483664278494,127.909358814133/K10+%ED%95%B4%EC%98%A4%EB%A6%84%ED%95%99%EC%82%AC,36.9488227745106,127.912359486364"
"U11","글로컬이음관","U1","행정관","431","382","6.4","18","12","","https://map.kakao.com/link/by/walk/U11+%EA%B8%80%EB%A1%9C%EC%BB%AC%EC%9D%B4%EC%9D%8C%EA%B4%80,36.9483664278494,127.909358814133/U1+%ED%96%89%EC%A0%95%EA%B4%80,36.9497994772544,127.906718487499"
"U11","글로컬이음관","U2","생명과학관","389","342","5.7","18","16","","https://map.kakao.com/link/by/walk/U11+%EA%B8%80%EB%A1%9C%EC%BB%AC%EC%9D%B4%EC%9D%8C%EA%B4%80,36.9483664278494,127.909358814133/U2+%EC%83%9D%EB%AA%85%EA%B3%BC%ED%95%99%EA%B4%80,36.949166029296364,127.90589255857277"
"U11","글로컬이음관","U4","자연과학관","244","221","3.7","18","19","","https://map.kakao.com/link/by/walk/U11+%EA%B8%80%EB%A1%9C%EC%BB%AC%EC%9D%B4%EC%9D%8C%EA%B4%80,36.9483664278494,127.909358814133/U4+%EC%9E%90%EC%97%B0%EA%B3%BC%ED%95%99%EA%B4%80,36.9489430964899,127.90700359588"
"U11","글로컬이음관","U5","국제교육관","358","330","5.5","18","14","","https://map.kakao.com/link/by/walk/U11+%EA%B8%80%EB%A1%9C%EC%BB%AC%EC%9D%B4%EC%9D%8C%EA%B4%80,36.9483664278494,127.909358814133/U5+%EA%B5%AD%EC%A0%9C%EA%B5%90%EC%9C%A1%EA%B4%80,36.9481807825323,127.906770027989"
"U11","글로컬이음관","U6","창의예술관","200","185","3.1","18","11","","https://map.kakao.com/link/by/walk/U11+%EA%B8%80%EB%A1%9C%EC%BB%AC%EC%9D%B4%EC%9D%8C%EA%B4%80,36.9483664278494,127.909358814133/U6+%EC%B0%BD%EC%9D%98%EC%98%88%EC%88%A0%EA%B4%80,36.9482779802897,127.907610921403"
"U11","글로컬이음관","U7","중원도서관","232","218","3.6","18","23","","https://map.kakao.com/link/by/walk/U11+%EA%B8%80%EB%A1%9C%EC%BB%AC%EC%9D%B4%EC%9D%8C%EA%B4%80,36.9483664278494,127.909358814133/U7+%EC%A4%91%EC%9B%90%EB%8F%84%EC%84%9C%EA%B4%80,36.948881714009254,127.90845614834129"
"U11","글로컬이음관","U8","복합실습동","275","252","4.2","18","11","","https://map.kakao.com/link/by/walk/U11+%EA%B8%80%EB%A1%9C%EC%BB%AC%EC%9D%B4%EC%9D%8C%EA%B4%80,36.9483664278494,127.909358814133/U8+%EB%B3%B5%ED%95%A9%EC%8B%A4%EC%8A%B5%EB%8F%99,36.9475303665141,127.907458353921"
"U11","글로컬이음관","U10","상허연구동","185","165","2.8","18","13","","https://map.kakao.com/link/by/walk/U11+%EA%B8%80%EB%A1%9C%EC%BB%AC%EC%9D%B4%EC%9D%8C%EA%B4%80,36.9483664278494,127.909358814133/U10+%EC%83%81%ED%97%88%EC%97%B0%EA%B5%AC%EB%8F%99,36.947886052589695,127.90854929152806"
"U11","글로컬이음관","U12","창업보육센터","190","163","2.7","18","32","","https://map.kakao.com/link/by/walk/U11+%EA%B8%80%EB%A1%9C%EC%BB%AC%EC%9D%B4%EC%9D%8C%EA%B4%80,36.9483664278494,127.909358814133/U12+%EC%B0%BD%EC%97%85%EB%B3%B4%EC%9C%A1%EC%84%BC%ED%84%B0,36.9481064358336,127.91012810401521"
"U11","글로컬이음관","U13","건국골프연습장","269","225","3.8","18","10","","https://map.kakao.com/link/by/walk/U11+%EA%B8%80%EB%A1%9C%EC%BB%AC%EC%9D%B4%EC%9D%8C%EA%B4%80,36.9483664278494,127.909358814133/U13+%EA%B1%B4%EA%B5%AD%EA%B3%A8%ED%94%84%EC%97%B0%EC%8A%B5%EC%9E%A5,36.9471716091744,127.909596081006"
"U11","글로컬이음관","U14","건국터미널","641","560","9.3","18","10","","https://map.kakao.com/link/by/walk/U11+%EA%B8%80%EB%A1%9C%EC%BB%AC%EC%9D%B4%EC%9D%8C%EA%B4%80,36.9483664278494,127.909358814133/U14+%EA%B1%B4%EA%B5%AD%ED%84%B0%EB%AF%B8%EB%84%90,36.9513587387715,127.90453536758"
"U11","글로컬이음관","U15","건국어린이집","583","488","8.1","18","19","","https://map.kakao.com/link/by/walk/U11+%EA%B8%80%EB%A1%9C%EC%BB%AC%EC%9D%B4%EC%9D%8C%EA%B4%80,36.9483664278494,127.909358814133/U15+%EA%B1%B4%EA%B5%AD%EC%96%B4%EB%A6%B0%EC%9D%B4%EC%A7%91,36.950716336504385,127.90464677553264"
"U12","창업보육센터","K1","학생회관","611","570","9.5","32","22","","https://map.kakao.com/link/by/walk/U12+%EC%B0%BD%EC%97%85%EB%B3%B4%EC%9C%A1%EC%84%BC%ED%84%B0,36.9481064358336,127.91012810401521/K1+%ED%95%99%EC%83%9D%ED%9A%8C%EA%B4%80,36.9513965682655,127.907135975813"
"U12","창업보육센터","K2","의학관","465","435","7.3","32","23","","https://map.kakao.com/link/by/walk/U12+%EC%B0%BD%EC%97%85%EB%B3%B4%EC%9C%A1%EC%84%BC%ED%84%B0,36.9481064358336,127.91012810401521/K2+%EC%9D%98%ED%95%99%EA%B4%80,36.9505882991222,127.907728148197"
"U12","창업보육센터","K3","교수연구동","445","418","7","32","8","","https://map.kakao.com/link/by/walk/U12+%EC%B0%BD%EC%97%85%EB%B3%B4%EC%9C%A1%EC%84%BC%ED%84%B0,36.9481064358336,127.91012810401521/K3+%EA%B5%90%EC%88%98%EC%97%B0%EA%B5%AC%EB%8F%99,36.9506791828455,127.908568994305"
"U12","창업보육센터","K4","모시래학사(대표지점)","635","565","9.4","32","17","","https://map.kakao.com/link/by/walk/U12+%EC%B0%BD%EC%97%85%EB%B3%B4%EC%9C%A1%EC%84%BC%ED%84%B0,36.9481064358336,127.91012810401521/K4+%EB%AA%A8%EC%8B%9C%EB%9E%98%ED%95%99%EC%82%AC%28%EB%8C%80%ED%91%9C%EC%A7%80%EC%A0%90%29,36.9513477512316,127.909277496553"
"U12","창업보육센터","K5","모시래학사(여동본관)","435","400","6.7","32","13","","https://map.kakao.com/link/by/walk/U12+%EC%B0%BD%EC%97%85%EB%B3%B4%EC%9C%A1%EC%84%BC%ED%84%B0,36.9481064358336,127.91012810401521/K5+%EB%AA%A8%EC%8B%9C%EB%9E%98%ED%95%99%EC%82%AC%28%EC%97%AC%EB%8F%99%EB%B3%B8%EA%B4%80%29,36.9509112242749,127.909802215742"
"U12","창업보육센터","K6","인문사회관","293","283","4.7","32","7","","https://map.kakao.com/link/by/walk/U12+%EC%B0%BD%EC%97%85%EB%B3%B4%EC%9C%A1%EC%84%BC%ED%84%B0,36.9481064358336,127.91012810401521/K6+%EC%9D%B8%EB%AC%B8%EC%82%AC%ED%9A%8C%EA%B4%80,36.949703757427,127.90886726529"
"U12","창업보육센터","K7","건국체육관","241","226","3.8","32","33","","https://map.kakao.com/link/by/walk/U12+%EC%B0%BD%EC%97%85%EB%B3%B4%EC%9C%A1%EC%84%BC%ED%84%B0,36.9481064358336,127.91012810401521/K7+%EA%B1%B4%EA%B5%AD%EC%B2%B4%EC%9C%A1%EA%B4%80,36.9494687336754,127.909906306991"
"U12","창업보육센터","K8","자산관리동","368","346","5.8","32","30","","https://map.kakao.com/link/by/walk/U12+%EC%B0%BD%EC%97%85%EB%B3%B4%EC%9C%A1%EC%84%BC%ED%84%B0,36.9481064358336,127.91012810401521/K8+%EC%9E%90%EC%82%B0%EA%B4%80%EB%A6%AC%EB%8F%99,36.950034281342724,127.91030035688091"
"U12","창업보육센터","K9","학군단","295","278","4.6","32","10","","https://map.kakao.com/link/by/walk/U12+%EC%B0%BD%EC%97%85%EB%B3%B4%EC%9C%A1%EC%84%BC%ED%84%B0,36.9481064358336,127.91012810401521/K9+%ED%95%99%EA%B5%B0%EB%8B%A8,36.9497513666203,127.910650631214"
"U12","창업보육센터","K10","해오름학사","386","365","6.1","32","16","","https://map.kakao.com/link/by/walk/U12+%EC%B0%BD%EC%97%85%EB%B3%B4%EC%9C%A1%EC%84%BC%ED%84%B0,36.9481064358336,127.91012810401521/K10+%ED%95%B4%EC%98%A4%EB%A6%84%ED%95%99%EC%82%AC,36.9488227745106,127.912359486364"
"U12","창업보육센터","U1","행정관","489","442","7.4","32","12","","https://map.kakao.com/link/by/walk/U12+%EC%B0%BD%EC%97%85%EB%B3%B4%EC%9C%A1%EC%84%BC%ED%84%B0,36.9481064358336,127.91012810401521/U1+%ED%96%89%EC%A0%95%EA%B4%80,36.9497994772544,127.906718487499"
"U12","창업보육센터","U2","생명과학관","544","488","8.1","32","16","","https://map.kakao.com/link/by/walk/U12+%EC%B0%BD%EC%97%85%EB%B3%B4%EC%9C%A1%EC%84%BC%ED%84%B0,36.9481064358336,127.91012810401521/U2+%EC%83%9D%EB%AA%85%EA%B3%BC%ED%95%99%EA%B4%80,36.949166029296364,127.90589255857277"
"U12","창업보육센터","U4","자연과학관","398","368","6.1","32","19","","https://map.kakao.com/link/by/walk/U12+%EC%B0%BD%EC%97%85%EB%B3%B4%EC%9C%A1%EC%84%BC%ED%84%B0,36.9481064358336,127.91012810401521/U4+%EC%9E%90%EC%97%B0%EA%B3%BC%ED%95%99%EA%B4%80,36.9489430964899,127.90700359588"
"U12","창업보육센터","U5","국제교육관","513","476","7.9","32","14","","https://map.kakao.com/link/by/walk/U12+%EC%B0%BD%EC%97%85%EB%B3%B4%EC%9C%A1%EC%84%BC%ED%84%B0,36.9481064358336,127.91012810401521/U5+%EA%B5%AD%EC%A0%9C%EA%B5%90%EC%9C%A1%EA%B4%80,36.9481807825323,127.906770027989"
"U12","창업보육센터","U6","창의예술관","355","331","5.5","32","11","","https://map.kakao.com/link/by/walk/U12+%EC%B0%BD%EC%97%85%EB%B3%B4%EC%9C%A1%EC%84%BC%ED%84%B0,36.9481064358336,127.91012810401521/U6+%EC%B0%BD%EC%9D%98%EC%98%88%EC%88%A0%EA%B4%80,36.9482779802897,127.907610921403"
"U12","창업보육센터","U7","중원도서관","290","277","4.6","32","23","","https://map.kakao.com/link/by/walk/U12+%EC%B0%BD%EC%97%85%EB%B3%B4%EC%9C%A1%EC%84%BC%ED%84%B0,36.9481064358336,127.91012810401521/U7+%EC%A4%91%EC%9B%90%EB%8F%84%EC%84%9C%EA%B4%80,36.948881714009254,127.90845614834129"
"U12","창업보육센터","U8","복합실습동","430","398","6.6","32","11","","https://map.kakao.com/link/by/walk/U12+%EC%B0%BD%EC%97%85%EB%B3%B4%EC%9C%A1%EC%84%BC%ED%84%B0,36.9481064358336,127.91012810401521/U8+%EB%B3%B5%ED%95%A9%EC%8B%A4%EC%8A%B5%EB%8F%99,36.9475303665141,127.907458353921"
"U12","창업보육센터","U10","상허연구동","340","311","5.2","32","13","","https://map.kakao.com/link/by/walk/U12+%EC%B0%BD%EC%97%85%EB%B3%B4%EC%9C%A1%EC%84%BC%ED%84%B0,36.9481064358336,127.91012810401521/U10+%EC%83%81%ED%97%88%EC%97%B0%EA%B5%AC%EB%8F%99,36.947886052589695,127.90854929152806"
"U12","창업보육센터","U11","글로컬이음관","190","178","3","32","18","","https://map.kakao.com/link/by/walk/U12+%EC%B0%BD%EC%97%85%EB%B3%B4%EC%9C%A1%EC%84%BC%ED%84%B0,36.9481064358336,127.91012810401521/U11+%EA%B8%80%EB%A1%9C%EC%BB%AC%EC%9D%B4%EC%9D%8C%EA%B4%80,36.9483664278494,127.909358814133"
"U12","창업보육센터","U13","건국골프연습장","423","371","6.2","32","10","","https://map.kakao.com/link/by/walk/U12+%EC%B0%BD%EC%97%85%EB%B3%B4%EC%9C%A1%EC%84%BC%ED%84%B0,36.9481064358336,127.91012810401521/U13+%EA%B1%B4%EA%B5%AD%EA%B3%A8%ED%94%84%EC%97%B0%EC%8A%B5%EC%9E%A5,36.9471716091744,127.909596081006"
"U12","창업보육센터","U14","건국터미널","699","619","10.3","32","10","","https://map.kakao.com/link/by/walk/U12+%EC%B0%BD%EC%97%85%EB%B3%B4%EC%9C%A1%EC%84%BC%ED%84%B0,36.9481064358336,127.91012810401521/U14+%EA%B1%B4%EA%B5%AD%ED%84%B0%EB%AF%B8%EB%84%90,36.9513587387715,127.90453536758"
"U12","창업보육센터","U15","건국어린이집","738","635","10.6","32","19","","https://map.kakao.com/link/by/walk/U12+%EC%B0%BD%EC%97%85%EB%B3%B4%EC%9C%A1%EC%84%BC%ED%84%B0,36.9481064358336,127.91012810401521/U15+%EA%B1%B4%EA%B5%AD%EC%96%B4%EB%A6%B0%EC%9D%B4%EC%A7%91,36.950716336504385,127.90464677553264"
"U13","건국골프연습장","K1","학생회관","767","719","12","10","22","","https://map.kakao.com/link/by/walk/U13+%EA%B1%B4%EA%B5%AD%EA%B3%A8%ED%94%84%EC%97%B0%EC%8A%B5%EC%9E%A5,36.9471716091744,127.909596081006/K1+%ED%95%99%EC%83%9D%ED%9A%8C%EA%B4%80,36.9513965682655,127.907135975813"
"U13","건국골프연습장","K2","의학관","626","588","9.8","10","23","","https://map.kakao.com/link/by/walk/U13+%EA%B1%B4%EA%B5%AD%EA%B3%A8%ED%94%84%EC%97%B0%EC%8A%B5%EC%9E%A5,36.9471716091744,127.909596081006/K2+%EC%9D%98%ED%95%99%EA%B4%80,36.9505882991222,127.907728148197"
"U13","건국골프연습장","K3","교수연구동","606","571","9.5","10","8","","https://map.kakao.com/link/by/walk/U13+%EA%B1%B4%EA%B5%AD%EA%B3%A8%ED%94%84%EC%97%B0%EC%8A%B5%EC%9E%A5,36.9471716091744,127.909596081006/K3+%EA%B5%90%EC%88%98%EC%97%B0%EA%B5%AC%EB%8F%99,36.9506791828455,127.908568994305"
"U13","건국골프연습장","K4","모시래학사(대표지점)","796","718","12","10","17","","https://map.kakao.com/link/by/walk/U13+%EA%B1%B4%EA%B5%AD%EA%B3%A8%ED%94%84%EC%97%B0%EC%8A%B5%EC%9E%A5,36.9471716091744,127.909596081006/K4+%EB%AA%A8%EC%8B%9C%EB%9E%98%ED%95%99%EC%82%AC%28%EB%8C%80%ED%91%9C%EC%A7%80%EC%A0%90%29,36.9513477512316,127.909277496553"
"U13","건국골프연습장","K5","모시래학사(여동본관)","596","553","9.2","10","13","","https://map.kakao.com/link/by/walk/U13+%EA%B1%B4%EA%B5%AD%EA%B3%A8%ED%94%84%EC%97%B0%EC%8A%B5%EC%9E%A5,36.9471716091744,127.909596081006/K5+%EB%AA%A8%EC%8B%9C%EB%9E%98%ED%95%99%EC%82%AC%28%EC%97%AC%EB%8F%99%EB%B3%B8%EA%B4%80%29,36.9509112242749,127.909802215742"
"U13","건국골프연습장","K6","인문사회관","455","436","7.3","10","7","","https://map.kakao.com/link/by/walk/U13+%EA%B1%B4%EA%B5%AD%EA%B3%A8%ED%94%84%EC%97%B0%EC%8A%B5%EC%9E%A5,36.9471716091744,127.909596081006/K6+%EC%9D%B8%EB%AC%B8%EC%82%AC%ED%9A%8C%EA%B4%80,36.949703757427,127.90886726529"
"U13","건국골프연습장","K7","건국체육관","447","420","7","10","33","","https://map.kakao.com/link/by/walk/U13+%EA%B1%B4%EA%B5%AD%EA%B3%A8%ED%94%84%EC%97%B0%EC%8A%B5%EC%9E%A5,36.9471716091744,127.909596081006/K7+%EA%B1%B4%EA%B5%AD%EC%B2%B4%EC%9C%A1%EA%B4%80,36.9494687336754,127.909906306991"
"U13","건국골프연습장","K8","자산관리동","575","540","9","10","30","","https://map.kakao.com/link/by/walk/U13+%EA%B1%B4%EA%B5%AD%EA%B3%A8%ED%94%84%EC%97%B0%EC%8A%B5%EC%9E%A5,36.9471716091744,127.909596081006/K8+%EC%9E%90%EC%82%B0%EA%B4%80%EB%A6%AC%EB%8F%99,36.950034281342724,127.91030035688091"
"U13","건국골프연습장","K9","학군단","502","472","7.9","10","10","","https://map.kakao.com/link/by/walk/U13+%EA%B1%B4%EA%B5%AD%EA%B3%A8%ED%94%84%EC%97%B0%EC%8A%B5%EC%9E%A5,36.9471716091744,127.909596081006/K9+%ED%95%99%EA%B5%B0%EB%8B%A8,36.9497513666203,127.910650631214"
"U13","건국골프연습장","K10","해오름학사","618","585","9.8","10","16","","https://map.kakao.com/link/by/walk/U13+%EA%B1%B4%EA%B5%AD%EA%B3%A8%ED%94%84%EC%97%B0%EC%8A%B5%EC%9E%A5,36.9471716091744,127.909596081006/K10+%ED%95%B4%EC%98%A4%EB%A6%84%ED%95%99%EC%82%AC,36.9488227745106,127.912359486364"
"U13","건국골프연습장","U1","행정관","613","564","9.4","10","12","","https://map.kakao.com/link/by/walk/U13+%EA%B1%B4%EA%B5%AD%EA%B3%A8%ED%94%84%EC%97%B0%EC%8A%B5%EC%9E%A5,36.9471716091744,127.909596081006/U1+%ED%96%89%EC%A0%95%EA%B4%80,36.9497994772544,127.906718487499"
"U13","건국골프연습장","U2","생명과학관","518","473","7.9","10","16","","https://map.kakao.com/link/by/walk/U13+%EA%B1%B4%EA%B5%AD%EA%B3%A8%ED%94%84%EC%97%B0%EC%8A%B5%EC%9E%A5,36.9471716091744,127.909596081006/U2+%EC%83%9D%EB%AA%85%EA%B3%BC%ED%95%99%EA%B4%80,36.949166029296364,127.90589255857277"
"U13","건국골프연습장","U4","자연과학관","408","385","6.4","10","19","","https://map.kakao.com/link/by/walk/U13+%EA%B1%B4%EA%B5%AD%EA%B3%A8%ED%94%84%EC%97%B0%EC%8A%B5%EC%9E%A5,36.9471716091744,127.909596081006/U4+%EC%9E%90%EC%97%B0%EA%B3%BC%ED%95%99%EA%B4%80,36.9489430964899,127.90700359588"
"U13","건국골프연습장","U5","국제교육관","332","324","5.4","10","14","","https://map.kakao.com/link/by/walk/U13+%EA%B1%B4%EA%B5%AD%EA%B3%A8%ED%94%84%EC%97%B0%EC%8A%B5%EC%9E%A5,36.9471716091744,127.909596081006/U5+%EA%B5%AD%EC%A0%9C%EA%B5%90%EC%9C%A1%EA%B4%80,36.9481807825323,127.906770027989"
"U13","건국골프연습장","U6","창의예술관","278","272","4.5","10","11","","https://map.kakao.com/link/by/walk/U13+%EA%B1%B4%EA%B5%AD%EA%B3%A8%ED%94%84%EC%97%B0%EC%8A%B5%EC%9E%A5,36.9471716091744,127.909596081006/U6+%EC%B0%BD%EC%9D%98%EC%98%88%EC%88%A0%EA%B4%80,36.9482779802897,127.907610921403"
"U13","건국골프연습장","U7","중원도서관","409","392","6.5","10","23","","https://map.kakao.com/link/by/walk/U13+%EA%B1%B4%EA%B5%AD%EA%B3%A8%ED%94%84%EC%97%B0%EC%8A%B5%EC%9E%A5,36.9471716091744,127.909596081006/U7+%EC%A4%91%EC%9B%90%EB%8F%84%EC%84%9C%EA%B4%80,36.948881714009254,127.90845614834129"
"U13","건국골프연습장","U8","복합실습동","243","239","4","10","11","","https://map.kakao.com/link/by/walk/U13+%EA%B1%B4%EA%B5%AD%EA%B3%A8%ED%94%84%EC%97%B0%EC%8A%B5%EC%9E%A5,36.9471716091744,127.909596081006/U8+%EB%B3%B5%ED%95%A9%EC%8B%A4%EC%8A%B5%EB%8F%99,36.9475303665141,127.907458353921"
"U13","건국골프연습장","U10","상허연구동","204","198","3.3","10","13","","https://map.kakao.com/link/by/walk/U13+%EA%B1%B4%EA%B5%AD%EA%B3%A8%ED%94%84%EC%97%B0%EC%8A%B5%EC%9E%A5,36.9471716091744,127.909596081006/U10+%EC%83%81%ED%97%88%EC%97%B0%EA%B5%AC%EB%8F%99,36.947886052589695,127.90854929152806"
"U13","건국골프연습장","U11","글로컬이음관","269","257","4.3","10","18","","https://map.kakao.com/link/by/walk/U13+%EA%B1%B4%EA%B5%AD%EA%B3%A8%ED%94%84%EC%97%B0%EC%8A%B5%EC%9E%A5,36.9471716091744,127.909596081006/U11+%EA%B8%80%EB%A1%9C%EC%BB%AC%EC%9D%B4%EC%9D%8C%EA%B4%80,36.9483664278494,127.909358814133"
"U13","건국골프연습장","U12","창업보육센터","423","389","6.5","10","32","","https://map.kakao.com/link/by/walk/U13+%EA%B1%B4%EA%B5%AD%EA%B3%A8%ED%94%84%EC%97%B0%EC%8A%B5%EC%9E%A5,36.9471716091744,127.909596081006/U12+%EC%B0%BD%EC%97%85%EB%B3%B4%EC%9C%A1%EC%84%BC%ED%84%B0,36.9481064358336,127.91012810401521"
"U13","건국골프연습장","U14","건국터미널","846","744","12.4","10","10","","https://map.kakao.com/link/by/walk/U13+%EA%B1%B4%EA%B5%AD%EA%B3%A8%ED%94%84%EC%97%B0%EC%8A%B5%EC%9E%A5,36.9471716091744,127.909596081006/U14+%EA%B1%B4%EA%B5%AD%ED%84%B0%EB%AF%B8%EB%84%90,36.9513587387715,127.90453536758"
"U13","건국골프연습장","U15","건국어린이집","748","652","10.9","10","19","","https://map.kakao.com/link/by/walk/U13+%EA%B1%B4%EA%B5%AD%EA%B3%A8%ED%94%84%EC%97%B0%EC%8A%B5%EC%9E%A5,36.9471716091744,127.909596081006/U15+%EA%B1%B4%EA%B5%AD%EC%96%B4%EB%A6%B0%EC%9D%B4%EC%A7%91,36.950716336504385,127.90464677553264"
"U14","건국터미널","K1","학생회관","310","287","4.8","10","22","","https://map.kakao.com/link/by/walk/U14+%EA%B1%B4%EA%B5%AD%ED%84%B0%EB%AF%B8%EB%84%90,36.9513587387715,127.90453536758/K1+%ED%95%99%EC%83%9D%ED%9A%8C%EA%B4%80,36.9513965682655,127.907135975813"
"U14","건국터미널","K2","의학관","438","468","7.8","10","23","","https://map.kakao.com/link/by/walk/U14+%EA%B1%B4%EA%B5%AD%ED%84%B0%EB%AF%B8%EB%84%90,36.9513587387715,127.90453536758/K2+%EC%9D%98%ED%95%99%EA%B4%80,36.9505882991222,127.907728148197"
"U14","건국터미널","K3","교수연구동","484","511","8.5","10","8","","https://map.kakao.com/link/by/walk/U14+%EA%B1%B4%EA%B5%AD%ED%84%B0%EB%AF%B8%EB%84%90,36.9513587387715,127.90453536758/K3+%EA%B5%90%EC%88%98%EC%97%B0%EA%B5%AC%EB%8F%99,36.9506791828455,127.908568994305"
"U14","건국터미널","K4","모시래학사(대표지점)","498","499","8.3","10","17","","https://map.kakao.com/link/by/walk/U14+%EA%B1%B4%EA%B5%AD%ED%84%B0%EB%AF%B8%EB%84%90,36.9513587387715,127.90453536758/K4+%EB%AA%A8%EC%8B%9C%EB%9E%98%ED%95%99%EC%82%AC%28%EB%8C%80%ED%91%9C%EC%A7%80%EC%A0%90%29,36.9513477512316,127.909277496553"
"U14","건국터미널","K5","모시래학사(여동본관)","564","572","9.5","10","13","","https://map.kakao.com/link/by/walk/U14+%EA%B1%B4%EA%B5%AD%ED%84%B0%EB%AF%B8%EB%84%90,36.9513587387715,127.90453536758/K5+%EB%AA%A8%EC%8B%9C%EB%9E%98%ED%95%99%EC%82%AC%28%EC%97%AC%EB%8F%99%EB%B3%B8%EA%B4%80%29,36.9509112242749,127.909802215742"
"U14","건국터미널","K6","인문사회관","494","519","8.7","10","7","","https://map.kakao.com/link/by/walk/U14+%EA%B1%B4%EA%B5%AD%ED%84%B0%EB%AF%B8%EB%84%90,36.9513587387715,127.90453536758/K6+%EC%9D%B8%EB%AC%B8%EC%82%AC%ED%9A%8C%EA%B4%80,36.949703757427,127.90886726529"
"U14","건국터미널","K7","건국체육관","704","696","11.6","10","33","","https://map.kakao.com/link/by/walk/U14+%EA%B1%B4%EA%B5%AD%ED%84%B0%EB%AF%B8%EB%84%90,36.9513587387715,127.90453536758/K7+%EA%B1%B4%EA%B5%AD%EC%B2%B4%EC%9C%A1%EA%B4%80,36.9494687336754,127.909906306991"
"U14","건국터미널","K8","자산관리동","669","679","11.3","10","30","","https://map.kakao.com/link/by/walk/U14+%EA%B1%B4%EA%B5%AD%ED%84%B0%EB%AF%B8%EB%84%90,36.9513587387715,127.90453536758/K8+%EC%9E%90%EC%82%B0%EA%B4%80%EB%A6%AC%EB%8F%99,36.950034281342724,127.91030035688091"
"U14","건국터미널","K9","학군단","758","748","12.5","10","10","","https://map.kakao.com/link/by/walk/U14+%EA%B1%B4%EA%B5%AD%ED%84%B0%EB%AF%B8%EB%84%90,36.9513587387715,127.90453536758/K9+%ED%95%99%EA%B5%B0%EB%8B%A8,36.9497513666203,127.910650631214"
"U14","건국터미널","K10","해오름학사","920","899","15","10","16","","https://map.kakao.com/link/by/walk/U14+%EA%B1%B4%EA%B5%AD%ED%84%B0%EB%AF%B8%EB%84%90,36.9513587387715,127.90453536758/K10+%ED%95%B4%EC%98%A4%EB%A6%84%ED%95%99%EC%82%AC,36.9488227745106,127.912359486364"
"U14","건국터미널","U1","행정관","380","399","6.7","10","12","","https://map.kakao.com/link/by/walk/U14+%EA%B1%B4%EA%B5%AD%ED%84%B0%EB%AF%B8%EB%84%90,36.9513587387715,127.90453536758/U1+%ED%96%89%EC%A0%95%EA%B4%80,36.9497994772544,127.906718487499"
"U14","건국터미널","U2","생명과학관","533","530","8.8","10","16","","https://map.kakao.com/link/by/walk/U14+%EA%B1%B4%EA%B5%AD%ED%84%B0%EB%AF%B8%EB%84%90,36.9513587387715,127.90453536758/U2+%EC%83%9D%EB%AA%85%EA%B3%BC%ED%95%99%EA%B4%80,36.949166029296364,127.90589255857277"
"U14","건국터미널","U4","자연과학관","476","489","8.2","10","19","","https://map.kakao.com/link/by/walk/U14+%EA%B1%B4%EA%B5%AD%ED%84%B0%EB%AF%B8%EB%84%90,36.9513587387715,127.90453536758/U4+%EC%9E%90%EC%97%B0%EA%B3%BC%ED%95%99%EA%B4%80,36.9489430964899,127.90700359588"
"U14","건국터미널","U5","국제교육관","774","764","12.7","10","14","","https://map.kakao.com/link/by/walk/U14+%EA%B1%B4%EA%B5%AD%ED%84%B0%EB%AF%B8%EB%84%90,36.9513587387715,127.90453536758/U5+%EA%B5%AD%EC%A0%9C%EA%B5%90%EC%9C%A1%EA%B4%80,36.9481807825323,127.906770027989"
"U14","건국터미널","U6","창의예술관","624","626","10.4","10","11","","https://map.kakao.com/link/by/walk/U14+%EA%B1%B4%EA%B5%AD%ED%84%B0%EB%AF%B8%EB%84%90,36.9513587387715,127.90453536758/U6+%EC%B0%BD%EC%9D%98%EC%98%88%EC%88%A0%EA%B4%80,36.9482779802897,127.907610921403"
"U14","건국터미널","U7","중원도서관","536","553","9.2","10","23","","https://map.kakao.com/link/by/walk/U14+%EA%B1%B4%EA%B5%AD%ED%84%B0%EB%AF%B8%EB%84%90,36.9513587387715,127.90453536758/U7+%EC%A4%91%EC%9B%90%EB%8F%84%EC%84%9C%EA%B4%80,36.948881714009254,127.90845614834129"
"U14","건국터미널","U8","복합실습동","708","700","11.7","10","11","","https://map.kakao.com/link/by/walk/U14+%EA%B1%B4%EA%B5%AD%ED%84%B0%EB%AF%B8%EB%84%90,36.9513587387715,127.90453536758/U8+%EB%B3%B5%ED%95%A9%EC%8B%A4%EC%8A%B5%EB%8F%99,36.9475303665141,127.907458353921"
"U14","건국터미널","U10","상허연구동","690","678","11.3","10","13","","https://map.kakao.com/link/by/walk/U14+%EA%B1%B4%EA%B5%AD%ED%84%B0%EB%AF%B8%EB%84%90,36.9513587387715,127.90453536758/U10+%EC%83%81%ED%97%88%EC%97%B0%EA%B5%AC%EB%8F%99,36.947886052589695,127.90854929152806"
"U14","건국터미널","U11","글로컬이음관","641","638","10.6","10","18","","https://map.kakao.com/link/by/walk/U14+%EA%B1%B4%EA%B5%AD%ED%84%B0%EB%AF%B8%EB%84%90,36.9513587387715,127.90453536758/U11+%EA%B8%80%EB%A1%9C%EC%BB%AC%EC%9D%B4%EC%9D%8C%EA%B4%80,36.9483664278494,127.909358814133"
"U14","건국터미널","U12","창업보육센터","699","682","11.4","10","32","","https://map.kakao.com/link/by/walk/U14+%EA%B1%B4%EA%B5%AD%ED%84%B0%EB%AF%B8%EB%84%90,36.9513587387715,127.90453536758/U12+%EC%B0%BD%EC%97%85%EB%B3%B4%EC%9C%A1%EC%84%BC%ED%84%B0,36.9481064358336,127.91012810401521"
"U14","건국터미널","U13","건국골프연습장","846","803","13.4","10","10","","https://map.kakao.com/link/by/walk/U14+%EA%B1%B4%EA%B5%AD%ED%84%B0%EB%AF%B8%EB%84%90,36.9513587387715,127.90453536758/U13+%EA%B1%B4%EA%B5%AD%EA%B3%A8%ED%94%84%EC%97%B0%EC%8A%B5%EC%9E%A5,36.9471716091744,127.909596081006"
"U14","건국터미널","U15","건국어린이집","211","195","3.3","10","19","","https://map.kakao.com/link/by/walk/U14+%EA%B1%B4%EA%B5%AD%ED%84%B0%EB%AF%B8%EB%84%90,36.9513587387715,127.90453536758/U15+%EA%B1%B4%EA%B5%AD%EC%96%B4%EB%A6%B0%EC%9D%B4%EC%A7%91,36.950716336504385,127.90464677553264"
"U15","건국어린이집","K1","학생회관","360","327","5.5","19","22","","https://map.kakao.com/link/by/walk/U15+%EA%B1%B4%EA%B5%AD%EC%96%B4%EB%A6%B0%EC%9D%B4%EC%A7%91,36.950716336504385,127.90464677553264/K1+%ED%95%99%EC%83%9D%ED%9A%8C%EA%B4%80,36.9513965682655,127.907135975813"
"U15","건국어린이집","K2","의학관","483","502","8.4","19","23","","https://map.kakao.com/link/by/walk/U15+%EA%B1%B4%EA%B5%AD%EC%96%B4%EB%A6%B0%EC%9D%B4%EC%A7%91,36.950716336504385,127.90464677553264/K2+%EC%9D%98%ED%95%99%EA%B4%80,36.9505882991222,127.907728148197"
"U15","건국어린이집","K3","교수연구동","528","545","9.1","19","8","","https://map.kakao.com/link/by/walk/U15+%EA%B1%B4%EA%B5%AD%EC%96%B4%EB%A6%B0%EC%9D%B4%EC%A7%91,36.950716336504385,127.90464677553264/K3+%EA%B5%90%EC%88%98%EC%97%B0%EA%B5%AC%EB%8F%99,36.9506791828455,127.908568994305"
"U15","건국어린이집","K4","모시래학사(대표지점)","548","539","9","19","17","","https://map.kakao.com/link/by/walk/U15+%EA%B1%B4%EA%B5%AD%EC%96%B4%EB%A6%B0%EC%9D%B4%EC%A7%91,36.950716336504385,127.90464677553264/K4+%EB%AA%A8%EC%8B%9C%EB%9E%98%ED%95%99%EC%82%AC%28%EB%8C%80%ED%91%9C%EC%A7%80%EC%A0%90%29,36.9513477512316,127.909277496553"
"U15","건국어린이집","K5","모시래학사(여동본관)","614","612","10.2","19","13","","https://map.kakao.com/link/by/walk/U15+%EA%B1%B4%EA%B5%AD%EC%96%B4%EB%A6%B0%EC%9D%B4%EC%A7%91,36.950716336504385,127.90464677553264/K5+%EB%AA%A8%EC%8B%9C%EB%9E%98%ED%95%99%EC%82%AC%28%EC%97%AC%EB%8F%99%EB%B3%B8%EA%B4%80%29,36.9509112242749,127.909802215742"
"U15","건국어린이집","K6","인문사회관","538","553","9.2","19","7","","https://map.kakao.com/link/by/walk/U15+%EA%B1%B4%EA%B5%AD%EC%96%B4%EB%A6%B0%EC%9D%B4%EC%A7%91,36.950716336504385,127.90464677553264/K6+%EC%9D%B8%EB%AC%B8%EC%82%AC%ED%9A%8C%EA%B4%80,36.949703757427,127.90886726529"
"U15","건국어린이집","K7","건국체육관","748","731","12.2","19","33","","https://map.kakao.com/link/by/walk/U15+%EA%B1%B4%EA%B5%AD%EC%96%B4%EB%A6%B0%EC%9D%B4%EC%A7%91,36.950716336504385,127.90464677553264/K7+%EA%B1%B4%EA%B5%AD%EC%B2%B4%EC%9C%A1%EA%B4%80,36.9494687336754,127.909906306991"
"U15","건국어린이집","K8","자산관리동","719","718","12","19","30","","https://map.kakao.com/link/by/walk/U15+%EA%B1%B4%EA%B5%AD%EC%96%B4%EB%A6%B0%EC%9D%B4%EC%A7%91,36.950716336504385,127.90464677553264/K8+%EC%9E%90%EC%82%B0%EA%B4%80%EB%A6%AC%EB%8F%99,36.950034281342724,127.91030035688091"
"U15","건국어린이집","K9","학군단","803","782","13","19","10","","https://map.kakao.com/link/by/walk/U15+%EA%B1%B4%EA%B5%AD%EC%96%B4%EB%A6%B0%EC%9D%B4%EC%A7%91,36.950716336504385,127.90464677553264/K9+%ED%95%99%EA%B5%B0%EB%8B%A8,36.9497513666203,127.910650631214"
"U15","건국어린이집","K10","해오름학사","960","926","15.4","19","16","","https://map.kakao.com/link/by/walk/U15+%EA%B1%B4%EA%B5%AD%EC%96%B4%EB%A6%B0%EC%9D%B4%EC%A7%91,36.950716336504385,127.90464677553264/K10+%ED%95%B4%EC%98%A4%EB%A6%84%ED%95%99%EC%82%AC,36.9488227745106,127.912359486364"
"U15","건국어린이집","U1","행정관","353","365","6.1","19","12","","https://map.kakao.com/link/by/walk/U15+%EA%B1%B4%EA%B5%AD%EC%96%B4%EB%A6%B0%EC%9D%B4%EC%A7%91,36.950716336504385,127.90464677553264/U1+%ED%96%89%EC%A0%95%EA%B4%80,36.9497994772544,127.906718487499"
"U15","건국어린이집","U2","생명과학관","435","436","7.3","19","16","","https://map.kakao.com/link/by/walk/U15+%EA%B1%B4%EA%B5%AD%EC%96%B4%EB%A6%B0%EC%9D%B4%EC%A7%91,36.950716336504385,127.90464677553264/U2+%EC%83%9D%EB%AA%85%EA%B3%BC%ED%95%99%EA%B4%80,36.949166029296364,127.90589255857277"
"U15","건국어린이집","U4","자연과학관","377","395","6.6","19","19","","https://map.kakao.com/link/by/walk/U15+%EA%B1%B4%EA%B5%AD%EC%96%B4%EB%A6%B0%EC%9D%B4%EC%A7%91,36.950716336504385,127.90464677553264/U4+%EC%9E%90%EC%97%B0%EA%B3%BC%ED%95%99%EA%B4%80,36.9489430964899,127.90700359588"
"U15","건국어린이집","U5","국제교육관","676","670","11.2","19","14","","https://map.kakao.com/link/by/walk/U15+%EA%B1%B4%EA%B5%AD%EC%96%B4%EB%A6%B0%EC%9D%B4%EC%A7%91,36.950716336504385,127.90464677553264/U5+%EA%B5%AD%EC%A0%9C%EA%B5%90%EC%9C%A1%EA%B4%80,36.9481807825323,127.906770027989"
"U15","건국어린이집","U6","창의예술관","526","532","8.9","19","11","","https://map.kakao.com/link/by/walk/U15+%EA%B1%B4%EA%B5%AD%EC%96%B4%EB%A6%B0%EC%9D%B4%EC%A7%91,36.950716336504385,127.90464677553264/U6+%EC%B0%BD%EC%9D%98%EC%98%88%EC%88%A0%EA%B4%80,36.9482779802897,127.907610921403"
"U15","건국어린이집","U7","중원도서관","520","530","8.8","19","23","","https://map.kakao.com/link/by/walk/U15+%EA%B1%B4%EA%B5%AD%EC%96%B4%EB%A6%B0%EC%9D%B4%EC%A7%91,36.950716336504385,127.90464677553264/U7+%EC%A4%91%EC%9B%90%EB%8F%84%EC%84%9C%EA%B4%80,36.948881714009254,127.90845614834129"
"U15","건국어린이집","U8","복합실습동","609","606","10.1","19","11","","https://map.kakao.com/link/by/walk/U15+%EA%B1%B4%EA%B5%AD%EC%96%B4%EB%A6%B0%EC%9D%B4%EC%A7%91,36.950716336504385,127.90464677553264/U8+%EB%B3%B5%ED%95%A9%EC%8B%A4%EC%8A%B5%EB%8F%99,36.9475303665141,127.907458353921"
"U15","건국어린이집","U10","상허연구동","592","584","9.7","19","13","","https://map.kakao.com/link/by/walk/U15+%EA%B1%B4%EA%B5%AD%EC%96%B4%EB%A6%B0%EC%9D%B4%EC%A7%91,36.950716336504385,127.90464677553264/U10+%EC%83%81%ED%97%88%EC%97%B0%EA%B5%AC%EB%8F%99,36.947886052589695,127.90854929152806"
"U15","건국어린이집","U11","글로컬이음관","583","577","9.6","19","18","","https://map.kakao.com/link/by/walk/U15+%EA%B1%B4%EA%B5%AD%EC%96%B4%EB%A6%B0%EC%9D%B4%EC%A7%91,36.950716336504385,127.90464677553264/U11+%EA%B8%80%EB%A1%9C%EC%BB%AC%EC%9D%B4%EC%9D%8C%EA%B4%80,36.9483664278494,127.909358814133"
"U15","건국어린이집","U12","창업보육센터","738","709","11.8","19","32","","https://map.kakao.com/link/by/walk/U15+%EA%B1%B4%EA%B5%AD%EC%96%B4%EB%A6%B0%EC%9D%B4%EC%A7%91,36.950716336504385,127.90464677553264/U12+%EC%B0%BD%EC%97%85%EB%B3%B4%EC%9C%A1%EC%84%BC%ED%84%B0,36.9481064358336,127.91012810401521"
"U15","건국어린이집","U13","건국골프연습장","748","709","11.8","19","10","","https://map.kakao.com/link/by/walk/U15+%EA%B1%B4%EA%B5%AD%EC%96%B4%EB%A6%B0%EC%9D%B4%EC%A7%91,36.950716336504385,127.90464677553264/U13+%EA%B1%B4%EA%B5%AD%EA%B3%A8%ED%94%84%EC%97%B0%EC%8A%B5%EC%9E%A5,36.9471716091744,127.909596081006"
"U15","건국어린이집","U14","건국터미널","211","184","3.1","19","10","","https://map.kakao.com/link/by/walk/U15+%EA%B1%B4%EA%B5%AD%EC%96%B4%EB%A6%B0%EC%9D%B4%EC%A7%91,36.950716336504385,127.90464677553264/U14+%EA%B1%B4%EA%B5%AD%ED%84%B0%EB%AF%B8%EB%84%90,36.9513587387715,127.90453536758"