"학년도","학기","개설학과","학과코드","대분류","이수구분","이수구분_원문","교과목명","학수번호","과목번호","분반","대상학년","학점","수업시수","담당교수","강의시간_강의실","집중이수","수강대상학과_원문","폐강여부","수강비고","비고","강의유형","조회분류","출처URL","수집일시"
"2026","2","","127267","교직","교직","교직","교육과정","BRIX16903","7629","01","3","2","2","장소영","수1000-1200(인문사회관 407)","","교직과","정상","","","","교직","https://kupis.kku.ac.kr/wsugang/core?attribute=timeMain","Thu Oct 01 2026 21:11:17 GMT+0900 (한국 표준시)"
"2026","2","","127267","교직","교직","교직","교육방법및교육공학","BRIX11529","7621","01","3","2","2","박혜진","화1500-1700(인문사회관 401)","","교직과","정상","","","","교직","https://kupis.kku.ac.kr/wsugang/core?attribute=timeMain","Thu Oct 01 2026 21:11:17 GMT+0900 (한국 표준시)"
"2026","2","","127267","교직","교직","교직","교육봉사활동1","BRIX55066","7636","01","4","1","2","김경화","월1600-1800(인문사회관 105)","","교직과","정상","","","","교직","https://kupis.kku.ac.kr/wsugang/core?attribute=timeMain","Thu Oct 01 2026 21:11:17 GMT+0900 (한국 표준시)"
"2026","2","","127267","교직","교직","교직","교육봉사활동1","BRIX55066","7637","02","4","1","2","박서현","금0900-1100(인문사회관 412)","","교직과","정상","","","","교직","https://kupis.kku.ac.kr/wsugang/core?attribute=timeMain","Thu Oct 01 2026 21:11:17 GMT+0900 (한국 표준시)"
"2026","2","","127267","교직","교직","교직","교육봉사활동2","BRIX55067","7638","01","4","1","2","김경화","금1600-1800(인문사회관 105)","","교직과","정상","","","","교직","https://kupis.kku.ac.kr/wsugang/core?attribute=timeMain","Thu Oct 01 2026 21:11:17 GMT+0900 (한국 표준시)"
"2026","2","","127267","교직","교직","교직","교육봉사활동2","BRIX55067","7639","02","4","1","2","고선","월1030-1230(인문사회관 412)","","교직과","정상","","","","교직","https://kupis.kku.ac.kr/wsugang/core?attribute=timeMain","Thu Oct 01 2026 21:11:17 GMT+0900 (한국 표준시)"
"2026","2","","127267","교직","교직","교직","교육사회","BRIX11533","7622","01","4","2","2","홍진옥","월1000-1200(인문사회관 113-1)","","교직과","정상","","","","교직","https://kupis.kku.ac.kr/wsugang/core?attribute=timeMain","Thu Oct 01 2026 21:11:17 GMT+0900 (한국 표준시)"
"2026","2","","127267","교직","교직","교직","교육심리","BRIX11540","7623","01","2","2","2","김윤지","목1000-1200(인문사회관 401)","","교직과","정상","","","","교직","https://kupis.kku.ac.kr/wsugang/core?attribute=timeMain","Thu Oct 01 2026 21:11:17 GMT+0900 (한국 표준시)"
"2026","2","","127267","교직","교직","교직","교육철학및교육사","BRIX11546","7624","01","3","2","2","임희숙","화1200-1400(인문사회관 401)","","교직과","정상","","","","교직","https://kupis.kku.ac.kr/wsugang/core?attribute=timeMain","Thu Oct 01 2026 21:11:17 GMT+0900 (한국 표준시)"
"2026","2","","127267","교직","교직","교직","교육평가","BRIX09574","7620","01","3","2","2","오방실","화1000-1200(인문사회관 401)","","교직과","정상","","","","교직","https://kupis.kku.ac.kr/wsugang/core?attribute=timeMain","Thu Oct 01 2026 21:11:17 GMT+0900 (한국 표준시)"
"2026","2","","127267","교직","교직","교직","교육학개론","BRIX11549","7625","01","2","2","2","박혜진","월1600-1800(인문사회관 401)","","교직과","정상","","","","교직","https://kupis.kku.ac.kr/wsugang/core?attribute=timeMain","Thu Oct 01 2026 21:11:17 GMT+0900 (한국 표준시)"
"2026","2","","127267","교직","교직","교직","교직독서","BRIX54990","7635","01","2","1","1","김경화","목1600-1700(인문사회관 105)","","교직과","정상","","","","교직","https://kupis.kku.ac.kr/wsugang/core?attribute=timeMain","Thu Oct 01 2026 21:11:17 GMT+0900 (한국 표준시)"
"2026","2","","127267","교직","교직","교직","교직실무","BRIX48026","7632","01","3","1","1","김범문","월1800-1900(인문사회관 401)","","교직과","정상","","","","교직","https://kupis.kku.ac.kr/wsugang/core?attribute=timeMain","Thu Oct 01 2026 21:11:17 GMT+0900 (한국 표준시)"
"2026","2","","127267","교직","교직","교직","교직실무","BRIX48026","7633","02","3","1","1","최지혜","수1730-1830(인문사회관 413)","","교직과","정상","","","","교직","https://kupis.kku.ac.kr/wsugang/core?attribute=timeMain","Thu Oct 01 2026 21:11:17 GMT+0900 (한국 표준시)"
"2026","2","","127267","교직","교직","교직","교직실무","BRIX48026","7634","03","3","1","1","최지혜","수1830-1930(인문사회관 413)","","교직과","정상","","","","교직","https://kupis.kku.ac.kr/wsugang/core?attribute=timeMain","Thu Oct 01 2026 21:11:17 GMT+0900 (한국 표준시)"
"2026","2","","127267","교직","교직","교직","국어교육론","BRIX11553","7627","01","3","3","3","임병준","수1800-2100(인문사회관 401)","","교직과","정상","","","","교직","https://kupis.kku.ac.kr/wsugang/core?attribute=timeMain","Thu Oct 01 2026 21:11:17 GMT+0900 (한국 표준시)"
"2026","2","","127267","교직","교직","교직","디지털교육","BRIX66417","7642","01","3","1","1","박혜진","수1700-1800(인문사회관 401)","","교직과","정상","","","","교직","https://kupis.kku.ac.kr/wsugang/core?attribute=timeMain","Thu Oct 01 2026 21:11:17 GMT+0900 (한국 표준시)"
"2026","2","","127267","교직","교직","교직","생활지도및상담","BRIX61727","7641","01","3","2","2","강주희","목1500-1700(인문사회관 401)","","교직과","정상","","","","교직","https://kupis.kku.ac.kr/wsugang/core?attribute=timeMain","Thu Oct 01 2026 21:11:17 GMT+0900 (한국 표준시)"
"2026","2","","127267","교직","교직","교직","영어교육론","BRIX11593","7628","01","3","3","3","이효신","수1030-1200(인문사회관 105), 목0900-1030(인문사회관 416)","","교직과","정상","","","","교직","https://kupis.kku.ac.kr/wsugang/core?attribute=timeMain","Thu Oct 01 2026 21:11:17 GMT+0900 (한국 표준시)"
"2026","2","","127267","교직","교직","교직","특수교육학개론","BRIX45082","7630","01","2","2","2","김경화","월1000-1200(인문사회관 401)","","교직과","정상","","","","교직","https://kupis.kku.ac.kr/wsugang/core?attribute=timeMain","Thu Oct 01 2026 21:11:17 GMT+0900 (한국 표준시)"
"2026","2","","127267","교직","교직","교직","특수교육학개론","BRIX45082","7631","02","2","2","2","김경화","월1300-1500(인문사회관 401)","","교직과","정상","","","","교직","https://kupis.kku.ac.kr/wsugang/core?attribute=timeMain","Thu Oct 01 2026 21:11:17 GMT+0900 (한국 표준시)"
"2026","2","","127267","교직","교직","교직","학교폭력예방및학생의이해","BRIX58322","7640","01","2","2","2","강주희","목1300-1500(인문사회관 401)","","교직과","정상","","","","교직","https://kupis.kku.ac.kr/wsugang/core?attribute=timeMain","Thu Oct 01 2026 21:11:17 GMT+0900 (한국 표준시)"
"2026","2","","127936","교양","기초교양","기초","공감적소통과발표","BKSA64608","7303","01","1","2","2","조영주","월1600-1800(글로컬이음관 605)","","전체(GLOCAL)","정상","","","","발표와토론","https://kupis.kku.ac.kr/wsugang/core?attribute=timeMain","Thu Oct 01 2026 21:11:17 GMT+0900 (한국 표준시)"
"2026","2","","127936","교양","기초교양","기초","공감적소통과발표","BKSA64608","7304","02","1","2","2","조영주","화1000-1200(글로컬이음관 605)","","전체(GLOCAL)","정상","","","","발표와토론","https://kupis.kku.ac.kr/wsugang/core?attribute=timeMain","Thu Oct 01 2026 21:11:17 GMT+0900 (한국 표준시)"
"2026","2","","127936","교양","기초교양","기초","공감적소통과발표","BKSA64608","7305","03","1","2","2","조영주","화1400-1600(글로컬이음관 605)","","전체(GLOCAL)","정상","","","","발표와토론","https://kupis.kku.ac.kr/wsugang/core?attribute=timeMain","Thu Oct 01 2026 21:11:17 GMT+0900 (한국 표준시)"
"2026","2","","127936","교양","기초교양","기초","공감적소통과발표","BKSA64608","7306","04","1","2","2","조영주","화1600-1800(글로컬이음관 605)","","전체(GLOCAL)","정상","","","","발표와토론","https://kupis.kku.ac.kr/wsugang/core?attribute=timeMain","Thu Oct 01 2026 21:11:17 GMT+0900 (한국 표준시)"
"2026","2","","127936","교양","기초교양","기초","공감적소통과발표","BKSA64608","7307","05","1","2","2","","","","전체(GLOCAL)","폐강","","","","발표와토론","https://kupis.kku.ac.kr/wsugang/core?attribute=timeMain","Thu Oct 01 2026 21:11:17 GMT+0900 (한국 표준시)"
"2026","2","","127936","교양","기초교양","기초","공감적소통과발표","BKSA64608","7308","06","1","2","2","김현희","화1000-1200(글로컬이음관 505)","","전체(GLOCAL)","정상","","","","발표와토론","https://kupis.kku.ac.kr/wsugang/core?attribute=timeMain","Thu Oct 01 2026 21:11:17 GMT+0900 (한국 표준시)"
"2026","2","","127936","교양","기초교양","기초","공감적소통과발표","BKSA64608","7309","07","1","2","2","정영진","화1400-1600(글로컬이음관 406)","","전체(GLOCAL)","정상","","","","발표와토론","https://kupis.kku.ac.kr/wsugang/core?attribute=timeMain","Thu Oct 01 2026 21:11:17 GMT+0900 (한국 표준시)"
"2026","2","","127936","교양","기초교양","기초","공감적소통과발표","BKSA64608","7310","08","1","2","2","정영진","화1600-1800(글로컬이음관 406)","","전체(GLOCAL)","정상","","","","발표와토론","https://kupis.kku.ac.kr/wsugang/core?attribute=timeMain","Thu Oct 01 2026 21:11:17 GMT+0900 (한국 표준시)"
"2026","2","","127936","교양","기초교양","기초","글쓰기2","BKSA58233","8257","01","1","3","3","박혜진","월1300-1600(자연과학관 116)","","전체(GLOCAL)","정상","","","","글쓰기","https://kupis.kku.ac.kr/wsugang/core?attribute=timeMain","Thu Oct 01 2026 21:11:17 GMT+0900 (한국 표준시)"
"2026","2","","127936","교양","기초교양","기초","글쓰기2","BKSA58233","8258","02","1","3","3","이소영","월1300-1600(글로컬이음관 503)","","전체(GLOCAL)","정상","","","","글쓰기","https://kupis.kku.ac.kr/wsugang/core?attribute=timeMain","Thu Oct 01 2026 21:11:17 GMT+0900 (한국 표준시)"
"2026","2","","127936","교양","기초교양","기초","기초통계학","BKSA81308","7423","01","1","2","2","현종윤","목1000-1200(글로컬이음관 506)","","전체(GLOCAL)","정상","","","","과학기초","https://kupis.kku.ac.kr/wsugang/core?attribute=timeMain","Thu Oct 01 2026 21:11:17 GMT+0900 (한국 표준시)"
"2026","2","","127936","교양","기초교양","기초","기초통계학","BKSA81308","7424","02","1","2","2","현종윤","목1500-1700(글로컬이음관 502)","","전체(GLOCAL)","정상","","","","과학기초","https://kupis.kku.ac.kr/wsugang/core?attribute=timeMain","Thu Oct 01 2026 21:11:17 GMT+0900 (한국 표준시)"
"2026","2","","127936","교양","기초교양","기초","대학기초물리학","BKSA58133","7181","01","1","2","2","김지원","화1300-1500(자연과학관 503)","","전체(GLOCAL)","정상","","","","과학기초","https://kupis.kku.ac.kr/wsugang/core?attribute=timeMain","Thu Oct 01 2026 21:11:17 GMT+0900 (한국 표준시)"
"2026","2","","127936","교양","기초교양","기초","대학기초물리학","BKSA58133","7182","02","1","2","2","김지원","화1500-1700(자연과학관 503)","","전체(GLOCAL)","정상","","","","과학기초","https://kupis.kku.ac.kr/wsugang/core?attribute=timeMain","Thu Oct 01 2026 21:11:17 GMT+0900 (한국 표준시)"
"2026","2","","127936","교양","기초교양","기초","대학기초생물학","BKSA59512","7265","01","1","2","2","김종보","월1000-1200(글로컬이음관 405)","","전체(GLOCAL)","정상","","","","과학기초","https://kupis.kku.ac.kr/wsugang/core?attribute=timeMain","Thu Oct 01 2026 21:11:17 GMT+0900 (한국 표준시)"
"2026","2","","127936","교양","기초교양","기초","대학기초생물학","BKSA59512","7266","02","1","2","2","주희경","화1100-1300(글로컬이음관 302)","","전체(GLOCAL)","정상","","","","과학기초","https://kupis.kku.ac.kr/wsugang/core?attribute=timeMain","Thu Oct 01 2026 21:11:17 GMT+0900 (한국 표준시)"
"2026","2","","127936","교양","기초교양","기초","대학기초생물학","BKSA59512","7267","03","1","2","2","주희경","화1300-1500(글로컬이음관 302)","","전체(GLOCAL)","정상","","","","과학기초","https://kupis.kku.ac.kr/wsugang/core?attribute=timeMain","Thu Oct 01 2026 21:11:17 GMT+0900 (한국 표준시)"
"2026","2","","127936","교양","기초교양","기초","대학기초생물학","BKSA59512","7268","04","1","2","2","주희경","화1500-1700(글로컬이음관 302)","","전체(GLOCAL)","정상","","","","과학기초","https://kupis.kku.ac.kr/wsugang/core?attribute=timeMain","Thu Oct 01 2026 21:11:17 GMT+0900 (한국 표준시)"
"2026","2","","127936","교양","기초교양","기초","대학기초수학","BKSA15891","7042","01","1","2","2","현종윤","월1000-1200(글로컬이음관 506)","","전체(GLOCAL)","정상","","","","과학기초","https://kupis.kku.ac.kr/wsugang/core?attribute=timeMain","Thu Oct 01 2026 21:11:17 GMT+0900 (한국 표준시)"
"2026","2","","127936","교양","기초교양","기초","대학기초수학","BKSA15891","7043","02","1","2","2","현종윤","월1500-1700(글로컬이음관 405)","","전체(GLOCAL)","정상","","","","과학기초","https://kupis.kku.ac.kr/wsugang/core?attribute=timeMain","Thu Oct 01 2026 21:11:17 GMT+0900 (한국 표준시)"
"2026","2","","127936","교양","기초교양","기초","대학기초수학","BKSA15891","7044","03","1","2","2","현종윤","화1000-1200(글로컬이음관 104)","","전체(GLOCAL)","정상","","","","과학기초","https://kupis.kku.ac.kr/wsugang/core?attribute=timeMain","Thu Oct 01 2026 21:11:17 GMT+0900 (한국 표준시)"
"2026","2","","127936","교양","기초교양","기초","대학기초수학","BKSA15891","7045","04","1","2","2","현종윤","화1600-1800(글로컬이음관 405)","","전체(GLOCAL)","정상","","","","과학기초","https://kupis.kku.ac.kr/wsugang/core?attribute=timeMain","Thu Oct 01 2026 21:11:17 GMT+0900 (한국 표준시)"
"2026","2","","127936","교양","기초교양","기초","대학기초수학","BKSA15891","8260","05","1","2","2","현종윤","수1000-1200(글로컬이음관 405)","","전체(GLOCAL)","정상","","","","과학기초","https://kupis.kku.ac.kr/wsugang/core?attribute=timeMain","Thu Oct 01 2026 21:11:17 GMT+0900 (한국 표준시)"
"2026","2","","127936","교양","기초교양","기초","대학기초화학","BKSA58224","7223","01","1","2","2","전영진","목1500-1700(자연과학관 502)","","전체(GLOCAL)","정상","","","","과학기초","https://kupis.kku.ac.kr/wsugang/core?attribute=timeMain","Thu Oct 01 2026 21:11:17 GMT+0900 (한국 표준시)"
"2026","2","","127936","교양","기초교양","기초","대학기초화학","BKSA58224","7224","02","1","2","2","","","","전체(GLOCAL)","폐강","","","","과학기초","https://kupis.kku.ac.kr/wsugang/core?attribute=timeMain","Thu Oct 01 2026 21:11:17 GMT+0900 (한국 표준시)"
"2026","2","","127936","교양","기초교양","기초","대학기초화학","BKSA58224","7225","03","1","2","2","","","","전체(GLOCAL)","폐강","","","","과학기초","https://kupis.kku.ac.kr/wsugang/core?attribute=timeMain","Thu Oct 01 2026 21:11:17 GMT+0900 (한국 표준시)"
"2026","2","","127936","교양","기초교양","기초","대학기초화학","BKSA58224","7226","04","1","2","2","","","","전체(GLOCAL)","폐강","","","","과학기초","https://kupis.kku.ac.kr/wsugang/core?attribute=timeMain","Thu Oct 01 2026 21:11:17 GMT+0900 (한국 표준시)"
"2026","2","","127936","교양","기초교양","기초","데이터리터러시","BKSA67912","7387","01","1","2","2","남재우","월1000-1200(국제교육관 303)","","전체(GLOCAL)","정상","","","","AI/데이터","https://kupis.kku.ac.kr/wsugang/core?attribute=timeMain","Thu Oct 01 2026 21:11:17 GMT+0900 (한국 표준시)"
"2026","2","","127936","교양","기초교양","기초","데이터리터러시","BKSA67912","7388","02","1","2","2","남재우","목1000-1200(국제교육관 303)","","전체(GLOCAL)","정상","","","","AI/데이터","https://kupis.kku.ac.kr/wsugang/core?attribute=timeMain","Thu Oct 01 2026 21:11:17 GMT+0900 (한국 표준시)"
"2026","2","","127936","교양","기초교양","기초","데이터리터러시","BKSA67912","7389","03","1","2","2","김연화","목1000-1200(국제교육관 301-B)","","전체(GLOCAL)","정상","","","","AI/데이터","https://kupis.kku.ac.kr/wsugang/core?attribute=timeMain","Thu Oct 01 2026 21:11:17 GMT+0900 (한국 표준시)"
"2026","2","","127936","교양","기초교양","기초","데이터리터러시","BKSA67912","7390","04","1","2","2","임해진","화1000-1200(국제교육관 301-A)","","전체(GLOCAL)","정상","","","","AI/데이터","https://kupis.kku.ac.kr/wsugang/core?attribute=timeMain","Thu Oct 01 2026 21:11:17 GMT+0900 (한국 표준시)"
"2026","2","","127936","교양","기초교양","기초","데이터리터러시","BKSA67912","7391","05","1","2","2","임해진","화1300-1500(자연과학관 204)","","전체(GLOCAL)","정상","","","","AI/데이터","https://kupis.kku.ac.kr/wsugang/core?attribute=timeMain","Thu Oct 01 2026 21:11:17 GMT+0900 (한국 표준시)"
"2026","2","","127936","교양","기초교양","기초","데이터리터러시","BKSA67912","7392","06","1","2","2","임해진","화1500-1700(자연과학관 204)","","전체(GLOCAL)","정상","","","","AI/데이터","https://kupis.kku.ac.kr/wsugang/core?attribute=timeMain","Thu Oct 01 2026 21:11:17 GMT+0900 (한국 표준시)"
"2026","2","","127936","교양","기초교양","기초","러시아어기초","BKSA51432","7073","01","전체","2","2","심성보","수1500-1700(글로컬이음관 606)","","전체(GLOCAL)","정상","","","","외국어기초","https://kupis.kku.ac.kr/wsugang/core?attribute=timeMain","Thu Oct 01 2026 21:11:17 GMT+0900 (한국 표준시)"
"2026","2","","127936","교양","기초교양","기초","러시아어기초","BKSA51432","7074","02","전체","2","2","전병국","월1300-1500(글로컬이음관 405)","","전체(GLOCAL)","정상","","","","외국어기초","https://kupis.kku.ac.kr/wsugang/core?attribute=timeMain","Thu Oct 01 2026 21:11:17 GMT+0900 (한국 표준시)"
"2026","2","","127936","교양","기초교양","기초","러시아어기초","BKSA51432","7075","03","전체","2","2","전병국","월1500-1700(글로컬이음관 502)","","전체(GLOCAL)","정상","","","","외국어기초","https://kupis.kku.ac.kr/wsugang/core?attribute=timeMain","Thu Oct 01 2026 21:11:17 GMT+0900 (한국 표준시)"
"2026","2","","127936","교양","기초교양","기초","러시아어기초","BKSA51432","7076","04","전체","2","2","전병국","화1000-1200(글로컬이음관 406)","","전체(GLOCAL)","정상","","","","외국어기초","https://kupis.kku.ac.kr/wsugang/core?attribute=timeMain","Thu Oct 01 2026 21:11:17 GMT+0900 (한국 표준시)"
"2026","2","","127936","교양","기초교양","기초","러시아어기초","BKSA51432","7077","05","전체","2","2","전병국","화1300-1500(글로컬이음관 407)","","전체(GLOCAL)","정상","","","","외국어기초","https://kupis.kku.ac.kr/wsugang/core?attribute=timeMain","Thu Oct 01 2026 21:11:17 GMT+0900 (한국 표준시)"
"2026","2","","127936","교양","기초교양","기초","문학의고전","BKSA58110","7160","01","1","2","2","조미숙","월1600-1800(글로컬이음관 506)","","전체(GLOCAL)","정상","","","","인문기초","https://kupis.kku.ac.kr/wsugang/core?attribute=timeMain","Thu Oct 01 2026 21:11:17 GMT+0900 (한국 표준시)"
"2026","2","","127936","교양","기초교양","기초","문학의고전","BKSA58110","7161","02","1","2","2","안미영","화1000-1200(글로컬이음관 502)","","전체(GLOCAL)","정상","","","","인문기초","https://kupis.kku.ac.kr/wsugang/core?attribute=timeMain","Thu Oct 01 2026 21:11:17 GMT+0900 (한국 표준시)"
"2026","2","","127936","교양","기초교양","기초","문학의고전","BKSA58110","7162","03","1","2","2","이효숙","수1000-1200(글로컬이음관 401)","","전체(GLOCAL)","정상","","","","인문기초","https://kupis.kku.ac.kr/wsugang/core?attribute=timeMain","Thu Oct 01 2026 21:11:17 GMT+0900 (한국 표준시)"
"2026","2","","127936","교양","기초교양","기초","미디어글쓰기","BKSA64623","7353","01","1","2","2","김병건","수1600-1800(글로컬이음관 601)","","전체(GLOCAL)","정상","","","","글쓰기","https://kupis.kku.ac.kr/wsugang/core?attribute=timeMain","Thu Oct 01 2026 21:11:17 GMT+0900 (한국 표준시)"
"2026","2","","127936","교양","기초교양","기초","미디어글쓰기","BKSA64623","7354","02","1","2","2","엄현섭","목0900-1100(글로컬이음관 602)","","전체(GLOCAL)","정상","","","","글쓰기","https://kupis.kku.ac.kr/wsugang/core?attribute=timeMain","Thu Oct 01 2026 21:11:17 GMT+0900 (한국 표준시)"
"2026","2","","127936","교양","기초교양","기초","미디어글쓰기","BKSA64623","7355","03","1","2","2","엄현섭","목1100-1300(글로컬이음관 602)","","전체(GLOCAL)","정상","","","","글쓰기","https://kupis.kku.ac.kr/wsugang/core?attribute=timeMain","Thu Oct 01 2026 21:11:17 GMT+0900 (한국 표준시)"
"2026","2","","127936","교양","기초교양","기초","미디어글쓰기","BKSA64623","7356","04","1","2","2","엄현섭","목1300-1500(글로컬이음관 602)","","전체(GLOCAL)","정상","","","","글쓰기","https://kupis.kku.ac.kr/wsugang/core?attribute=timeMain","Thu Oct 01 2026 21:11:17 GMT+0900 (한국 표준시)"
"2026","2","","127936","교양","기초교양","기초","비판적사고와토론","BKSA39798","7046","01","1","2","2","정진헌","월1000-1200(글로컬이음관 604)","","전체(GLOCAL)","정상","","","","발표와토론","https://kupis.kku.ac.kr/wsugang/core?attribute=timeMain","Thu Oct 01 2026 21:11:17 GMT+0900 (한국 표준시)"
"2026","2","","127936","교양","기초교양","기초","비판적사고와토론","BKSA39798","7047","02","1","2","2","정진헌","월1400-1600(글로컬이음관 604)","","전체(GLOCAL)","정상","","","","발표와토론","https://kupis.kku.ac.kr/wsugang/core?attribute=timeMain","Thu Oct 01 2026 21:11:17 GMT+0900 (한국 표준시)"
"2026","2","","127936","교양","기초교양","기초","비판적사고와토론","BKSA39798","7048","03","1","2","2","정진헌","화1000-1200(글로컬이음관 604)","","전체(GLOCAL)","정상","","","","발표와토론","https://kupis.kku.ac.kr/wsugang/core?attribute=timeMain","Thu Oct 01 2026 21:11:17 GMT+0900 (한국 표준시)"
"2026","2","","127936","교양","기초교양","기초","비판적사고와토론","BKSA39798","7049","04","1","2","2","정진헌","화1400-1600(글로컬이음관 604)","","전체(GLOCAL)","정상","","","","발표와토론","https://kupis.kku.ac.kr/wsugang/core?attribute=timeMain","Thu Oct 01 2026 21:11:17 GMT+0900 (한국 표준시)"
"2026","2","","127936","교양","기초교양","기초","비판적사고와토론","BKSA39798","7050","05","1","2","2","이연주","화1400-1600(글로컬이음관 408)","","전체(GLOCAL)","정상","","","","발표와토론","https://kupis.kku.ac.kr/wsugang/core?attribute=timeMain","Thu Oct 01 2026 21:11:17 GMT+0900 (한국 표준시)"
"2026","2","","127936","교양","기초교양","기초","비판적사고와토론","BKSA39798","7051","06","1","2","2","이연주","화1600-1800(글로컬이음관 604)","","전체(GLOCAL)","정상","","","","발표와토론","https://kupis.kku.ac.kr/wsugang/core?attribute=timeMain","Thu Oct 01 2026 21:11:17 GMT+0900 (한국 표준시)"
"2026","2","","127936","교양","기초교양","기초","비판적사고와토론","BKSA39798","7052","07","1","2","2","김현희","화1400-1600(글로컬이음관 505)","","전체(GLOCAL)","정상","","","","발표와토론","https://kupis.kku.ac.kr/wsugang/core?attribute=timeMain","Thu Oct 01 2026 21:11:17 GMT+0900 (한국 표준시)"
"2026","2","","127936","교양","기초교양","기초","비판적사고와토론","BKSA39798","7053","08","1","2","2","김현희","화1600-1800(글로컬이음관 505)","","전체(GLOCAL)","정상","","","","발표와토론","https://kupis.kku.ac.kr/wsugang/core?attribute=timeMain","Thu Oct 01 2026 21:11:17 GMT+0900 (한국 표준시)"
"2026","2","","127936","교양","기초교양","기초","비판적사고와토론","BKSA39798","7054","09","1","2","2","추은혜","목1600-1800(글로컬이음관 604)","","전체(GLOCAL)","정상","","","","발표와토론","https://kupis.kku.ac.kr/wsugang/core?attribute=timeMain","Thu Oct 01 2026 21:11:17 GMT+0900 (한국 표준시)"
"2026","2","","127936","교양","기초교양","기초","빅데이터의기초","BKSA67914","7398","01","1","2","2","황선민","화1600-1800(국제교육관 303)","","전체(GLOCAL)","정상","","","","AI/데이터","https://kupis.kku.ac.kr/wsugang/core?attribute=timeMain","Thu Oct 01 2026 21:11:17 GMT+0900 (한국 표준시)"
"2026","2","","127936","교양","기초교양","기초","빅데이터의기초","BKSA67914","7399","02","1","2","2","황선민","화1200-1400(국제교육관 303)","","전체(GLOCAL)","정상","","","","AI/데이터","https://kupis.kku.ac.kr/wsugang/core?attribute=timeMain","Thu Oct 01 2026 21:11:17 GMT+0900 (한국 표준시)"
"2026","2","","127936","교양","기초교양","기초","빅데이터의기초","BKSA67914","7400","03","1","2","2","황선민","화1400-1600(국제교육관 303)","","전체(GLOCAL)","정상","","","","AI/데이터","https://kupis.kku.ac.kr/wsugang/core?attribute=timeMain","Thu Oct 01 2026 21:11:17 GMT+0900 (한국 표준시)"
"2026","2","","127936","교양","기초교양","기초","성찰글쓰기","BKSA64613","7332","01","1","2","2","조미숙","수1000-1200(글로컬이음관 601)","","전체(GLOCAL)","정상","","","","글쓰기","https://kupis.kku.ac.kr/wsugang/core?attribute=timeMain","Thu Oct 01 2026 21:11:17 GMT+0900 (한국 표준시)"
"2026","2","","127936","교양","기초교양","기초","성찰글쓰기","BKSA64613","7333","02","1","2","2","안미영","월1500-1700(글로컬이음관 602)","","전체(GLOCAL)","정상","","","","글쓰기","https://kupis.kku.ac.kr/wsugang/core?attribute=timeMain","Thu Oct 01 2026 21:11:17 GMT+0900 (한국 표준시)"
"2026","2","","127936","교양","기초교양","기초","성찰글쓰기","BKSA64613","7334","03","1","2","2","이효숙","화1000-1200(글로컬이음관 601)","","전체(GLOCAL)","정상","","","","글쓰기","https://kupis.kku.ac.kr/wsugang/core?attribute=timeMain","Thu Oct 01 2026 21:11:17 GMT+0900 (한국 표준시)"
"2026","2","","127936","교양","기초교양","기초","성찰글쓰기","BKSA64613","7335","04","1","2","2","이효숙","화1500-1700(글로컬이음관 407)","","전체(GLOCAL)","정상","","","","글쓰기","https://kupis.kku.ac.kr/wsugang/core?attribute=timeMain","Thu Oct 01 2026 21:11:17 GMT+0900 (한국 표준시)"
"2026","2","","127936","교양","기초교양","기초","성찰글쓰기","BKSA64613","7336","05","1","2","2","김정호","월1000-1200(글로컬이음관 601)","","전체(GLOCAL)","정상","","","","글쓰기","https://kupis.kku.ac.kr/wsugang/core?attribute=timeMain","Thu Oct 01 2026 21:11:17 GMT+0900 (한국 표준시)"
"2026","2","","127936","교양","기초교양","기초","성찰글쓰기","BKSA64613","7337","06","1","2","2","김정호","월1300-1500(글로컬이음관 601)","","전체(GLOCAL)","정상","","","","글쓰기","https://kupis.kku.ac.kr/wsugang/core?attribute=timeMain","Thu Oct 01 2026 21:11:17 GMT+0900 (한국 표준시)"
"2026","2","","127936","교양","기초교양","기초","성찰글쓰기","BKSA64613","7338","07","1","2","2","김정호","월1500-1700(글로컬이음관 601)","","전체(GLOCAL)","정상","","","","글쓰기","https://kupis.kku.ac.kr/wsugang/core?attribute=timeMain","Thu Oct 01 2026 21:11:17 GMT+0900 (한국 표준시)"
"2026","2","","127936","교양","기초교양","기초","성찰글쓰기","BKSA64613","7339","08","1","2","2","권도경","화1400-1600(글로컬이음관 602)","","전체(GLOCAL)","정상","","","","글쓰기","https://kupis.kku.ac.kr/wsugang/core?attribute=timeMain","Thu Oct 01 2026 21:11:17 GMT+0900 (한국 표준시)"
"2026","2","","127936","교양","기초교양","기초","성찰글쓰기","BKSA64613","7340","09","1","2","2","권도경","금1400-1600(글로컬이음관 602)","","전체(GLOCAL)","정상","","","","글쓰기","https://kupis.kku.ac.kr/wsugang/core?attribute=timeMain","Thu Oct 01 2026 21:11:17 GMT+0900 (한국 표준시)"
"2026","2","","127936","교양","기초교양","기초","성찰글쓰기","BKSA64613","7341","10","1","2","2","","","","전체(GLOCAL)","폐강","","","","글쓰기","https://kupis.kku.ac.kr/wsugang/core?attribute=timeMain","Thu Oct 01 2026 21:11:17 GMT+0900 (한국 표준시)"
"2026","2","","127936","교양","기초교양","기초","성찰글쓰기","BKSA64613","7342","11","1","2","2","권도경","금1200-1400(글로컬이음관 602)","","전체(GLOCAL)","정상","","","","글쓰기","https://kupis.kku.ac.kr/wsugang/core?attribute=timeMain","Thu Oct 01 2026 21:11:17 GMT+0900 (한국 표준시)"
"2026","2","","127936","교양","기초교양","기초","실용글쓰기","BKSA64612","7327","01","1","2","2","엄태경","목1000-1200(글로컬이음관 601)","","전체(GLOCAL)","정상","","","","글쓰기","https://kupis.kku.ac.kr/wsugang/core?attribute=timeMain","Thu Oct 01 2026 21:11:17 GMT+0900 (한국 표준시)"
"2026","2","","127936","교양","기초교양","기초","실용글쓰기","BKSA64612","7328","02","1","2","2","엄태경","목1200-1400(글로컬이음관 601)","","전체(GLOCAL)","정상","","","","글쓰기","https://kupis.kku.ac.kr/wsugang/core?attribute=timeMain","Thu Oct 01 2026 21:11:17 GMT+0900 (한국 표준시)"
"2026","2","","127936","교양","기초교양","기초","실용글쓰기","BKSA64612","7329","03","1","2","2","엄태경","목1400-1600(글로컬이음관 601)","","전체(GLOCAL)","정상","","","","글쓰기","https://kupis.kku.ac.kr/wsugang/core?attribute=timeMain","Thu Oct 01 2026 21:11:17 GMT+0900 (한국 표준시)"
"2026","2","","127936","교양","기초교양","기초","실용글쓰기","BKSA64612","7330","04","1","2","2","김병건","수1200-1400(글로컬이음관 601)","","전체(GLOCAL)","정상","","","","글쓰기","https://kupis.kku.ac.kr/wsugang/core?attribute=timeMain","Thu Oct 01 2026 21:11:17 GMT+0900 (한국 표준시)"
"2026","2","","127936","교양","기초교양","기초","실용글쓰기","BKSA64612","7331","05","1","2","2","김병건","수1400-1600(글로컬이음관 601)","","전체(GLOCAL)","정상","","","","글쓰기","https://kupis.kku.ac.kr/wsugang/core?attribute=timeMain","Thu Oct 01 2026 21:11:17 GMT+0900 (한국 표준시)"
"2026","2","","127936","교양","기초교양","기초","역사의고전","BKSA58112","7163","01","1","2","2","홍성화","월1500-1700(글로컬이음관 401)","","전체(GLOCAL)","정상","","","","인문기초","https://kupis.kku.ac.kr/wsugang/core?attribute=timeMain","Thu Oct 01 2026 21:11:17 GMT+0900 (한국 표준시)"
"2026","2","","127936","교양","기초교양","기초","역사의고전","BKSA58112","7164","02","1","2","2","홍성화","수1500-1700(글로컬이음관 401)","","전체(GLOCAL)","정상","","","","인문기초","https://kupis.kku.ac.kr/wsugang/core?attribute=timeMain","Thu Oct 01 2026 21:11:17 GMT+0900 (한국 표준시)"
"2026","2","","127936","교양","기초교양","기초","역사의고전","BKSA58112","7165","03","1","2","2","이도남","화1100-1300(글로컬이음관 401)","","전체(GLOCAL)","정상","","","","인문기초","https://kupis.kku.ac.kr/wsugang/core?attribute=timeMain","Thu Oct 01 2026 21:11:17 GMT+0900 (한국 표준시)"
"2026","2","","127936","교양","기초교양","기초","역사의고전","BKSA58112","7166","04","1","2","2","이도남","화1400-1600(글로컬이음관 502)","","전체(GLOCAL)","정상","","","","인문기초","https://kupis.kku.ac.kr/wsugang/core?attribute=timeMain","Thu Oct 01 2026 21:11:17 GMT+0900 (한국 표준시)"
"2026","2","","127936","교양","기초교양","기초","역사의고전","BKSA58112","7167","05","1","2","2","이도남","화1600-1800(글로컬이음관 502)","","전체(GLOCAL)","정상","","","","인문기초","https://kupis.kku.ac.kr/wsugang/core?attribute=timeMain","Thu Oct 01 2026 21:11:17 GMT+0900 (한국 표준시)"
"2026","2","","127936","교양","기초교양","기초","역사의고전","BKSA58112","7168","06","1","2","2","권만용","화0900-1100(글로컬이음관 401)","","전체(GLOCAL)","정상","","","","인문기초","https://kupis.kku.ac.kr/wsugang/core?attribute=timeMain","Thu Oct 01 2026 21:11:17 GMT+0900 (한국 표준시)"
"2026","2","","127936","교양","기초교양","기초","역사의고전","BKSA58112","7169","07","1","2","2","이장웅","수1000-1200(글로컬이음관 502)","","전체(GLOCAL)","정상","","","","인문기초","https://kupis.kku.ac.kr/wsugang/core?attribute=timeMain","Thu Oct 01 2026 21:11:17 GMT+0900 (한국 표준시)"
"2026","2","","127936","교양","기초교양","기초","역사의고전","BKSA58112","7170","08","1","2","2","송영대","목1200-1400(글로컬이음관 401)","","전체(GLOCAL)","정상","","","","인문기초","https://kupis.kku.ac.kr/wsugang/core?attribute=timeMain","Thu Oct 01 2026 21:11:17 GMT+0900 (한국 표준시)"
"2026","2","","127936","교양","기초교양","기초","열린사고와실용적말하기","BKSA64609","7311","01","1","2","2","정진헌","수1000-1200(글로컬이음관 604)","","전체(GLOCAL)","정상","","","","발표와토론","https://kupis.kku.ac.kr/wsugang/core?attribute=timeMain","Thu Oct 01 2026 21:11:17 GMT+0900 (한국 표준시)"
"2026","2","","127936","교양","기초교양","기초","열린사고와실용적말하기","BKSA64609","7312","02","1","2","2","정진헌","목1000-1200(글로컬이음관 604)","","전체(GLOCAL)","정상","","","","발표와토론","https://kupis.kku.ac.kr/wsugang/core?attribute=timeMain","Thu Oct 01 2026 21:11:17 GMT+0900 (한국 표준시)"
"2026","2","","127936","교양","기초교양","기초","열린사고와실용적말하기","BKSA64609","7313","03","1","2","2","정진헌","목1400-1600(글로컬이음관 604)","","전체(GLOCAL)","정상","","","","발표와토론","https://kupis.kku.ac.kr/wsugang/core?attribute=timeMain","Thu Oct 01 2026 21:11:17 GMT+0900 (한국 표준시)"
"2026","2","","127936","교양","기초교양","기초","열린사고와실용적말하기","BKSA64609","7314","04","1","2","2","김현희","월1000-1200(글로컬이음관 605)","","전체(GLOCAL)","정상","","","","발표와토론","https://kupis.kku.ac.kr/wsugang/core?attribute=timeMain","Thu Oct 01 2026 21:11:17 GMT+0900 (한국 표준시)"
"2026","2","","127936","교양","기초교양","기초","열린사고와실용적말하기","BKSA64609","7315","05","1","2","2","김현희","월1200-1400(글로컬이음관 605)","","전체(GLOCAL)","정상","","","","발표와토론","https://kupis.kku.ac.kr/wsugang/core?attribute=timeMain","Thu Oct 01 2026 21:11:17 GMT+0900 (한국 표준시)"
"2026","2","","127936","교양","기초교양","기초","일본어기초","BKSA58149","7186","01","전체","2","2","김범수","화1200-1400(글로컬이음관 405)","","전체(GLOCAL)","정상","","","","외국어기초","https://kupis.kku.ac.kr/wsugang/core?attribute=timeMain","Thu Oct 01 2026 21:11:17 GMT+0900 (한국 표준시)"
"2026","2","","127936","교양","기초교양","기초","중국어기초","BKSA58109","7149","01","전체","2","2","현성준","월1400-1600(글로컬이음관 408)","","전체(GLOCAL)","정상","","","","외국어기초","https://kupis.kku.ac.kr/wsugang/core?attribute=timeMain","Thu Oct 01 2026 21:11:17 GMT+0900 (한국 표준시)"
"2026","2","","127936","교양","기초교양","기초","중국어기초","BKSA58109","7150","02","전체","2","2","현성준","화1000-1200(글로컬이음관 405)","","전체(GLOCAL)","정상","","","","외국어기초","https://kupis.kku.ac.kr/wsugang/core?attribute=timeMain","Thu Oct 01 2026 21:11:17 GMT+0900 (한국 표준시)"
"2026","2","","127936","교양","기초교양","기초","중국어기초","BKSA58109","7151","03","전체","2","2","현성준","수1400-1600(글로컬이음관 405)","","전체(GLOCAL)","정상","","","","외국어기초","https://kupis.kku.ac.kr/wsugang/core?attribute=timeMain","Thu Oct 01 2026 21:11:17 GMT+0900 (한국 표준시)"
"2026","2","","127936","교양","기초교양","기초","중국어기초","BKSA58109","7152","04","전체","2","2","현성준","목1000-1200(글로컬이음관 405)","","전체(GLOCAL)","정상","","","","외국어기초","https://kupis.kku.ac.kr/wsugang/core?attribute=timeMain","Thu Oct 01 2026 21:11:17 GMT+0900 (한국 표준시)"
"2026","2","","127936","교양","기초교양","기초","중국어기초","BKSA58109","7153","05","전체","2","2","이앤슈아이","월1400-1600(글로컬이음관 407)","","전체(GLOCAL)","정상","","","","외국어기초","https://kupis.kku.ac.kr/wsugang/core?attribute=timeMain","Thu Oct 01 2026 21:11:17 GMT+0900 (한국 표준시)"
"2026","2","","127936","교양","기초교양","기초","중국어기초","BKSA58109","7154","06","전체","2","2","이앤슈아이","월1600-1800(글로컬이음관 407)","","전체(GLOCAL)","정상","","","","외국어기초","https://kupis.kku.ac.kr/wsugang/core?attribute=timeMain","Thu Oct 01 2026 21:11:17 GMT+0900 (한국 표준시)"
"2026","2","","127936","교양","기초교양","기초","중국어기초","BKSA58109","7155","07","전체","2","2","이앤슈아이","화1400-1600(글로컬이음관 405)","","전체(GLOCAL)","정상","","","","외국어기초","https://kupis.kku.ac.kr/wsugang/core?attribute=timeMain","Thu Oct 01 2026 21:11:17 GMT+0900 (한국 표준시)"
"2026","2","","127936","교양","기초교양","기초","중국어기초","BKSA58109","7156","08","전체","2","2","이앤슈아이","화1600-1800(글로컬이음관 601)","","전체(GLOCAL)","정상","","","","외국어기초","https://kupis.kku.ac.kr/wsugang/core?attribute=timeMain","Thu Oct 01 2026 21:11:17 GMT+0900 (한국 표준시)"
"2026","2","","127936","교양","기초교양","기초","중국어기초","BKSA58109","7157","09","전체","2","2","이앤슈아이","수1400-1600(글로컬이음관 506)","","전체(GLOCAL)","정상","","","","외국어기초","https://kupis.kku.ac.kr/wsugang/core?attribute=timeMain","Thu Oct 01 2026 21:11:17 GMT+0900 (한국 표준시)"
"2026","2","","127936","교양","기초교양","기초","중국어기초","BKSA58109","7158","10","전체","2","2","이앤슈아이","수1600-1800(글로컬이음관 506)","","전체(GLOCAL)","정상","","","","외국어기초","https://kupis.kku.ac.kr/wsugang/core?attribute=timeMain","Thu Oct 01 2026 21:11:17 GMT+0900 (한국 표준시)"
"2026","2","","127936","교양","기초교양","기초","중국어기초","BKSA58109","7159","11","전체","2","2","장미경","수1500-1700(글로컬이음관 502)","","전체(GLOCAL)","정상","","","","외국어기초","https://kupis.kku.ac.kr/wsugang/core?attribute=timeMain","Thu Oct 01 2026 21:11:17 GMT+0900 (한국 표준시)"
"2026","2","","127936","교양","기초교양","기초","창의글쓰기","BKSA64611","7322","01","1","2","2","조미숙","화1000-1200(글로컬이음관 407)","","전체(GLOCAL)","정상","","","","글쓰기","https://kupis.kku.ac.kr/wsugang/core?attribute=timeMain","Thu Oct 01 2026 21:11:17 GMT+0900 (한국 표준시)"
"2026","2","","127936","교양","기초교양","기초","창의글쓰기","BKSA64611","7323","02","1","2","2","조미숙","화1400-1600(글로컬이음관 601)","","전체(GLOCAL)","정상","","","","글쓰기","https://kupis.kku.ac.kr/wsugang/core?attribute=timeMain","Thu Oct 01 2026 21:11:17 GMT+0900 (한국 표준시)"
"2026","2","","127936","교양","기초교양","기초","창의글쓰기","BKSA64611","7324","03","1","2","2","이광욱","수0900-1100(글로컬이음관 602)","","전체(GLOCAL)","정상","","","","글쓰기","https://kupis.kku.ac.kr/wsugang/core?attribute=timeMain","Thu Oct 01 2026 21:11:17 GMT+0900 (한국 표준시)"
"2026","2","","127936","교양","기초교양","기초","창의글쓰기","BKSA64611","7325","04","1","2","2","권도경","화1000-1200(글로컬이음관 602)","","전체(GLOCAL)","정상","","","","글쓰기","https://kupis.kku.ac.kr/wsugang/core?attribute=timeMain","Thu Oct 01 2026 21:11:17 GMT+0900 (한국 표준시)"
"2026","2","","127936","교양","기초교양","기초","창의글쓰기","BKSA64611","7326","05","1","2","2","권도경","화1200-1400(글로컬이음관 602)","","전체(GLOCAL)","정상","","","","글쓰기","https://kupis.kku.ac.kr/wsugang/core?attribute=timeMain","Thu Oct 01 2026 21:11:17 GMT+0900 (한국 표준시)"
"2026","2","","127936","교양","기초교양","기초","철학의고전","BKSA58113","7171","01","1","2","2","이동욱","수1000-1200(글로컬이음관 506)","","전체(GLOCAL)","정상","","","","인문기초","https://kupis.kku.ac.kr/wsugang/core?attribute=timeMain","Thu Oct 01 2026 21:11:17 GMT+0900 (한국 표준시)"
"2026","2","","127936","교양","기초교양","기초","철학의고전","BKSA58113","7172","02","1","2","2","이동욱","목1600-1800(글로컬이음관 506)","","전체(GLOCAL)","정상","","","","인문기초","https://kupis.kku.ac.kr/wsugang/core?attribute=timeMain","Thu Oct 01 2026 21:11:17 GMT+0900 (한국 표준시)"
"2026","2","","127936","교양","기초교양","기초","철학의고전","BKSA58113","7173","03","1","2","2","","","","전체(GLOCAL)","폐강","","","","인문기초","https://kupis.kku.ac.kr/wsugang/core?attribute=timeMain","Thu Oct 01 2026 21:11:17 GMT+0900 (한국 표준시)"
"2026","2","","127936","교양","기초교양","기초","철학의고전","BKSA58113","7174","04","1","2","2","채희도","화1200-1400(글로컬이음관 506)","","전체(GLOCAL)","정상","","","","인문기초","https://kupis.kku.ac.kr/wsugang/core?attribute=timeMain","Thu Oct 01 2026 21:11:17 GMT+0900 (한국 표준시)"
"2026","2","","127936","교양","기초교양","기초","철학의고전","BKSA58113","7175","05","1","2","2","채희도","화1600-1800(글로컬이음관 506)","","전체(GLOCAL)","정상","","","","인문기초","https://kupis.kku.ac.kr/wsugang/core?attribute=timeMain","Thu Oct 01 2026 21:11:17 GMT+0900 (한국 표준시)"
"2026","2","","127936","교양","기초교양","기초","철학의고전","BKSA58113","7176","06","1","2","2","임승필","목1000-1200(글로컬이음관 401)","","전체(GLOCAL)","정상","","","","인문기초","https://kupis.kku.ac.kr/wsugang/core?attribute=timeMain","Thu Oct 01 2026 21:11:17 GMT+0900 (한국 표준시)"
"2026","2","","127936","교양","기초교양","기초","철학의고전","BKSA58113","7177","07","1","2","2","임승필","목1400-1600(글로컬이음관 401)","","전체(GLOCAL)","정상","","","","인문기초","https://kupis.kku.ac.kr/wsugang/core?attribute=timeMain","Thu Oct 01 2026 21:11:17 GMT+0900 (한국 표준시)"
"2026","2","","127936","교양","기초교양","기초","철학의고전","BKSA58113","7178","08","1","2","2","임승필","목1600-1800(글로컬이음관 401)","","전체(GLOCAL)","정상","","","","인문기초","https://kupis.kku.ac.kr/wsugang/core?attribute=timeMain","Thu Oct 01 2026 21:11:17 GMT+0900 (한국 표준시)"
"2026","2","","127936","교양","기초교양","기초","컴퓨팅적사고","BKSA56558","7142","01","1","2","2","","","","전체(GLOCAL)","폐강","","","","AI/데이터","https://kupis.kku.ac.kr/wsugang/core?attribute=timeMain","Thu Oct 01 2026 21:11:17 GMT+0900 (한국 표준시)"
"2026","2","","127936","교양","기초교양","기초","컴퓨팅적사고","BKSA56558","7143","02","1","2","2","고명철","수1100-1300(국제교육관 301-A)","","전체(GLOCAL)","정상","","","","AI/데이터","https://kupis.kku.ac.kr/wsugang/core?attribute=timeMain","Thu Oct 01 2026 21:11:17 GMT+0900 (한국 표준시)"
"2026","2","","127936","교양","기초교양","기초","컴퓨팅적사고","BKSA56558","7144","03","1","2","2","권영애","월1000-1200(국제교육관 301-B)","","전체(GLOCAL)","정상","","","","AI/데이터","https://kupis.kku.ac.kr/wsugang/core?attribute=timeMain","Thu Oct 01 2026 21:11:17 GMT+0900 (한국 표준시)"
"2026","2","","127936","교양","기초교양","기초","컴퓨팅적사고","BKSA56558","7145","04","1","2","2","권영애","월1400-1600(자연과학관 204)","","전체(GLOCAL)","정상","","","","AI/데이터","https://kupis.kku.ac.kr/wsugang/core?attribute=timeMain","Thu Oct 01 2026 21:11:17 GMT+0900 (한국 표준시)"
"2026","2","","127936","교양","기초교양","기초","프로그래밍의기초","BKSA67915","7401","01","1","2","2","","","","전체(GLOCAL)","폐강","","","","AI/데이터","https://kupis.kku.ac.kr/wsugang/core?attribute=timeMain","Thu Oct 01 2026 21:11:17 GMT+0900 (한국 표준시)"
"2026","2","","127936","교양","기초교양","기초","프로그래밍의기초","BKSA67915","7402","02","1","2","2","홍건표","월1200-1400(국제교육관 301-A)","","전체(GLOCAL)","정상","","","","AI/데이터","https://kupis.kku.ac.kr/wsugang/core?attribute=timeMain","Thu Oct 01 2026 21:11:17 GMT+0900 (한국 표준시)"
"2026","2","","127936","교양","기초교양","기초","프로그래밍의기초","BKSA67915","7403","03","1","2","2","","","","전체(GLOCAL)","폐강","","","","AI/데이터","https://kupis.kku.ac.kr/wsugang/core?attribute=timeMain","Thu Oct 01 2026 21:11:17 GMT+0900 (한국 표준시)"
"2026","2","","127936","교양","기초교양","기초","협력적사고와토의","BKSA64610","7316","01","1","2","2","조영주","수1000-1200(글로컬이음관 605)","","전체(GLOCAL)","정상","","","","발표와토론","https://kupis.kku.ac.kr/wsugang/core?attribute=timeMain","Thu Oct 01 2026 21:11:17 GMT+0900 (한국 표준시)"
"2026","2","","127936","교양","기초교양","기초","협력적사고와토의","BKSA64610","7317","02","1","2","2","조영주","목1000-1200(글로컬이음관 605)","","전체(GLOCAL)","정상","","","","발표와토론","https://kupis.kku.ac.kr/wsugang/core?attribute=timeMain","Thu Oct 01 2026 21:11:17 GMT+0900 (한국 표준시)"
"2026","2","","127936","교양","기초교양","기초","협력적사고와토의","BKSA64610","7318","03","1","2","2","조영주","목1200-1400(글로컬이음관 605)","","전체(GLOCAL)","정상","","","","발표와토론","https://kupis.kku.ac.kr/wsugang/core?attribute=timeMain","Thu Oct 01 2026 21:11:17 GMT+0900 (한국 표준시)"
"2026","2","","127936","교양","기초교양","기초","협력적사고와토의","BKSA64610","7319","04","1","2","2","정영진","화1200-1400(글로컬이음관 605)","","전체(GLOCAL)","정상","","","","발표와토론","https://kupis.kku.ac.kr/wsugang/core?attribute=timeMain","Thu Oct 01 2026 21:11:17 GMT+0900 (한국 표준시)"
"2026","2","","127936","교양","기초교양","기초","협력적사고와토의","BKSA64610","7320","05","1","2","2","추은혜","목1200-1400(글로컬이음관 604)","","전체(GLOCAL)","정상","","","","발표와토론","https://kupis.kku.ac.kr/wsugang/core?attribute=timeMain","Thu Oct 01 2026 21:11:17 GMT+0900 (한국 표준시)"
"2026","2","","127936","교양","기초교양","기초","협력적사고와토의","BKSA64610","7321","06","1","2","2","추은혜","목1400-1600(글로컬이음관 605)","","전체(GLOCAL)","정상","","","","발표와토론","https://kupis.kku.ac.kr/wsugang/core?attribute=timeMain","Thu Oct 01 2026 21:11:17 GMT+0900 (한국 표준시)"
"2026","2","","127936","교양","기초교양","기초","AI리터러시","BKSA67913","7393","01","1","2","2","배정섭","월1400-1600(국제교육관 303)","","전체(GLOCAL)","정상","","","","AI/데이터","https://kupis.kku.ac.kr/wsugang/core?attribute=timeMain","Thu Oct 01 2026 21:11:17 GMT+0900 (한국 표준시)"
"2026","2","","127936","교양","기초교양","기초","AI리터러시","BKSA67913","7394","02","1","2","2","배정섭","월1600-1800(국제교육관 303)","","전체(GLOCAL)","정상","","","","AI/데이터","https://kupis.kku.ac.kr/wsugang/core?attribute=timeMain","Thu Oct 01 2026 21:11:17 GMT+0900 (한국 표준시)"
"2026","2","","127936","교양","기초교양","기초","AI리터러시","BKSA67913","7395","03","1","2","2","김연화","목1300-1500(국제교육관 301-B)","","전체(GLOCAL)","정상","","","","AI/데이터","https://kupis.kku.ac.kr/wsugang/core?attribute=timeMain","Thu Oct 01 2026 21:11:17 GMT+0900 (한국 표준시)"
"2026","2","","127936","교양","기초교양","기초","AI리터러시","BKSA67913","7396","04","1","2","2","김연화","목1500-1700(국제교육관 301-B)","","전체(GLOCAL)","정상","","","","AI/데이터","https://kupis.kku.ac.kr/wsugang/core?attribute=timeMain","Thu Oct 01 2026 21:11:17 GMT+0900 (한국 표준시)"
"2026","2","","127936","교양","기초교양","기초","AI리터러시","BKSA67913","7397","05","1","2","2","오승홍","목1000-1200(국제교육관 301-A)","","전체(GLOCAL)","정상","","","","AI/데이터","https://kupis.kku.ac.kr/wsugang/core?attribute=timeMain","Thu Oct 01 2026 21:11:17 GMT+0900 (한국 표준시)"
"2026","2","","127936","교양","기초교양","기초","AI이해와문제해결","BKSA69741","8274","01","1","2","2","오승홍","목1300-1500(국제교육관 303)","","전체(GLOCAL)","정상","","","","AI/데이터","https://kupis.kku.ac.kr/wsugang/core?attribute=timeMain","Thu Oct 01 2026 21:11:17 GMT+0900 (한국 표준시)"
"2026","2","","127936","교양","기초교양","기초","AI이해와문제해결","BKSA69741","8279","02","1","2","2","오승홍","목1500-1700(국제교육관 303)","","전체(GLOCAL)","정상","","","","AI/데이터","https://kupis.kku.ac.kr/wsugang/core?attribute=timeMain","Thu Oct 01 2026 21:11:17 GMT+0900 (한국 표준시)"
"2026","2","","127936","교양","기초교양","기초","KUGEP1","BKSA53699","7088","01","1","2","2","양윤정","월1300-1500(글로컬이음관 502)","","전체(GLOCAL)","정상","","","","외국어기초","https://kupis.kku.ac.kr/wsugang/core?attribute=timeMain","Thu Oct 01 2026 21:11:17 GMT+0900 (한국 표준시)"
"2026","2","","127936","교양","기초교양","기초","KUGEP1","BKSA53699","7089","02","1","2","2","양윤정","화1300-1500(글로컬이음관 603)","","전체(GLOCAL)","정상","","","","외국어기초","https://kupis.kku.ac.kr/wsugang/core?attribute=timeMain","Thu Oct 01 2026 21:11:17 GMT+0900 (한국 표준시)"
"2026","2","","127936","교양","기초교양","기초","KUGEP1","BKSA53699","7090","03","1","2","2","양윤정","화1500-1700(글로컬이음관 603)","","전체(GLOCAL)","정상","","","","외국어기초","https://kupis.kku.ac.kr/wsugang/core?attribute=timeMain","Thu Oct 01 2026 21:11:17 GMT+0900 (한국 표준시)"
"2026","2","","127936","교양","기초교양","기초","KUGEP1","BKSA53699","7091","04","1","2","2","박선화","화1000-1200(글로컬이음관 603)","","전체(GLOCAL)","정상","","","","외국어기초","https://kupis.kku.ac.kr/wsugang/core?attribute=timeMain","Thu Oct 01 2026 21:11:17 GMT+0900 (한국 표준시)"
"2026","2","","127936","교양","기초교양","기초","KUGEP1","BKSA53699","7092","05","1","2","2","박선화","화1400-1600(글로컬이음관 506)","","전체(GLOCAL)","정상","","","","외국어기초","https://kupis.kku.ac.kr/wsugang/core?attribute=timeMain","Thu Oct 01 2026 21:11:17 GMT+0900 (한국 표준시)"
"2026","2","","127936","교양","기초교양","기초","KUGEP1","BKSA53699","7093","06","1","2","2","박선화","목1400-1600(글로컬이음관 506)","","전체(GLOCAL)","정상","","","","외국어기초","https://kupis.kku.ac.kr/wsugang/core?attribute=timeMain","Thu Oct 01 2026 21:11:17 GMT+0900 (한국 표준시)"
"2026","2","","127936","교양","기초교양","기초","KUGEP1","BKSA53699","7094","07","1","2","2","윤소영","월1600-1800(글로컬이음관 603)","","전체(GLOCAL)","정상","","","","외국어기초","https://kupis.kku.ac.kr/wsugang/core?attribute=timeMain","Thu Oct 01 2026 21:11:17 GMT+0900 (한국 표준시)"
"2026","2","","127936","교양","기초교양","기초","KUGEP1","BKSA53699","7095","08","1","2","2","윤소영","화0900-1100(글로컬이음관 606)","","전체(GLOCAL)","정상","","","","외국어기초","https://kupis.kku.ac.kr/wsugang/core?attribute=timeMain","Thu Oct 01 2026 21:11:17 GMT+0900 (한국 표준시)"
"2026","2","","127936","교양","기초교양","기초","KUGEP1","BKSA53699","7096","09","1","2","2","","","","전체(GLOCAL)","폐강","","","","외국어기초","https://kupis.kku.ac.kr/wsugang/core?attribute=timeMain","Thu Oct 01 2026 21:11:17 GMT+0900 (한국 표준시)"
"2026","2","","127936","교양","기초교양","기초","KUGEP1","BKSA53699","7097","10","1","2","2","","","","전체(GLOCAL)","폐강","","","","외국어기초","https://kupis.kku.ac.kr/wsugang/core?attribute=timeMain","Thu Oct 01 2026 21:11:17 GMT+0900 (한국 표준시)"
"2026","2","","127936","교양","기초교양","기초","KUGEP1","BKSA53699","7098","11","1","2","2","강석한","월1300-1500(글로컬이음관 606)","","전체(GLOCAL)","정상","","","","외국어기초","https://kupis.kku.ac.kr/wsugang/core?attribute=timeMain","Thu Oct 01 2026 21:11:17 GMT+0900 (한국 표준시)"
"2026","2","","127936","교양","기초교양","기초","KUGEP1","BKSA53699","7099","12","1","2","2","강석한","월1500-1700(글로컬이음관 606)","","전체(GLOCAL)","정상","","","","외국어기초","https://kupis.kku.ac.kr/wsugang/core?attribute=timeMain","Thu Oct 01 2026 21:11:17 GMT+0900 (한국 표준시)"
"2026","2","","127936","교양","기초교양","기초","KUGEP1","BKSA53699","7100","13","1","2","2","강석한","화1300-1500(글로컬이음관 606)","","전체(GLOCAL)","정상","","","","외국어기초","https://kupis.kku.ac.kr/wsugang/core?attribute=timeMain","Thu Oct 01 2026 21:11:17 GMT+0900 (한국 표준시)"
"2026","2","","127936","교양","기초교양","기초","KUGEP1","BKSA53699","7101","14","1","2","2","강석한","화1500-1700(글로컬이음관 606)","","전체(GLOCAL)","정상","","","","외국어기초","https://kupis.kku.ac.kr/wsugang/core?attribute=timeMain","Thu Oct 01 2026 21:11:17 GMT+0900 (한국 표준시)"
"2026","2","","127936","교양","기초교양","기초","KUGEP1","BKSA53699","7102","15","1","2","2","김윤진","목0900-1100(글로컬이음관 603)","","전체(GLOCAL)","정상","","","","외국어기초","https://kupis.kku.ac.kr/wsugang/core?attribute=timeMain","Thu Oct 01 2026 21:11:17 GMT+0900 (한국 표준시)"
"2026","2","","127936","교양","기초교양","기초","KUGEP1","BKSA53699","7103","16","1","2","2","김윤진","목1100-1300(글로컬이음관 603)","","전체(GLOCAL)","정상","","","","외국어기초","https://kupis.kku.ac.kr/wsugang/core?attribute=timeMain","Thu Oct 01 2026 21:11:17 GMT+0900 (한국 표준시)"
"2026","2","","127936","교양","기초교양","기초","KUGEP1","BKSA53699","7104","17","1","2","2","김윤진","목1300-1500(글로컬이음관 603)","","전체(GLOCAL)","정상","","","","외국어기초","https://kupis.kku.ac.kr/wsugang/core?attribute=timeMain","Thu Oct 01 2026 21:11:17 GMT+0900 (한국 표준시)"
"2026","2","","127936","교양","기초교양","기초","KUGEP1","BKSA53699","7105","18","1","2","2","박우식","월1000-1200(글로컬이음관 603)","","전체(GLOCAL)","정상","","","","외국어기초","https://kupis.kku.ac.kr/wsugang/core?attribute=timeMain","Thu Oct 01 2026 21:11:17 GMT+0900 (한국 표준시)"
"2026","2","","127936","교양","기초교양","기초","KUGEP1","BKSA53699","7106","19","1","2","2","박우식","월1200-1400(글로컬이음관 603)","","전체(GLOCAL)","정상","","","","외국어기초","https://kupis.kku.ac.kr/wsugang/core?attribute=timeMain","Thu Oct 01 2026 21:11:17 GMT+0900 (한국 표준시)"
"2026","2","","127936","교양","기초교양","기초","KUGEP1","BKSA53699","7107","20","1","2","2","박우식","월1400-1600(글로컬이음관 603)","","전체(GLOCAL)","정상","","","","외국어기초","https://kupis.kku.ac.kr/wsugang/core?attribute=timeMain","Thu Oct 01 2026 21:11:17 GMT+0900 (한국 표준시)"
"2026","2","","127936","교양","기초교양","기초","KUGEP1","BKSA53699","7108","21","1","2","2","박정희","수1000-1200(글로컬이음관 603)","","전체(GLOCAL)","정상","","","","외국어기초","https://kupis.kku.ac.kr/wsugang/core?attribute=timeMain","Thu Oct 01 2026 21:11:17 GMT+0900 (한국 표준시)"
"2026","2","","127936","교양","기초교양","기초","KUGEP1","BKSA53699","7109","22","1","2","2","박정희","수1200-1400(글로컬이음관 603)","","전체(GLOCAL)","정상","","","","외국어기초","https://kupis.kku.ac.kr/wsugang/core?attribute=timeMain","Thu Oct 01 2026 21:11:17 GMT+0900 (한국 표준시)"
"2026","2","","127936","교양","기초교양","기초","KUGEP1","BKSA53699","7110","23","1","2","2","박정희","수1400-1600(글로컬이음관 603)","","전체(GLOCAL)","정상","","","","외국어기초","https://kupis.kku.ac.kr/wsugang/core?attribute=timeMain","Thu Oct 01 2026 21:11:17 GMT+0900 (한국 표준시)"
"2026","2","","127936","교양","기초교양","기초","KUGEP2","BKSA53700","7111","01","전체","2","2","박선화","월1400-1600(글로컬이음관 506)","","전체(GLOCAL)","정상","","","","외국어기초","https://kupis.kku.ac.kr/wsugang/core?attribute=timeMain","Thu Oct 01 2026 21:11:17 GMT+0900 (한국 표준시)"
"2026","2","","127936","교양","기초교양","기초","KUGEP2","BKSA53700","7112","02","전체","2","2","윤소영","수0900-1100(글로컬이음관 606)","","전체(GLOCAL)","정상","","","","외국어기초","https://kupis.kku.ac.kr/wsugang/core?attribute=timeMain","Thu Oct 01 2026 21:11:17 GMT+0900 (한국 표준시)"
"2026","2","","127936","교양","기초교양","기초","KUGEP2","BKSA53700","7113","03","전체","2","2","윤소영","수1100-1300(글로컬이음관 606)","","전체(GLOCAL)","정상","","","","외국어기초","https://kupis.kku.ac.kr/wsugang/core?attribute=timeMain","Thu Oct 01 2026 21:11:17 GMT+0900 (한국 표준시)"
"2026","2","","127936","교양","기초교양","기초","KUGEP2","BKSA53700","7114","04","전체","2","2","강석한","목1500-1700(글로컬이음관 405)","","전체(GLOCAL)","정상","","","","외국어기초","https://kupis.kku.ac.kr/wsugang/core?attribute=timeMain","Thu Oct 01 2026 21:11:17 GMT+0900 (한국 표준시)"
"2026","2","","127936","교양","기초교양","기초","KUGEP2","BKSA53700","7115","05","전체","2","2","","","","전체(GLOCAL)","폐강","","","","외국어기초","https://kupis.kku.ac.kr/wsugang/core?attribute=timeMain","Thu Oct 01 2026 21:11:17 GMT+0900 (한국 표준시)"
"2026","2","","127936","교양","기초교양","기초","KUGEP2","BKSA53700","7116","06","전체","2","2","이철희","월1100-1300(글로컬이음관 602)","","전체(GLOCAL)","정상","","","","외국어기초","https://kupis.kku.ac.kr/wsugang/core?attribute=timeMain","Thu Oct 01 2026 21:11:17 GMT+0900 (한국 표준시)"
"2026","2","","127936","교양","기초교양","기초","KUGEP2","BKSA53700","7117","07","전체","2","2","이철희","월1300-1500(글로컬이음관 602)","","전체(GLOCAL)","정상","","","","외국어기초","https://kupis.kku.ac.kr/wsugang/core?attribute=timeMain","Thu Oct 01 2026 21:11:17 GMT+0900 (한국 표준시)"
"2026","2","","127936","교양","KU소양","소양","감성합창","BKSA59479","7247","01","전체","2","2","이성원","월1300-1500(글로컬이음관 101)","","전체(GLOCAL)","정상","","","","실기","https://kupis.kku.ac.kr/wsugang/core?attribute=timeMain","Thu Oct 01 2026 21:11:17 GMT+0900 (한국 표준시)"
"2026","2","","127936","교양","KU소양","소양","감성합창","BKSA59479","7248","02","전체","2","2","이성원","월1500-1700(글로컬이음관 101)","","전체(GLOCAL)","정상","","","","실기","https://kupis.kku.ac.kr/wsugang/core?attribute=timeMain","Thu Oct 01 2026 21:11:17 GMT+0900 (한국 표준시)"
"2026","2","","127936","교양","KU소양","소양","건학정신과대학생활","BKSA10922","7004","01","전체","2","2","심성보","월1300-1500(글로컬이음관 302)","","전체(GLOCAL)","정상","","","","인성","https://kupis.kku.ac.kr/wsugang/core?attribute=timeMain","Thu Oct 01 2026 21:11:17 GMT+0900 (한국 표준시)"
"2026","2","","127936","교양","KU소양","소양","건학정신과대학생활","BKSA10922","7005","02","전체","2","2","심성보","월1600-1800(글로컬이음관 302)","","전체(GLOCAL)","정상","","","","인성","https://kupis.kku.ac.kr/wsugang/core?attribute=timeMain","Thu Oct 01 2026 21:11:17 GMT+0900 (한국 표준시)"
"2026","2","","127936","교양","KU소양","소양","건학정신과대학생활","BKSA10922","7006","03","전체","2","2","심성보","화1000-1200(글로컬이음관 303)","","전체(GLOCAL)","정상","","","","인성","https://kupis.kku.ac.kr/wsugang/core?attribute=timeMain","Thu Oct 01 2026 21:11:17 GMT+0900 (한국 표준시)"
"2026","2","","127936","교양","KU소양","소양","건학정신과대학생활","BKSA10922","7007","04","전체","2","2","심성보","화1300-1500(글로컬이음관 303)","","전체(GLOCAL)","정상","","","","인성","https://kupis.kku.ac.kr/wsugang/core?attribute=timeMain","Thu Oct 01 2026 21:11:17 GMT+0900 (한국 표준시)"
"2026","2","","127936","교양","KU소양","소양","건학정신과대학생활","BKSA10922","7008","05","전체","2","2","심성보","금1000-1200(글로컬이음관 303)","","전체(GLOCAL)","정상","","","","인성","https://kupis.kku.ac.kr/wsugang/core?attribute=timeMain","Thu Oct 01 2026 21:11:17 GMT+0900 (한국 표준시)"
"2026","2","","127936","교양","KU소양","소양","건학정신과대학생활","BKSA10922","7009","06","전체","2","2","심성보","금1400-1600(글로컬이음관 303)","","전체(GLOCAL)","정상","","","","인성","https://kupis.kku.ac.kr/wsugang/core?attribute=timeMain","Thu Oct 01 2026 21:11:17 GMT+0900 (한국 표준시)"
"2026","2","","127936","교양","KU소양","소양","관계를이어주는우리시대의대화법","BKSA64619","7352","01","전체","2","2","고경민","화1000-1200(글로컬이음관 101)","","전체(GLOCAL)","정상","","","","인성","https://kupis.kku.ac.kr/wsugang/core?attribute=timeMain","Thu Oct 01 2026 21:11:17 GMT+0900 (한국 표준시)"
"2026","2","","127936","교양","KU소양","소양","구기스포츠1(농구)","BKSA58197","7208","01","전체","2","2","박종석","수1300-1500(건국체육관 100)","","전체(GLOCAL)","정상","","","","실기","https://kupis.kku.ac.kr/wsugang/core?attribute=timeMain","Thu Oct 01 2026 21:11:17 GMT+0900 (한국 표준시)"
"2026","2","","127936","교양","KU소양","소양","구기스포츠2(배구)","BKSA59480","7249","01","전체","2","2","성동준","화1300-1500(건국체육관 100)","","전체(GLOCAL)","정상","","","","실기","https://kupis.kku.ac.kr/wsugang/core?attribute=timeMain","Thu Oct 01 2026 21:11:17 GMT+0900 (한국 표준시)"
"2026","2","","127936","교양","KU소양","소양","구기스포츠2(배구)","BKSA59480","8263","02","전체","2","2","성동준","화1500-1700(건국체육관 100)","","전체(GLOCAL)","정상","","","","실기","https://kupis.kku.ac.kr/wsugang/core?attribute=timeMain","Thu Oct 01 2026 21:11:17 GMT+0900 (한국 표준시)"
"2026","2","","127936","교양","KU소양","소양","글로컬사회봉사","BKSA64615","7344","01","전체","2","2","박혜진","금1100-1300(글로컬이음관 102)","","전체(GLOCAL)","정상","","","","인성","https://kupis.kku.ac.kr/wsugang/core?attribute=timeMain","Thu Oct 01 2026 21:11:17 GMT+0900 (한국 표준시)"
"2026","2","","127936","교양","KU소양","소양","글로컬사회봉사","BKSA64615","7345","02","전체","2","2","박혜진","금1300-1500(글로컬이음관 102)","","전체(GLOCAL)","정상","","","","인성","https://kupis.kku.ac.kr/wsugang/core?attribute=timeMain","Thu Oct 01 2026 21:11:17 GMT+0900 (한국 표준시)"
"2026","2","","127936","교양","KU소양","소양","글로컬사회봉사","BKSA64615","7346","03","전체","2","2","이수정","금1100-1300(글로컬이음관 103)","","전체(GLOCAL)","정상","","","","인성","https://kupis.kku.ac.kr/wsugang/core?attribute=timeMain","Thu Oct 01 2026 21:11:17 GMT+0900 (한국 표준시)"
"2026","2","","127936","교양","KU소양","소양","글로컬사회봉사","BKSA64615","7347","04","전체","2","2","이수정","금1300-1500(글로컬이음관 103)","","전체(GLOCAL)","정상","","","","인성","https://kupis.kku.ac.kr/wsugang/core?attribute=timeMain","Thu Oct 01 2026 21:11:17 GMT+0900 (한국 표준시)"
"2026","2","","127936","교양","KU소양","소양","금융시장과금융투자의이해","BKSA69152","7417","01","전체","2","2","서대교","목1400-1600(글로컬이음관 103)","","전체(GLOCAL)","정상","","","","실무","https://kupis.kku.ac.kr/wsugang/core?attribute=timeMain","Thu Oct 01 2026 21:11:17 GMT+0900 (한국 표준시)"
"2026","2","","127936","교양","KU소양","소양","기초크로키실기","BKSA58202","7210","01","전체","2","2","성영미","화1400-1600(국제교육관 408)","","전체(GLOCAL)","정상","","","","실기","https://kupis.kku.ac.kr/wsugang/core?attribute=timeMain","Thu Oct 01 2026 21:11:17 GMT+0900 (한국 표준시)"
"2026","2","","127936","교양","KU소양","소양","기초크로키실기","BKSA58202","7211","02","전체","2","2","성영미","화1600-1800(국제교육관 408)","","전체(GLOCAL)","정상","","","","실기","https://kupis.kku.ac.kr/wsugang/core?attribute=timeMain","Thu Oct 01 2026 21:11:17 GMT+0900 (한국 표준시)"
"2026","2","","127936","교양","KU소양","소양","기초크로키실기","BKSA58202","7212","03","전체","2","2","오재규","화1000-1200(국제교육관 408)","","전체(GLOCAL)","정상","","","","실기","https://kupis.kku.ac.kr/wsugang/core?attribute=timeMain","Thu Oct 01 2026 21:11:17 GMT+0900 (한국 표준시)"
"2026","2","","127936","교양","KU소양","소양","나우리택견인성","BKSA59466","7228","01","전체","2","2","신종근","월1600-1800(건국체육관 113)","","전체(GLOCAL)","정상","","","","인성","https://kupis.kku.ac.kr/wsugang/core?attribute=timeMain","Thu Oct 01 2026 21:11:17 GMT+0900 (한국 표준시)"
"2026","2","","127936","교양","KU소양","소양","나우리택견인성","BKSA59466","7229","02","전체","2","2","신종근","화1600-1800(건국체육관 113)","","전체(GLOCAL)","정상","","","","인성","https://kupis.kku.ac.kr/wsugang/core?attribute=timeMain","Thu Oct 01 2026 21:11:17 GMT+0900 (한국 표준시)"
"2026","2","","127936","교양","KU소양","소양","나우리택견인성","BKSA59466","7230","03","전체","2","2","신종근","수1600-1800(건국체육관 113)","","전체(GLOCAL)","정상","","","","인성","https://kupis.kku.ac.kr/wsugang/core?attribute=timeMain","Thu Oct 01 2026 21:11:17 GMT+0900 (한국 표준시)"
"2026","2","","127936","교양","KU소양","소양","대학생창업실습","BKSA56134","7141","01","전체","2","2","이양희","목1500-1700(글로컬이음관 602)","","전체(GLOCAL)","정상","","","","실무","https://kupis.kku.ac.kr/wsugang/core?attribute=timeMain","Thu Oct 01 2026 21:11:17 GMT+0900 (한국 표준시)"
"2026","2","","127936","교양","KU소양","소양","디지털시대의세계시민-되기","BKSA63407","7288","01","전체","2","2","이미정","목1700-1800(인문사회관 101)","","전체(GLOCAL)","정상","","","","인성","https://kupis.kku.ac.kr/wsugang/core?attribute=timeMain","Thu Oct 01 2026 21:11:17 GMT+0900 (한국 표준시)"
"2026","2","","127936","교양","KU소양","소양","라켓스포츠1(배드민턴)","BKSA58195","7204","01","전체","2","2","조영숙","목1100-1300(건국체육관 100)","","전체(GLOCAL)","정상","","","","실기","https://kupis.kku.ac.kr/wsugang/core?attribute=timeMain","Thu Oct 01 2026 21:11:17 GMT+0900 (한국 표준시)"
"2026","2","","127936","교양","KU소양","소양","라켓스포츠2(스쿼시/테니스)","BKSA58196","7205","01","전체","2","2","최재우","수1200-1400(테니스장 001)","","전체(GLOCAL)","정상","","","","실기","https://kupis.kku.ac.kr/wsugang/core?attribute=timeMain","Thu Oct 01 2026 21:11:17 GMT+0900 (한국 표준시)"
"2026","2","","127936","교양","KU소양","소양","라켓스포츠2(스쿼시/테니스)","BKSA58196","7206","02","전체","2","2","최재우","수1400-1600(테니스장 001)","","전체(GLOCAL)","정상","","","","실기","https://kupis.kku.ac.kr/wsugang/core?attribute=timeMain","Thu Oct 01 2026 21:11:17 GMT+0900 (한국 표준시)"
"2026","2","","127936","교양","KU소양","소양","라켓스포츠2(스쿼시/테니스)","BKSA58196","7207","03","전체","2","2","최재우","수1600-1800(테니스장 001)","","전체(GLOCAL)","정상","","","","실기","https://kupis.kku.ac.kr/wsugang/core?attribute=timeMain","Thu Oct 01 2026 21:11:17 GMT+0900 (한국 표준시)"
"2026","2","","127936","교양","KU소양","소양","라틴댄스","BKSA54360","7128","01","전체","2","2","손보람","화1200-1400(건국체육관 113)","","전체(GLOCAL)","정상","","","","실기","https://kupis.kku.ac.kr/wsugang/core?attribute=timeMain","Thu Oct 01 2026 21:11:17 GMT+0900 (한국 표준시)"
"2026","2","","127936","교양","KU소양","소양","레저스포츠(골프)","BKSA67909","7381","01","전체","2","2","장지혜","화0900-1100(골프연습장 110)","","전체(GLOCAL)","정상","","","","실기","https://kupis.kku.ac.kr/wsugang/core?attribute=timeMain","Thu Oct 01 2026 21:11:17 GMT+0900 (한국 표준시)"
"2026","2","","127936","교양","KU소양","소양","레저스포츠(골프)","BKSA67909","7382","02","전체","2","2","박찬희","수0900-1100(골프연습장 110)","","전체(GLOCAL)","정상","","","","실기","https://kupis.kku.ac.kr/wsugang/core?attribute=timeMain","Thu Oct 01 2026 21:11:17 GMT+0900 (한국 표준시)"
"2026","2","","127936","교양","KU소양","소양","레저스포츠(골프)","BKSA67909","7383","03","전체","2","2","장지혜","화1100-1300(골프연습장 110)","","전체(GLOCAL)","정상","","","","실기","https://kupis.kku.ac.kr/wsugang/core?attribute=timeMain","Thu Oct 01 2026 21:11:17 GMT+0900 (한국 표준시)"
"2026","2","","127936","교양","KU소양","소양","레저스포츠(골프)","BKSA67909","7384","04","전체","2","2","장지혜","화1300-1500(골프연습장 110)","","전체(GLOCAL)","정상","","","","실기","https://kupis.kku.ac.kr/wsugang/core?attribute=timeMain","Thu Oct 01 2026 21:11:17 GMT+0900 (한국 표준시)"
"2026","2","","127936","교양","KU소양","소양","마음의성장과행복","BKSA68806","7409","01","전체","2","2","이수정","수1500-1700(글로컬이음관 602)","","전체(GLOCAL)","정상","","","","인성","https://kupis.kku.ac.kr/wsugang/core?attribute=timeMain","Thu Oct 01 2026 21:11:17 GMT+0900 (한국 표준시)"
"2026","2","","127936","교양","KU소양","소양","미술실기의기초","BKSA53745","7123","01","전체","2","2","민동기","월1000-1200(국제교육관 408)","","전체(GLOCAL)","정상","","","","실기","https://kupis.kku.ac.kr/wsugang/core?attribute=timeMain","Thu Oct 01 2026 21:11:17 GMT+0900 (한국 표준시)"
"2026","2","","127936","교양","KU소양","소양","미술실기의기초","BKSA53745","7124","02","전체","2","2","김영훈","목1600-1800(국제교육관 408)","","전체(GLOCAL)","정상","","","","실기","https://kupis.kku.ac.kr/wsugang/core?attribute=timeMain","Thu Oct 01 2026 21:11:17 GMT+0900 (한국 표준시)"
"2026","2","","127936","교양","KU소양","소양","설상스포츠","BKSA59483","7253","01","전체","2","2","이창진","금0900-1100(건국체육관 002)","","전체(GLOCAL)","정상","","","","실기","https://kupis.kku.ac.kr/wsugang/core?attribute=timeMain","Thu Oct 01 2026 21:11:17 GMT+0900 (한국 표준시)"
"2026","2","","127936","교양","KU소양","소양","설상스포츠","BKSA59483","7254","02","전체","2","2","김현우","금0900-1100(생명과학관 416)","","전체(GLOCAL)","정상","","","","실기","https://kupis.kku.ac.kr/wsugang/core?attribute=timeMain","Thu Oct 01 2026 21:11:17 GMT+0900 (한국 표준시)"
"2026","2","","127936","교양","KU소양","소양","설상스포츠","BKSA59483","7255","03","전체","2","2","김현우","금1100-1300(생명과학관 416)","","전체(GLOCAL)","정상","","","","실기","https://kupis.kku.ac.kr/wsugang/core?attribute=timeMain","Thu Oct 01 2026 21:11:17 GMT+0900 (한국 표준시)"
"2026","2","","127936","교양","KU소양","소양","스토리텔링창작","BKSA59484","7256","01","전체","2","2","김명옥","월1500-1700(글로컬이음관 406)","","전체(GLOCAL)","정상","","","","실기","https://kupis.kku.ac.kr/wsugang/core?attribute=timeMain","Thu Oct 01 2026 21:11:17 GMT+0900 (한국 표준시)"
"2026","2","","127936","교양","KU소양","소양","슬로리딩과자기돌봄","BKSA67911","7386","01","전체","2","2","안미영","목1000-1200(글로컬이음관 502)","","전체(GLOCAL)","정상","","","","인성","https://kupis.kku.ac.kr/wsugang/core?attribute=timeMain","Thu Oct 01 2026 21:11:17 GMT+0900 (한국 표준시)"
"2026","2","","127936","교양","KU소양","소양","언어로체험하는세계문화","BKSA69148","7413","01","전체","2","2","박형준","화1400-1600(자연과학관 516)","","전체(GLOCAL)","정상","","","","인성","https://kupis.kku.ac.kr/wsugang/core?attribute=timeMain","Thu Oct 01 2026 21:11:17 GMT+0900 (한국 표준시)"
"2026","2","","127936","교양","KU소양","소양","여성리더십과경력개발","BKSA64616","7348","01","전체","2","2","이재숙","월1000-1200(실시간온라인)","","전체(GLOCAL)","정상","","","","실무","https://kupis.kku.ac.kr/wsugang/core?attribute=timeMain","Thu Oct 01 2026 21:11:17 GMT+0900 (한국 표준시)"
"2026","2","","127936","교양","KU소양","소양","영화음악의이해","BKSA63502","7289","01","전체","2","2","문선아","화1500-1700(글로컬이음관 101)","","전체(GLOCAL)","정상","","","","실기","https://kupis.kku.ac.kr/wsugang/core?attribute=timeMain","Thu Oct 01 2026 21:11:17 GMT+0900 (한국 표준시)"
"2026","2","","127936","교양","KU소양","소양","영화음악의이해","BKSA63502","7290","02","전체","2","2","문선아","금1100-1300(실시간온라인)","","전체(GLOCAL)","정상","","","","실기","https://kupis.kku.ac.kr/wsugang/core?attribute=timeMain","Thu Oct 01 2026 21:11:17 GMT+0900 (한국 표준시)"
"2026","2","","127936","교양","KU소양","소양","와인과음악:감각과문화의인문학","BKSA69745","8270","01","전체","2","2","문선아","","","전체(GLOCAL)","정상","","","","인성 | 이러닝","https://kupis.kku.ac.kr/wsugang/core?attribute=timeMain","Thu Oct 01 2026 21:11:17 GMT+0900 (한국 표준시)"
"2026","2","","127936","교양","KU소양","소양","외국인유학생을위한생활예절","BKSA69750","8282","01","전체","2","2","미배정","","","전체(GLOCAL)","정상","","","","인성 | 이러닝","https://kupis.kku.ac.kr/wsugang/core?attribute=timeMain","Thu Oct 01 2026 21:11:17 GMT+0900 (한국 표준시)"
"2026","2","","127936","교양","KU소양","소양","요가","BKSA53742","7120","01","전체","2","2","손보람","화1000-1200(건국체육관 113)","","전체(GLOCAL)","정상","","","","실기","https://kupis.kku.ac.kr/wsugang/core?attribute=timeMain","Thu Oct 01 2026 21:11:17 GMT+0900 (한국 표준시)"
"2026","2","","127936","교양","KU소양","소양","운동과다이어트","BKSA51454","7080","01","전체","2","2","박희영","월1300-1500(자연과학관 512-1)","","전체(GLOCAL)","정상","","","","실기","https://kupis.kku.ac.kr/wsugang/core?attribute=timeMain","Thu Oct 01 2026 21:11:17 GMT+0900 (한국 표준시)"
"2026","2","","127936","교양","KU소양","소양","운동과다이어트","BKSA51454","7081","02","전체","2","2","양서은","월1100-1300(글로컬이음관 303)","","전체(GLOCAL)","정상","","","","실기","https://kupis.kku.ac.kr/wsugang/core?attribute=timeMain","Thu Oct 01 2026 21:11:17 GMT+0900 (한국 표준시)"
"2026","2","","127936","교양","KU소양","소양","운동과다이어트","BKSA51454","7082","03","전체","2","2","전유나","목1500-1700(생명과학관 416)","","전체(GLOCAL)","정상","","","","실기","https://kupis.kku.ac.kr/wsugang/core?attribute=timeMain","Thu Oct 01 2026 21:11:17 GMT+0900 (한국 표준시)"
"2026","2","","127936","교양","KU소양","소양","유학생의대학생활적응","BKSA69749","8281","01","전체","2","2","이수정","","","전체(GLOCAL)","정상","","","","인성 | 이러닝","https://kupis.kku.ac.kr/wsugang/core?attribute=timeMain","Thu Oct 01 2026 21:11:17 GMT+0900 (한국 표준시)"
"2026","2","","127936","교양","KU소양","소양","이야기로배우는인성과삶","BKSA69743","8275","01","전체","2","2","조미숙","목1000-1200(인문사회관 306)","","전체(GLOCAL)","정상","","","","인성","https://kupis.kku.ac.kr/wsugang/core?attribute=timeMain","Thu Oct 01 2026 21:11:17 GMT+0900 (한국 표준시)"
"2026","2","","127936","교양","KU소양","소양","일상스케치를활용한상상구현","BKSA58203","7213","01","전체","2","2","김다희","화1000-1200(자연과학관 512-1)","","전체(GLOCAL)","정상","","","","실기","https://kupis.kku.ac.kr/wsugang/core?attribute=timeMain","Thu Oct 01 2026 21:11:17 GMT+0900 (한국 표준시)"
"2026","2","","127936","교양","KU소양","소양","일상스케치를활용한상상구현","BKSA58203","7214","02","전체","2","2","김다희","화1400-1600(자연과학관 512-1)","","전체(GLOCAL)","정상","","","","실기","https://kupis.kku.ac.kr/wsugang/core?attribute=timeMain","Thu Oct 01 2026 21:11:17 GMT+0900 (한국 표준시)"
"2026","2","","127936","교양","KU소양","소양","좋은삶이란무엇인가","BKSA67902","7376","01","전체","2","2","이동욱","수1600-1800(글로컬이음관 404)","","전체(GLOCAL)","정상","","","","인성","https://kupis.kku.ac.kr/wsugang/core?attribute=timeMain","Thu Oct 01 2026 21:11:17 GMT+0900 (한국 표준시)"
"2026","2","","127936","교양","KU소양","소양","좋은삶이란무엇인가","BKSA67902","8265","02","전체","2","2","이동욱","화1000-1200(글로컬이음관 103)","","전체(GLOCAL)","정상","","","","인성","https://kupis.kku.ac.kr/wsugang/core?attribute=timeMain","Thu Oct 01 2026 21:11:17 GMT+0900 (한국 표준시)"
"2026","2","","127936","교양","KU소양","소양","중원역사문화론(충주의삶과문화)","BKSA58105","7148","01","전체","2","2","홍성화","화1300-1500(글로컬이음관 101)","","전체(GLOCAL)","정상","","","","인성","https://kupis.kku.ac.kr/wsugang/core?attribute=timeMain","Thu Oct 01 2026 21:11:17 GMT+0900 (한국 표준시)"
"2026","2","","127936","교양","KU소양","소양","지적재산권사례탐구","BKSA62945","7285","01","전체","2","2","노현숙","월1200-1400(글로컬이음관 103)","","전체(GLOCAL)","정상","","","","실무","https://kupis.kku.ac.kr/wsugang/core?attribute=timeMain","Thu Oct 01 2026 21:11:17 GMT+0900 (한국 표준시)"
"2026","2","","127936","교양","KU소양","소양","창업속의법률디자인","BKSA59478","7246","01","전체","2","2","이진홍","월1600-1800(글로컬이음관 103)","","전체(GLOCAL)","정상","","","","실무","https://kupis.kku.ac.kr/wsugang/core?attribute=timeMain","Thu Oct 01 2026 21:11:17 GMT+0900 (한국 표준시)"
"2026","2","","127936","교양","KU소양","소양","창업에필요한특허·디자인·상표","BKSA63535","7293","01","전체","2","2","이진홍","월1400-1600(글로컬이음관 404)","","전체(GLOCAL)","정상","","","","실무","https://kupis.kku.ac.kr/wsugang/core?attribute=timeMain","Thu Oct 01 2026 21:11:17 GMT+0900 (한국 표준시)"
"2026","2","","127936","교양","KU소양","소양","축구(중급)","BKSA53744","7122","01","전체","2","2","김재훈","화1100-1300(글로컬스타디움)","","전체(GLOCAL)","정상","","","","실기","https://kupis.kku.ac.kr/wsugang/core?attribute=timeMain","Thu Oct 01 2026 21:11:17 GMT+0900 (한국 표준시)"
"2026","2","","127936","교양","KU소양","소양","축구(초급)","BKSA53743","7121","01","전체","2","2","김재훈","화0900-1100(글로컬스타디움)","","전체(GLOCAL)","정상","","","","실기","https://kupis.kku.ac.kr/wsugang/core?attribute=timeMain","Thu Oct 01 2026 21:11:17 GMT+0900 (한국 표준시)"
"2026","2","","127936","교양","KU소양","소양","충주의시간","BKSA69149","7414","01","전체","2","2","이미정","목1300-1500(글로컬이음관 405)","","전체(GLOCAL)","정상","","","","인성","https://kupis.kku.ac.kr/wsugang/core?attribute=timeMain","Thu Oct 01 2026 21:11:17 GMT+0900 (한국 표준시)"
"2026","2","","127936","교양","KU소양","소양","취미로배우는모형제작","BKSA58204","7215","01","전체","2","2","김성현","목1400-1600(글로컬이음관 302)","","전체(GLOCAL)","정상","","","","실기","https://kupis.kku.ac.kr/wsugang/core?attribute=timeMain","Thu Oct 01 2026 21:11:17 GMT+0900 (한국 표준시)"
"2026","2","","127936","교양","KU소양","소양","취미로배우는모형제작","BKSA58204","7216","02","전체","2","2","김성현","목1600-1800(글로컬이음관 302)","","전체(GLOCAL)","정상","","","","실기","https://kupis.kku.ac.kr/wsugang/core?attribute=timeMain","Thu Oct 01 2026 21:11:17 GMT+0900 (한국 표준시)"
"2026","2","","127936","교양","KU소양","소양","취업면접과전략","BKSA64617","7349","01","전체","2","2","김신희","화1000-1200(글로컬이음관 102)","","전체(GLOCAL)","정상","","","","실무","https://kupis.kku.ac.kr/wsugang/core?attribute=timeMain","Thu Oct 01 2026 21:11:17 GMT+0900 (한국 표준시)"
"2026","2","","127936","교양","KU소양","소양","취업면접과전략","BKSA64617","7350","02","전체","2","2","김신희","화1300-1500(글로컬이음관 102)","","전체(GLOCAL)","정상","","","","실무","https://kupis.kku.ac.kr/wsugang/core?attribute=timeMain","Thu Oct 01 2026 21:11:17 GMT+0900 (한국 표준시)"
"2026","2","","127936","교양","KU소양","소양","취업전략수립및역량개발1","BKSA59472","7231","01","2","2","2","강주성","수1000-1200(글로컬이음관 501)","","전체(GLOCAL)","정상","","","","실무","https://kupis.kku.ac.kr/wsugang/core?attribute=timeMain","Thu Oct 01 2026 21:11:17 GMT+0900 (한국 표준시)"
"2026","2","","127936","교양","KU소양","소양","취업전략수립및역량개발1","BKSA59472","7232","02","2","2","2","강주성","수1200-1400(글로컬이음관 501)","","전체(GLOCAL)","정상","","","","실무","https://kupis.kku.ac.kr/wsugang/core?attribute=timeMain","Thu Oct 01 2026 21:11:17 GMT+0900 (한국 표준시)"
"2026","2","","127936","교양","KU소양","소양","취업전략수립및역량개발1","BKSA59472","7233","03","2","2","2","박세진","월1300-1500(글로컬이음관 501)","","전체(GLOCAL)","정상","","","","실무","https://kupis.kku.ac.kr/wsugang/core?attribute=timeMain","Thu Oct 01 2026 21:11:17 GMT+0900 (한국 표준시)"
"2026","2","","127936","교양","KU소양","소양","취업전략수립및역량개발1","BKSA59472","7234","04","2","2","2","박세진","월1600-1800(글로컬이음관 501)","","전체(GLOCAL)","정상","","","","실무","https://kupis.kku.ac.kr/wsugang/core?attribute=timeMain","Thu Oct 01 2026 21:11:17 GMT+0900 (한국 표준시)"
"2026","2","","127936","교양","KU소양","소양","취업전략수립및역량개발1","BKSA59472","7235","05","2","2","2","최영진","금0900-1100(글로컬이음관 401)","","전체(GLOCAL)","정상","","","","실무","https://kupis.kku.ac.kr/wsugang/core?attribute=timeMain","Thu Oct 01 2026 21:11:17 GMT+0900 (한국 표준시)"
"2026","2","","127936","교양","KU소양","소양","취업전략수립및역량개발1","BKSA59472","7236","06","2","2","2","최영진","금1300-1500(글로컬이음관 401)","","전체(GLOCAL)","정상","","","","실무","https://kupis.kku.ac.kr/wsugang/core?attribute=timeMain","Thu Oct 01 2026 21:11:17 GMT+0900 (한국 표준시)"
"2026","2","","127936","교양","KU소양","소양","취업전략수립및역량개발1","BKSA59472","7237","07","2","2","2","이보람","목0900-1100(글로컬이음관 501)","","전체(GLOCAL)","정상","","","","실무","https://kupis.kku.ac.kr/wsugang/core?attribute=timeMain","Thu Oct 01 2026 21:11:17 GMT+0900 (한국 표준시)"
"2026","2","","127936","교양","KU소양","소양","취업전략수립및역량개발1","BKSA59472","7238","08","2","2","2","이보람","목1100-1300(글로컬이음관 501)","","전체(GLOCAL)","정상","","","","실무","https://kupis.kku.ac.kr/wsugang/core?attribute=timeMain","Thu Oct 01 2026 21:11:17 GMT+0900 (한국 표준시)"
"2026","2","","127936","교양","KU소양","소양","취업전략수립및역량개발1","BKSA59472","7239","09","2","2","2","최지혜","금1200-1400(글로컬이음관 501)","","전체(GLOCAL)","정상","","","","실무","https://kupis.kku.ac.kr/wsugang/core?attribute=timeMain","Thu Oct 01 2026 21:11:17 GMT+0900 (한국 표준시)"
"2026","2","","127936","교양","KU소양","소양","취업전략수립및역량개발1","BKSA59472","7240","10","2","2","2","최지혜","금1400-1600(글로컬이음관 501)","","전체(GLOCAL)","정상","","","","실무","https://kupis.kku.ac.kr/wsugang/core?attribute=timeMain","Thu Oct 01 2026 21:11:17 GMT+0900 (한국 표준시)"
"2026","2","","127936","교양","KU소양","소양","취업전략수립및역량개발1","BKSA59472","7241","11","2","2","2","장우영","월1000-1200(글로컬이음관 404)","","전체(GLOCAL)","정상","","","","실무","https://kupis.kku.ac.kr/wsugang/core?attribute=timeMain","Thu Oct 01 2026 21:11:17 GMT+0900 (한국 표준시)"
"2026","2","","127936","교양","KU소양","소양","취업전략수립및역량개발1","BKSA59472","7242","12","2","2","2","장우영","월1200-1400(글로컬이음관 404)","","전체(GLOCAL)","정상","","","","실무","https://kupis.kku.ac.kr/wsugang/core?attribute=timeMain","Thu Oct 01 2026 21:11:17 GMT+0900 (한국 표준시)"
"2026","2","","127936","교양","KU소양","소양","취업전략수립및역량개발2","BKSA59473","7243","01","전체","2","2","이양희","금1400-1600(글로컬이음관 405)","","전체(GLOCAL)","정상","","","","실무","https://kupis.kku.ac.kr/wsugang/core?attribute=timeMain","Thu Oct 01 2026 21:11:17 GMT+0900 (한국 표준시)"
"2026","2","","127936","교양","KU소양","소양","취업전략수립및역량개발3","BKSA59474","7244","01","전체","2","2","이양희","금1100-1300(글로컬이음관 405)","","전체(GLOCAL)","정상","","","","실무","https://kupis.kku.ac.kr/wsugang/core?attribute=timeMain","Thu Oct 01 2026 21:11:17 GMT+0900 (한국 표준시)"
"2026","2","","127936","교양","KU소양","소양","커뮤니케이션과글로벌시티즌십","BKSA64614","7343","01","전체","2","2","","","","전체(GLOCAL)","폐강","","","","인성","https://kupis.kku.ac.kr/wsugang/core?attribute=timeMain","Thu Oct 01 2026 21:11:17 GMT+0900 (한국 표준시)"
"2026","2","","127936","교양","KU소양","소양","헬스앤휘트니스","BKSA51469","7084","01","전체","2","2","양서은","월0900-1100(글로컬이음관 303)","","전체(GLOCAL)","정상","","","","실기","https://kupis.kku.ac.kr/wsugang/core?attribute=timeMain","Thu Oct 01 2026 21:11:17 GMT+0900 (한국 표준시)"
"2026","2","","127936","교양","KU소양","소양","헬스앤휘트니스","BKSA51469","7085","02","전체","2","2","김성언","화1300-1500(건국체육관 002)","","전체(GLOCAL)","정상","","","","실기","https://kupis.kku.ac.kr/wsugang/core?attribute=timeMain","Thu Oct 01 2026 21:11:17 GMT+0900 (한국 표준시)"
"2026","2","","127936","교양","KU소양","소양","호신술과자기방어","BKSA59485","7257","01","전체","2","2","양영모","월1000-1200(글로컬이음관 406)","","전체(GLOCAL)","정상","","","","실기","https://kupis.kku.ac.kr/wsugang/core?attribute=timeMain","Thu Oct 01 2026 21:11:17 GMT+0900 (한국 표준시)"
"2026","2","","127936","교양","KU소양","소양","호신술과자기방어","BKSA59485","7258","02","전체","2","2","양영모","월1200-1400(글로컬이음관 406)","","전체(GLOCAL)","정상","","","","실기","https://kupis.kku.ac.kr/wsugang/core?attribute=timeMain","Thu Oct 01 2026 21:11:17 GMT+0900 (한국 표준시)"
"2026","2","","127936","교양","KU소양","소양","MOS","BKSA58114","7179","01","전체","2","2","남재우","","","전체(GLOCAL)","정상","","","","실무 | 이러닝","https://kupis.kku.ac.kr/wsugang/core?attribute=timeMain","Thu Oct 01 2026 21:11:17 GMT+0900 (한국 표준시)"
"2026","2","","127936","교양","KU소양","소양","MOS활용","BKSA62517","7282","01","전체","2","2","권영애","목1000-1200(자연과학관 204)","","전체(GLOCAL)","정상","","","","실무","https://kupis.kku.ac.kr/wsugang/core?attribute=timeMain","Thu Oct 01 2026 21:11:17 GMT+0900 (한국 표준시)"
"2026","2","","127936","교양","심화교양","심화","4차산업혁명과법","BKSA62944","7284","01","전체","2","2","노현숙","월1400-1600(글로컬이음관 103)","","전체(GLOCAL)","정상","","","","인간과사회","https://kupis.kku.ac.kr/wsugang/core?attribute=timeMain","Thu Oct 01 2026 21:11:17 GMT+0900 (한국 표준시)"
"2026","2","","127936","교양","심화교양","심화","감성커뮤니케이션","BKSA63359","7286","01","전체","2","2","이성원","월1000-1200(글로컬이음관 401)","","전체(GLOCAL)","정상","","","","융복합","https://kupis.kku.ac.kr/wsugang/core?attribute=timeMain","Thu Oct 01 2026 21:11:17 GMT+0900 (한국 표준시)"
"2026","2","","127936","교양","심화교양","심화","감성커뮤니케이션","BKSA63359","7287","02","전체","2","2","이성원","월1300-1500(글로컬이음관 401)","","전체(GLOCAL)","정상","","","","융복합","https://kupis.kku.ac.kr/wsugang/core?attribute=timeMain","Thu Oct 01 2026 21:11:17 GMT+0900 (한국 표준시)"
"2026","2","","127936","교양","심화교양","심화","건강한삶을위한미용관리","BKSA69753","8286","01","전체","2","2","미배정","","","전체(GLOCAL)","정상","","","","예술과체육 | 이러닝","https://kupis.kku.ac.kr/wsugang/core?attribute=timeMain","Thu Oct 01 2026 21:11:17 GMT+0900 (한국 표준시)"
"2026","2","","127936","교양","심화교양","심화","경제란무엇인가","BKSA58166","7195","01","전체","2","2","홍영준","수1300-1500(실시간온라인)","","전체(GLOCAL)","정상","","","","인간과사회","https://kupis.kku.ac.kr/wsugang/core?attribute=timeMain","Thu Oct 01 2026 21:11:17 GMT+0900 (한국 표준시)"
"2026","2","","127936","교양","심화교양","심화","경제생활과법질서","BKSA61154","7271","01","전체","2","2","권용수","수1000-1200(글로컬이음관 103)","","전체(GLOCAL)","정상","","","","인간과사회","https://kupis.kku.ac.kr/wsugang/core?attribute=timeMain","Thu Oct 01 2026 21:11:17 GMT+0900 (한국 표준시)"
"2026","2","","127936","교양","심화교양","심화","고전으로읽는국가론","BKSA58175","7196","01","전체","2","2","소순창","수0900-1100(글로컬이음관 303)","","전체(GLOCAL)","정상","","","","인간과사회","https://kupis.kku.ac.kr/wsugang/core?attribute=timeMain","Thu Oct 01 2026 21:11:17 GMT+0900 (한국 표준시)"
"2026","2","","127936","교양","심화교양","심화","과학수사를통한진실발견","BKSA69471","8268","01","전체","2","2","미배정","","","전체(GLOCAL)","정상","","","","인간과사회 | 이러닝","https://kupis.kku.ac.kr/wsugang/core?attribute=timeMain","Thu Oct 01 2026 21:11:17 GMT+0900 (한국 표준시)"
"2026","2","","127936","교양","심화교양","심화","교류분석으로풀어보는소통과인간관계의심리학","BKSA69755","8278","01","전체","2","2","송영선","","","전체(GLOCAL)","정상","","","","인간과사회 | 이러닝","https://kupis.kku.ac.kr/wsugang/core?attribute=timeMain","Thu Oct 01 2026 21:11:17 GMT+0900 (한국 표준시)"
"2026","2","","127936","교양","심화교양","심화","그림과문학이야기","BKSA59504","7263","01","전체","2","2","이수경","화1500-1700(글로컬이음관 303)","","전체(GLOCAL)","정상","","","","예술과체육","https://kupis.kku.ac.kr/wsugang/core?attribute=timeMain","Thu Oct 01 2026 21:11:17 GMT+0900 (한국 표준시)"
"2026","2","","127936","교양","심화교양","심화","근대한국과세계의만남","BKSA64603","7300","01","전체","2","2","권만용","화1100-1300(글로컬이음관 501)","","전체(GLOCAL)","정상","","","","인간과문화","https://kupis.kku.ac.kr/wsugang/core?attribute=timeMain","Thu Oct 01 2026 21:11:17 GMT+0900 (한국 표준시)"
"2026","2","","127936","교양","심화교양","심화","글쓰기심화","BKSA58152","7187","01","전체","2","2","이효숙","월1200-1400(글로컬이음관 403)","","전체(GLOCAL)","정상","","","","글로벌언어","https://kupis.kku.ac.kr/wsugang/core?attribute=timeMain","Thu Oct 01 2026 21:11:17 GMT+0900 (한국 표준시)"
"2026","2","","127936","교양","심화교양","심화","금융생활과역량탐구","BKSA67903","7377","01","전체","2","2","권용수","월1000-1200(글로컬이음관 302)","","전체(GLOCAL)","정상","","","","인간과사회","https://kupis.kku.ac.kr/wsugang/core?attribute=timeMain","Thu Oct 01 2026 21:11:17 GMT+0900 (한국 표준시)"
"2026","2","","127936","교양","심화교양","심화","기초영어문장학습","BKSA52788","7087","01","전체","2","2","박선화","월1000-1200(실시간온라인)","","전체(GLOCAL)","정상","","","","글로벌언어","https://kupis.kku.ac.kr/wsugang/core?attribute=timeMain","Thu Oct 01 2026 21:11:17 GMT+0900 (한국 표준시)"
"2026","2","","127936","교양","심화교양","심화","기후변화개론","BKSA59497","7261","01","전체","2","2","강태한","목0900-1100(자연과학관 313)","","전체(GLOCAL)","정상","","","","과학과기술","https://kupis.kku.ac.kr/wsugang/core?attribute=timeMain","Thu Oct 01 2026 21:11:17 GMT+0900 (한국 표준시)"
"2026","2","","127936","교양","심화교양","심화","노코드시대의창작툴활용","BKSA69146","7411","01","전체","2","2","임관혁","화1200-1400(글로컬이음관 601)","","전체(GLOCAL)","정상","","","","융복합","https://kupis.kku.ac.kr/wsugang/core?attribute=timeMain","Thu Oct 01 2026 21:11:17 GMT+0900 (한국 표준시)"
"2026","2","","127936","교양","심화교양","심화","논리와비판적사고","BKSA48172","7062","01","전체","2","2","임우형","수1600-1800(글로컬이음관 403)","","전체(GLOCAL)","정상","","","","인간과문화","https://kupis.kku.ac.kr/wsugang/core?attribute=timeMain","Thu Oct 01 2026 21:11:17 GMT+0900 (한국 표준시)"
"2026","2","","127936","교양","심화교양","심화","뇌과학여행","BKSA68366","7408","01","전체","2","2","이연주","수1600-1800(인문사회관 102)(b-러닝)","","전체(GLOCAL)","정상","","","","인간과사회","https://kupis.kku.ac.kr/wsugang/core?attribute=timeMain","Thu Oct 01 2026 21:11:17 GMT+0900 (한국 표준시)"
"2026","2","","127936","교양","심화교양","심화","대중예술의이해","BKSA39837","7056","01","전체","2","2","문선아","수1300-1500(글로컬이음관 101)","","전체(GLOCAL)","정상","","","","예술과체육","https://kupis.kku.ac.kr/wsugang/core?attribute=timeMain","Thu Oct 01 2026 21:11:17 GMT+0900 (한국 표준시)"
"2026","2","","127936","교양","심화교양","심화","대중예술의이해","BKSA39837","7057","02","전체","2","2","문선아","수1500-1700(글로컬이음관 101)","","전체(GLOCAL)","정상","","","","예술과체육","https://kupis.kku.ac.kr/wsugang/core?attribute=timeMain","Thu Oct 01 2026 21:11:17 GMT+0900 (한국 표준시)"
"2026","2","","127936","교양","심화교양","심화","데이터인사이트","BKSA69150","7415","01","전체","2","2","김수영","금1400-1600(실시간온라인)","","전체(GLOCAL)","정상","","","","융복합","https://kupis.kku.ac.kr/wsugang/core?attribute=timeMain","Thu Oct 01 2026 21:11:17 GMT+0900 (한국 표준시)"
"2026","2","","127936","교양","심화교양","심화","도시인문학","BKSA64604","7301","01","전체","2","2","전병국","목1000-1200(글로컬이음관 302)","","전체(GLOCAL)","정상","","","","인간과문화","https://kupis.kku.ac.kr/wsugang/core?attribute=timeMain","Thu Oct 01 2026 21:11:17 GMT+0900 (한국 표준시)"
"2026","2","","127936","교양","심화교양","심화","도시환경의이해","BKSA58131","7180","01","전체","2","2","김학기","수1400-1600(자연과학관 513)","","전체(GLOCAL)","정상","","","","과학과기술","https://kupis.kku.ac.kr/wsugang/core?attribute=timeMain","Thu Oct 01 2026 21:11:17 GMT+0900 (한국 표준시)"
"2026","2","","127936","교양","심화교양","심화","동물의행동","BKSA47127","8296","01","전체","1","1","미배정","","","전체(GLOCAL)","정상","","","","과학과기술 | 이러닝","https://kupis.kku.ac.kr/wsugang/core?attribute=timeMain","Thu Oct 01 2026 21:11:17 GMT+0900 (한국 표준시)"
"2026","2","","127936","교양","심화교양","심화","동아시아문화사","BKSA58154","7188","01","전체","2","2","이장웅","수1300-1500(글로컬이음관 103)","","전체(GLOCAL)","정상","","","","인간과문화","https://kupis.kku.ac.kr/wsugang/core?attribute=timeMain","Thu Oct 01 2026 21:11:17 GMT+0900 (한국 표준시)"
"2026","2","","127936","교양","심화교양","심화","동양미술의이해","BKSA11021","7011","01","전체","2","2","강호성","월1000-1200(글로컬이음관 103)","","전체(GLOCAL)","정상","","","","예술과체육","https://kupis.kku.ac.kr/wsugang/core?attribute=timeMain","Thu Oct 01 2026 21:11:17 GMT+0900 (한국 표준시)"
"2026","2","","127936","교양","심화교양","심화","동양미술의이해","BKSA11021","7012","02","전체","2","2","유제욱","월1400-1600(생명과학관 415)","","전체(GLOCAL)","정상","","","","예술과체육","https://kupis.kku.ac.kr/wsugang/core?attribute=timeMain","Thu Oct 01 2026 21:11:17 GMT+0900 (한국 표준시)"
"2026","2","","127936","교양","심화교양","심화","동양철학의이해","BKSA58158","7190","01","전체","2","2","임우형","수1200-1400(글로컬이음관 403)","","전체(GLOCAL)","정상","","","","인간과문화","https://kupis.kku.ac.kr/wsugang/core?attribute=timeMain","Thu Oct 01 2026 21:11:17 GMT+0900 (한국 표준시)"
"2026","2","","127936","교양","심화교양","심화","디자인으로세상읽기","BKSA53746","7125","01","전체","2","2","강현정","목1100-1300(글로컬이음관 606)","","전체(GLOCAL)","정상","","","","예술과체육","https://kupis.kku.ac.kr/wsugang/core?attribute=timeMain","Thu Oct 01 2026 21:11:17 GMT+0900 (한국 표준시)"
"2026","2","","127936","교양","심화교양","심화","러시아바로알기","BKSA58176","7197","01","전체","2","2","전병국","화1500-1700(자연과학관 115)","","전체(GLOCAL)","정상","","","","인간과사회","https://kupis.kku.ac.kr/wsugang/core?attribute=timeMain","Thu Oct 01 2026 21:11:17 GMT+0900 (한국 표준시)"
"2026","2","","127936","교양","심화교양","심화","로봇과인간","BKSA62512","7278","01","전체","2","2","성시흥","월1000-1200(실시간온라인)","","전체(GLOCAL)","정상","","","","융복합","https://kupis.kku.ac.kr/wsugang/core?attribute=timeMain","Thu Oct 01 2026 21:11:17 GMT+0900 (한국 표준시)"
"2026","2","","127936","교양","심화교양","심화","로컬리티와인문학","BKSA68365","7407","01","전체","2","2","이효숙","","","전체(GLOCAL)","정상","","","","인간과문화 | 이러닝","https://kupis.kku.ac.kr/wsugang/core?attribute=timeMain","Thu Oct 01 2026 21:11:17 GMT+0900 (한국 표준시)"
"2026","2","","127936","교양","심화교양","심화","로컬스토리로기획하는다문화지역사회","BKSA69739","8272","01","전체","2","2","김세준","화1300-1500(글로컬이음관 104)","","전체(GLOCAL)","정상","","","","인간과문화","https://kupis.kku.ac.kr/wsugang/core?attribute=timeMain","Thu Oct 01 2026 21:11:17 GMT+0900 (한국 표준시)"
"2026","2","","127936","교양","심화교양","심화","몸의미학","BKSA57742","7146","01","전체","2","2","남경희","월1300-1500(생명과학관 403)","","전체(GLOCAL)","정상","","","","예술과체육","https://kupis.kku.ac.kr/wsugang/core?attribute=timeMain","Thu Oct 01 2026 21:11:17 GMT+0900 (한국 표준시)"
"2026","2","","127936","교양","심화교양","심화","몸의미학","BKSA57742","7147","02","전체","2","2","남경희","월1500-1700(생명과학관 403)","","전체(GLOCAL)","정상","","","","예술과체육","https://kupis.kku.ac.kr/wsugang/core?attribute=timeMain","Thu Oct 01 2026 21:11:17 GMT+0900 (한국 표준시)"
"2026","2","","127936","교양","심화교양","심화","문학과광고","BKSA39813","7055","01","전체","2","2","고영랑","목1300-1500(글로컬이음관 102)","","전체(GLOCAL)","정상","","","","인간과문화","https://kupis.kku.ac.kr/wsugang/core?attribute=timeMain","Thu Oct 01 2026 21:11:17 GMT+0900 (한국 표준시)"
"2026","2","","127936","교양","심화교양","심화","문학의이해","BKSA11049","7013","01","전체","2","2","안미영","수1000-1200(글로컬이음관 403)","","전체(GLOCAL)","정상","","","","인간과문화","https://kupis.kku.ac.kr/wsugang/core?attribute=timeMain","Thu Oct 01 2026 21:11:17 GMT+0900 (한국 표준시)"
"2026","2","","127936","교양","심화교양","심화","문학의이해","BKSA11049","7014","02","전체","2","2","조미숙","수1400-1600(글로컬이음관 403)","","전체(GLOCAL)","정상","","","","인간과문화","https://kupis.kku.ac.kr/wsugang/core?attribute=timeMain","Thu Oct 01 2026 21:11:17 GMT+0900 (한국 표준시)"
"2026","2","","127936","교양","심화교양","심화","문화유산의이해","BKSA49983","7069","01","전체","2","2","홍성화","목1000-1200(글로컬이음관 403)","","전체(GLOCAL)","정상","","","","인간과문화","https://kupis.kku.ac.kr/wsugang/core?attribute=timeMain","Thu Oct 01 2026 21:11:17 GMT+0900 (한국 표준시)"
"2026","2","","127936","교양","심화교양","심화","문화콘텐츠:한류","BKSA58213","7219","01","전체","2","2","최원석","목1400-1600(글로컬이음관 404)","","전체(GLOCAL)","정상","","","","융복합","https://kupis.kku.ac.kr/wsugang/core?attribute=timeMain","Thu Oct 01 2026 21:11:17 GMT+0900 (한국 표준시)"
"2026","2","","127936","교양","심화교양","심화","문화콘텐츠의이해","BKSA62515","7280","01","전체","2","2","양윤정","목1300-1500(글로컬이음관 402)","","전체(GLOCAL)","정상","","","","인간과문화","https://kupis.kku.ac.kr/wsugang/core?attribute=timeMain","Thu Oct 01 2026 21:11:17 GMT+0900 (한국 표준시)"
"2026","2","","127936","교양","심화교양","심화","뮤지컬의이해","BKSA48185","7063","01","전체","2","2","박지선","월0900-1100(실시간온라인)","","전체(GLOCAL)","정상","","","","예술과체육","https://kupis.kku.ac.kr/wsugang/core?attribute=timeMain","Thu Oct 01 2026 21:11:17 GMT+0900 (한국 표준시)"
"2026","2","","127936","교양","심화교양","심화","뮤지컬의이해","BKSA48185","7064","02","전체","2","2","박지선","월1100-1300(실시간온라인)","","전체(GLOCAL)","정상","","","","예술과체육","https://kupis.kku.ac.kr/wsugang/core?attribute=timeMain","Thu Oct 01 2026 21:11:17 GMT+0900 (한국 표준시)"
"2026","2","","127936","교양","심화교양","심화","미디어리터러시","BKSA60545","7270","01","전체","2","2","정선호","","","전체(GLOCAL)","정상","","","","인간과사회 | 이러닝","https://kupis.kku.ac.kr/wsugang/core?attribute=timeMain","Thu Oct 01 2026 21:11:17 GMT+0900 (한국 표준시)"
"2026","2","","127936","교양","심화교양","심화","미디어와세상","BKSA53728","7119","01","전체","2","2","엄호동","월1300-1500(글로컬이음관 402)","","전체(GLOCAL)","정상","","","","인간과사회","https://kupis.kku.ac.kr/wsugang/core?attribute=timeMain","Thu Oct 01 2026 21:11:17 GMT+0900 (한국 표준시)"
"2026","2","","127936","교양","심화교양","심화","미디어중국어","BKSA58219","7222","01","전체","2","2","이앤슈아이","목1400-1600(글로컬이음관 606)","","전체(GLOCAL)","정상","","","","글로벌언어","https://kupis.kku.ac.kr/wsugang/core?attribute=timeMain","Thu Oct 01 2026 21:11:17 GMT+0900 (한국 표준시)"
"2026","2","","127936","교양","심화교양","심화","미학개론","BKSA11067","7015","01","전체","2","2","이동욱","월1600-1800(글로컬이음관 404)","","전체(GLOCAL)","정상","","","","인간과문화","https://kupis.kku.ac.kr/wsugang/core?attribute=timeMain","Thu Oct 01 2026 21:11:17 GMT+0900 (한국 표준시)"
"2026","2","","127936","교양","심화교양","심화","북한전문가와함께배우는통일이야기","BKSA66433","7371","01","전체","2","2","박형준","화1100-1300(글로컬이음관 402)","","전체(GLOCAL)","정상","","","","인간과사회","https://kupis.kku.ac.kr/wsugang/core?attribute=timeMain","Thu Oct 01 2026 21:11:17 GMT+0900 (한국 표준시)"
"2026","2","","127936","교양","심화교양","심화","뷰티테라피","BKSA49240","7065","01","전체","2","2","남경희","월1000-1200(글로컬이음관 402)","","전체(GLOCAL)","정상","","","","융복합","https://kupis.kku.ac.kr/wsugang/core?attribute=timeMain","Thu Oct 01 2026 21:11:17 GMT+0900 (한국 표준시)"
"2026","2","","127936","교양","심화교양","심화","뷰티테라피","BKSA49240","7066","02","전체","2","2","양해심","목1430-1630(글로컬이음관 403)","","전체(GLOCAL)","정상","","","","융복합","https://kupis.kku.ac.kr/wsugang/core?attribute=timeMain","Thu Oct 01 2026 21:11:17 GMT+0900 (한국 표준시)"
"2026","2","","127936","교양","심화교양","심화","뷰티테라피","BKSA49240","7067","03","전체","2","2","유준현","월1500-1700(글로컬이음관 402)","","전체(GLOCAL)","정상","","","","융복합","https://kupis.kku.ac.kr/wsugang/core?attribute=timeMain","Thu Oct 01 2026 21:11:17 GMT+0900 (한국 표준시)"
"2026","2","","127936","교양","심화교양","심화","사이언스디자인의이해","BKSA61160","7275","01","전체","2","2","한기향","금1300-1500(글로컬이음관 302)","","전체(GLOCAL)","정상","","","","융복합","https://kupis.kku.ac.kr/wsugang/core?attribute=timeMain","Thu Oct 01 2026 21:11:17 GMT+0900 (한국 표준시)"
"2026","2","","127936","교양","심화교양","심화","사회학의초대","BKSA52782","7086","01","전체","2","2","이은주","화1200-1400(글로컬이음관 103)","","전체(GLOCAL)","정상","","","","인간과사회","https://kupis.kku.ac.kr/wsugang/core?attribute=timeMain","Thu Oct 01 2026 21:11:17 GMT+0900 (한국 표준시)"
"2026","2","","127936","교양","심화교양","심화","삶을치유하는음악","BKSA64602","7298","01","전체","2","2","문선아","목1300-1500(글로컬이음관 101)","","전체(GLOCAL)","정상","","","","예술과체육","https://kupis.kku.ac.kr/wsugang/core?attribute=timeMain","Thu Oct 01 2026 21:11:17 GMT+0900 (한국 표준시)"
"2026","2","","127936","교양","심화교양","심화","삶을치유하는음악","BKSA64602","7299","02","전체","2","2","문선아","목1500-1700(글로컬이음관 101)","","전체(GLOCAL)","정상","","","","예술과체육","https://kupis.kku.ac.kr/wsugang/core?attribute=timeMain","Thu Oct 01 2026 21:11:17 GMT+0900 (한국 표준시)"
"2026","2","","127936","교양","심화교양","심화","생태환경의이해","BKSA58187","7200","01","전체","2","2","한창욱","화0900-1100(자연과학관 513)","","전체(GLOCAL)","정상","","","","과학과기술","https://kupis.kku.ac.kr/wsugang/core?attribute=timeMain","Thu Oct 01 2026 21:11:17 GMT+0900 (한국 표준시)"
"2026","2","","127936","교양","심화교양","심화","생활법률","BKSA67908","7380","01","전체","2","2","","","","전체(GLOCAL)","폐강","","","","인간과사회 | 이러닝","https://kupis.kku.ac.kr/wsugang/core?attribute=timeMain","Thu Oct 01 2026 21:11:17 GMT+0900 (한국 표준시)"
"2026","2","","127936","교양","심화교양","심화","생활한국어2","BKSA54939","7129","01","1","2","2","김은영","화1300-1500(글로컬이음관 504)","","전체(GLOCAL)","정상","","","","글로벌언어","https://kupis.kku.ac.kr/wsugang/core?attribute=timeMain","Thu Oct 01 2026 21:11:17 GMT+0900 (한국 표준시)"
"2026","2","","127936","교양","심화교양","심화","생활한국어2","BKSA54939","7130","02","1","2","2","신동선","수1100-1300(글로컬이음관 406)","","전체(GLOCAL)","정상","","","","글로벌언어","https://kupis.kku.ac.kr/wsugang/core?attribute=timeMain","Thu Oct 01 2026 21:11:17 GMT+0900 (한국 표준시)"
"2026","2","","127936","교양","심화교양","심화","서양미술의이해","BKSA11137","7017","01","전체","2","2","박지수","목1000-1200(글로컬이음관 303)","","전체(GLOCAL)","정상","","","","예술과체육","https://kupis.kku.ac.kr/wsugang/core?attribute=timeMain","Thu Oct 01 2026 21:11:17 GMT+0900 (한국 표준시)"
"2026","2","","127936","교양","심화교양","심화","서양미술의이해","BKSA11137","7018","02","전체","2","2","박지수","목1400-1600(글로컬이음관 303)","","전체(GLOCAL)","정상","","","","예술과체육","https://kupis.kku.ac.kr/wsugang/core?attribute=timeMain","Thu Oct 01 2026 21:11:17 GMT+0900 (한국 표준시)"
"2026","2","","127936","교양","심화교양","심화","서양철학사","BKSA01709","7001","01","전체","2","2","임우형","수1000-1200(글로컬이음관 402)","","전체(GLOCAL)","정상","","","","인간과문화","https://kupis.kku.ac.kr/wsugang/core?attribute=timeMain","Thu Oct 01 2026 21:11:17 GMT+0900 (한국 표준시)"
"2026","2","","127936","교양","심화교양","심화","성공하는대학생의비전리더십","BKSA53724","7118","01","전체","2","2","이재숙","목1200-1400(글로컬이음관 302)","","전체(GLOCAL)","정상","","","","인간과사회","https://kupis.kku.ac.kr/wsugang/core?attribute=timeMain","Thu Oct 01 2026 21:11:17 GMT+0900 (한국 표준시)"
"2026","2","","127936","교양","심화교양","심화","성인을위한평생학습","BKSA53992","7127","01","전체","2","2","박혜진","수1500-1700(글로컬이음관 406)","","전체(GLOCAL)","정상","","","","인간과사회","https://kupis.kku.ac.kr/wsugang/core?attribute=timeMain","Thu Oct 01 2026 21:11:17 GMT+0900 (한국 표준시)"
"2026","2","","127936","교양","심화교양","심화","세계의정원","BKSA58188","7201","01","전체","2","2","서수현","수1600-1800(자연과학관 313)","","전체(GLOCAL)","정상","","","","과학과기술","https://kupis.kku.ac.kr/wsugang/core?attribute=timeMain","Thu Oct 01 2026 21:11:17 GMT+0900 (한국 표준시)"
"2026","2","","127936","교양","심화교양","심화","세계정세바로보기","BKSA51446","7078","01","전체","2","2","심성보","화1600-1800(글로컬이음관 402)","","전체(GLOCAL)","정상","","","","인간과사회","https://kupis.kku.ac.kr/wsugang/core?attribute=timeMain","Thu Oct 01 2026 21:11:17 GMT+0900 (한국 표준시)"
"2026","2","","127936","교양","심화교양","심화","소설로읽는한국문화100년사","BKSA67904","7378","01","전체","2","2","안미영","","","전체(GLOCAL)","정상","","","","인간과문화 | 이러닝","https://kupis.kku.ac.kr/wsugang/core?attribute=timeMain","Thu Oct 01 2026 21:11:17 GMT+0900 (한국 표준시)"
"2026","2","","127936","교양","심화교양","심화","쉽게배우는러시아어","BKSA66432","7370","01","전체","2","2","고영랑","목1000-1200(자연과학관 516)","","전체(GLOCAL)","정상","","","","글로벌언어","https://kupis.kku.ac.kr/wsugang/core?attribute=timeMain","Thu Oct 01 2026 21:11:17 GMT+0900 (한국 표준시)"
"2026","2","","127936","교양","심화교양","심화","스크린영어","BKSA11155","7019","01","전체","2","2","윤소영","월1400-1600(글로컬이음관 303)","","전체(GLOCAL)","정상","","","","글로벌언어","https://kupis.kku.ac.kr/wsugang/core?attribute=timeMain","Thu Oct 01 2026 21:11:17 GMT+0900 (한국 표준시)"
"2026","2","","127936","교양","심화교양","심화","스크린영어","BKSA11155","7020","02","전체","2","2","강석한","수1500-1700(글로컬이음관 303)","","전체(GLOCAL)","정상","","","","글로벌언어","https://kupis.kku.ac.kr/wsugang/core?attribute=timeMain","Thu Oct 01 2026 21:11:17 GMT+0900 (한국 표준시)"
"2026","2","","127936","교양","심화교양","심화","스토리텔링과판타지문학","BKSA62516","7281","01","전체","2","2","양윤정","목1500-1600(글로컬이음관 402)","","전체(GLOCAL)","정상","","","","인간과문화","https://kupis.kku.ac.kr/wsugang/core?attribute=timeMain","Thu Oct 01 2026 21:11:17 GMT+0900 (한국 표준시)"
"2026","2","","127936","교양","심화교양","심화","시대의가치와트렌드캐치","BKSA66437","7373","01","전체","2","2","강석한","목1300-1500(글로컬이음관 502)","","전체(GLOCAL)","정상","","","","인간과사회","https://kupis.kku.ac.kr/wsugang/core?attribute=timeMain","Thu Oct 01 2026 21:11:17 GMT+0900 (한국 표준시)"
"2026","2","","127936","교양","심화교양","심화","시베리아지역학","BKSA62513","7279","01","전체","2","2","전병국","수1000-1200(글로컬이음관 104)","","전체(GLOCAL)","정상","","","","인간과문화","https://kupis.kku.ac.kr/wsugang/core?attribute=timeMain","Thu Oct 01 2026 21:11:17 GMT+0900 (한국 표준시)"
"2026","2","","127936","교양","심화교양","심화","시베리아지역학","BKSA62513","8271","02","전체","2","2","전병국","수1500-1700(글로컬이음관 503)","","전체(GLOCAL)","정상","","","","인간과문화","https://kupis.kku.ac.kr/wsugang/core?attribute=timeMain","Thu Oct 01 2026 21:11:17 GMT+0900 (한국 표준시)"
"2026","2","","127936","교양","심화교양","심화","시사영어읽기","BKSA58146","7184","01","전체","2","2","박선화","목1000-1200(글로컬이음관 402)","","전체(GLOCAL)","정상","","","","글로벌언어","https://kupis.kku.ac.kr/wsugang/core?attribute=timeMain","Thu Oct 01 2026 21:11:17 GMT+0900 (한국 표준시)"
"2026","2","","127936","교양","심화교양","심화","식물자원의이용","BKSA13630","7040","01","전체","2","2","민현기","목1300-1500(자연과학관 313)","","전체(GLOCAL)","정상","","","","과학과기술","https://kupis.kku.ac.kr/wsugang/core?attribute=timeMain","Thu Oct 01 2026 21:11:17 GMT+0900 (한국 표준시)"
"2026","2","","127936","교양","심화교양","심화","식물자원의이용","BKSA13630","7041","02","전체","2","2","민현기","목1600-1800(자연과학관 313)","","전체(GLOCAL)","정상","","","","과학과기술","https://kupis.kku.ac.kr/wsugang/core?attribute=timeMain","Thu Oct 01 2026 21:11:17 GMT+0900 (한국 표준시)"
"2026","2","","127936","교양","심화교양","심화","실용한국어2","BKSA46966","7059","01","1","2","2","김은영","화0900-1100(글로컬이음관 503)","","전체(GLOCAL)","정상","","","","글로벌언어","https://kupis.kku.ac.kr/wsugang/core?attribute=timeMain","Thu Oct 01 2026 21:11:17 GMT+0900 (한국 표준시)"
"2026","2","","127936","교양","심화교양","심화","실용한국어2","BKSA46966","7060","02","1","2","2","김세준","화0900-1100(글로컬이음관 302)","","전체(GLOCAL)","정상","","","","글로벌언어","https://kupis.kku.ac.kr/wsugang/core?attribute=timeMain","Thu Oct 01 2026 21:11:17 GMT+0900 (한국 표준시)"
"2026","2","","127936","교양","심화교양","심화","심리학의이해","BKSA11192","7021","01","전체","2","2","서영정","화1600-1800(글로컬이음관 103)","","전체(GLOCAL)","정상","","","","인간과사회","https://kupis.kku.ac.kr/wsugang/core?attribute=timeMain","Thu Oct 01 2026 21:11:17 GMT+0900 (한국 표준시)"
"2026","2","","127936","교양","심화교양","심화","심화미적분학","BKSA67910","7385","01","전체","2","2","","","","전체(GLOCAL)","폐강","","","","과학과기술","https://kupis.kku.ac.kr/wsugang/core?attribute=timeMain","Thu Oct 01 2026 21:11:17 GMT+0900 (한국 표준시)"
"2026","2","","127936","교양","심화교양","심화","언어의세계","BKSA49630","7068","01","전체","2","2","김병건","","","전체(GLOCAL)","정상","","","","글로벌언어 | 이러닝","https://kupis.kku.ac.kr/wsugang/core?attribute=timeMain","Thu Oct 01 2026 21:11:17 GMT+0900 (한국 표준시)"
"2026","2","","127936","교양","심화교양","심화","여론과미디어","BKSA67905","7379","01","전체","2","2","박남수","","","전체(GLOCAL)","정상","","","","인간과사회 | 이러닝","https://kupis.kku.ac.kr/wsugang/core?attribute=timeMain","Thu Oct 01 2026 21:11:17 GMT+0900 (한국 표준시)"
"2026","2","","127936","교양","심화교양","심화","영미문학과생활법률","BKSA61159","7274","01","전체","2","2","엄주희","화1600-1800(인문사회관 419)","","전체(GLOCAL)","정상","","","","융복합","https://kupis.kku.ac.kr/wsugang/core?attribute=timeMain","Thu Oct 01 2026 21:11:17 GMT+0900 (한국 표준시)"
"2026","2","","127936","교양","심화교양","심화","영미문화의이해","BKSA04085","7002","01","전체","2","2","박선화","수1000-1200(글로컬이음관 101)","","전체(GLOCAL)","정상","","","","인간과문화","https://kupis.kku.ac.kr/wsugang/core?attribute=timeMain","Thu Oct 01 2026 21:11:17 GMT+0900 (한국 표준시)"
"2026","2","","127936","교양","심화교양","심화","영미문화의이해","BKSA04085","7003","02","전체","2","2","양윤정","수1500-1700(글로컬이음관 302)","","전체(GLOCAL)","정상","","","","인간과문화","https://kupis.kku.ac.kr/wsugang/core?attribute=timeMain","Thu Oct 01 2026 21:11:17 GMT+0900 (한국 표준시)"
"2026","2","","127936","교양","심화교양","심화","영상미디어와현대사회","BKSA58217","7221","01","전체","2","2","최일","목1000-1200(글로컬이음관 101)","","전체(GLOCAL)","정상","","","","융복합","https://kupis.kku.ac.kr/wsugang/core?attribute=timeMain","Thu Oct 01 2026 21:11:17 GMT+0900 (한국 표준시)"
"2026","2","","127936","교양","심화교양","심화","영어프리젠테이션","BKSA50187","7070","01","전체","2","2","모랄레스저스틴","수1300-1500(글로컬이음관 406)","","전체(GLOCAL)","정상","","","영어","글로벌언어","https://kupis.kku.ac.kr/wsugang/core?attribute=timeMain","Thu Oct 01 2026 21:11:17 GMT+0900 (한국 표준시)"
"2026","2","","127936","교양","심화교양","심화","영어회화1","BKSA13364","7031","01","전체","2","2","노버트모반","월1000-1200(글로컬이음관 503)","","전체(GLOCAL)","정상","","","영어","글로벌언어","https://kupis.kku.ac.kr/wsugang/core?attribute=timeMain","Thu Oct 01 2026 21:11:17 GMT+0900 (한국 표준시)"
"2026","2","","127936","교양","심화교양","심화","영어회화1","BKSA13364","7032","02","전체","2","2","노버트모반","수1000-1200(글로컬이음관 503)","","전체(GLOCAL)","정상","","","영어","글로벌언어","https://kupis.kku.ac.kr/wsugang/core?attribute=timeMain","Thu Oct 01 2026 21:11:17 GMT+0900 (한국 표준시)"
"2026","2","","127936","교양","심화교양","심화","영어회화1","BKSA13364","7033","03","전체","2","2","노버트모반","수1300-1500(글로컬이음관 503)","","전체(GLOCAL)","정상","","","영어","글로벌언어","https://kupis.kku.ac.kr/wsugang/core?attribute=timeMain","Thu Oct 01 2026 21:11:17 GMT+0900 (한국 표준시)"
"2026","2","","127936","교양","심화교양","심화","영어회화1","BKSA13364","7034","04","전체","2","2","모랄레스저스틴","월1000-1200(글로컬이음관 504)","","전체(GLOCAL)","정상","","","영어","글로벌언어","https://kupis.kku.ac.kr/wsugang/core?attribute=timeMain","Thu Oct 01 2026 21:11:17 GMT+0900 (한국 표준시)"
"2026","2","","127936","교양","심화교양","심화","영어회화1","BKSA13364","7035","05","전체","2","2","모랄레스저스틴","화1300-1500(글로컬이음관 503)","","전체(GLOCAL)","정상","","","영어","글로벌언어","https://kupis.kku.ac.kr/wsugang/core?attribute=timeMain","Thu Oct 01 2026 21:11:17 GMT+0900 (한국 표준시)"
"2026","2","","127936","교양","심화교양","심화","영어회화1","BKSA13364","7036","06","전체","2","2","모랄레스저스틴","수1000-1200(글로컬이음관 504)","","전체(GLOCAL)","정상","","","영어","글로벌언어","https://kupis.kku.ac.kr/wsugang/core?attribute=timeMain","Thu Oct 01 2026 21:11:17 GMT+0900 (한국 표준시)"
"2026","2","","127936","교양","심화교양","심화","영어회화2","BKSA12943","7027","01","전체","2","2","노버트모반","목1000-1200(글로컬이음관 503)","","전체(GLOCAL)","정상","","","영어","글로벌언어","https://kupis.kku.ac.kr/wsugang/core?attribute=timeMain","Thu Oct 01 2026 21:11:17 GMT+0900 (한국 표준시)"
"2026","2","","127936","교양","심화교양","심화","영어회화2","BKSA12943","7028","02","전체","2","2","모랄레스저스틴","목1000-1200(글로컬이음관 504)","","전체(GLOCAL)","정상","","","영어","글로벌언어","https://kupis.kku.ac.kr/wsugang/core?attribute=timeMain","Thu Oct 01 2026 21:11:17 GMT+0900 (한국 표준시)"
"2026","2","","127936","교양","심화교양","심화","영화로경제읽기","BKSA11223","7022","01","전체","2","2","홍영준","수1500-1700(실시간온라인)","","전체(GLOCAL)","정상","","","","인간과사회","https://kupis.kku.ac.kr/wsugang/core?attribute=timeMain","Thu Oct 01 2026 21:11:17 GMT+0900 (한국 표준시)"
"2026","2","","127936","교양","심화교양","심화","영화로디자인읽기","BKSA66438","7374","01","전체","2","2","김진우","목1000-1200(글로컬이음관 102)","","전체(GLOCAL)","정상","","","","예술과체육","https://kupis.kku.ac.kr/wsugang/core?attribute=timeMain","Thu Oct 01 2026 21:11:17 GMT+0900 (한국 표준시)"
"2026","2","","127936","교양","심화교양","심화","예술로보는과학","BKSA67921","7404","01","전체","2","2","이병훈","월1000-1200(실시간온라인)","","전체(GLOCAL)","정상","","","","과학과기술","https://kupis.kku.ac.kr/wsugang/core?attribute=timeMain","Thu Oct 01 2026 21:11:17 GMT+0900 (한국 표준시)"
"2026","2","","127936","교양","심화교양","심화","예술로보는과학","BKSA67921","7405","02","전체","2","2","조재연","화1100-1300(글로컬이음관 404)","","전체(GLOCAL)","정상","","","","과학과기술","https://kupis.kku.ac.kr/wsugang/core?attribute=timeMain","Thu Oct 01 2026 21:11:17 GMT+0900 (한국 표준시)"
"2026","2","","127936","교양","심화교양","심화","예술로보는과학","BKSA67921","7406","03","전체","2","2","조재연","화1300-1500(글로컬이음관 404)","","전체(GLOCAL)","정상","","","","과학과기술","https://kupis.kku.ac.kr/wsugang/core?attribute=timeMain","Thu Oct 01 2026 21:11:17 GMT+0900 (한국 표준시)"
"2026","2","","127936","교양","심화교양","심화","오페라의이해","BKSA58208","7217","01","전체","2","2","이성원","금1300-1500(실시간온라인)","","전체(GLOCAL)","정상","","","","예술과체육","https://kupis.kku.ac.kr/wsugang/core?attribute=timeMain","Thu Oct 01 2026 21:11:17 GMT+0900 (한국 표준시)"
"2026","2","","127936","교양","심화교양","심화","외국인유학생을위한의사소통문화의이해","BKSA69754","8283","01","전체","2","2","미배정","","","전체(GLOCAL)","정상","","","","인간과문화 | 이러닝","https://kupis.kku.ac.kr/wsugang/core?attribute=timeMain","Thu Oct 01 2026 21:11:17 GMT+0900 (한국 표준시)"
"2026","2","","127936","교양","심화교양","심화","외국인을위한생활법률","BKSA69752","8285","01","전체","2","2","미배정","","","전체(GLOCAL)","정상","","","","인간과사회 | 이러닝","https://kupis.kku.ac.kr/wsugang/core?attribute=timeMain","Thu Oct 01 2026 21:11:17 GMT+0900 (한국 표준시)"
"2026","2","","127936","교양","심화교양","심화","우주로의여행","BKSA65611","8294","01","전체","1","1","미배정","","","전체(GLOCAL)","정상","","","","과학과기술 | 이러닝","https://kupis.kku.ac.kr/wsugang/core?attribute=timeMain","Thu Oct 01 2026 21:11:17 GMT+0900 (한국 표준시)"
"2026","2","","127936","교양","심화교양","심화","운동과건강관리","BKSA11231","7023","01","전체","2","2","선세영","화1000-1200(생명과학관 416)","","전체(GLOCAL)","정상","","","","예술과체육","https://kupis.kku.ac.kr/wsugang/core?attribute=timeMain","Thu Oct 01 2026 21:11:17 GMT+0900 (한국 표준시)"
"2026","2","","127936","교양","심화교양","심화","운동과건강관리","BKSA11231","7024","02","전체","2","2","박종석","수1100-1300(글로컬이음관 302)","","전체(GLOCAL)","정상","","","","예술과체육","https://kupis.kku.ac.kr/wsugang/core?attribute=timeMain","Thu Oct 01 2026 21:11:17 GMT+0900 (한국 표준시)"
"2026","2","","127936","교양","심화교양","심화","운동과건강관리","BKSA11231","7025","03","전체","2","2","전유나","목1300-1500(생명과학관 416)","","전체(GLOCAL)","정상","","","","예술과체육","https://kupis.kku.ac.kr/wsugang/core?attribute=timeMain","Thu Oct 01 2026 21:11:17 GMT+0900 (한국 표준시)"
"2026","2","","127936","교양","심화교양","심화","음식인문학","BKSA58164","7194","01","전체","2","2","조운아","화1100-1300(실시간온라인)","","전체(GLOCAL)","정상","","","","인간과문화","https://kupis.kku.ac.kr/wsugang/core?attribute=timeMain","Thu Oct 01 2026 21:11:17 GMT+0900 (한국 표준시)"
"2026","2","","127936","교양","심화교양","심화","음악은왜치료적인가","BKSA65612","8295","01","전체","1","1","미배정","","","전체(GLOCAL)","정상","","","","융복합 | 이러닝","https://kupis.kku.ac.kr/wsugang/core?attribute=timeMain","Thu Oct 01 2026 21:11:17 GMT+0900 (한국 표준시)"
"2026","2","","127936","교양","심화교양","심화","의식주의지역인문학","BKSA69740","8273","01","전체","2","2","이유정","월1300-1500(글로컬이음관 104)","","전체(GLOCAL)","정상","","","","융복합","https://kupis.kku.ac.kr/wsugang/core?attribute=timeMain","Thu Oct 01 2026 21:11:17 GMT+0900 (한국 표준시)"
"2026","2","","127936","교양","심화교양","심화","인간과복지","BKSA11247","7026","01","전체","2","2","김정숙","수1500-1700(글로컬이음관 501)","","전체(GLOCAL)","정상","","","","인간과사회","https://kupis.kku.ac.kr/wsugang/core?attribute=timeMain","Thu Oct 01 2026 21:11:17 GMT+0900 (한국 표준시)"
"2026","2","","127936","교양","심화교양","심화","인공지능과인권","BKSA64597","7296","01","전체","2","2","엄주희","월0900-1100(실시간온라인)","","전체(GLOCAL)","정상","","","","인간과사회","https://kupis.kku.ac.kr/wsugang/core?attribute=timeMain","Thu Oct 01 2026 21:11:17 GMT+0900 (한국 표준시)"
"2026","2","","127936","교양","심화교양","심화","인류문명과갈등","BKSA65498","7358","01","전체","2","2","고영랑","월1000-1200(실시간온라인)","","전체(GLOCAL)","정상","","","","인간과문화","https://kupis.kku.ac.kr/wsugang/core?attribute=timeMain","Thu Oct 01 2026 21:11:17 GMT+0900 (한국 표준시)"
"2026","2","","127936","교양","심화교양","심화","인문학의오뒷세이아","BKSA58212","7218","01","전체","2","2","소순창","월1530-1730(인문사회관 102)","","전체(GLOCAL)","정상","","","","융복합","https://kupis.kku.ac.kr/wsugang/core?attribute=timeMain","Thu Oct 01 2026 21:11:17 GMT+0900 (한국 표준시)"
"2026","2","","127936","교양","심화교양","심화","일상의여성학","BKSA63513","7291","01","전체","2","2","","","","전체(GLOCAL)","폐강","","","","인간과사회","https://kupis.kku.ac.kr/wsugang/core?attribute=timeMain","Thu Oct 01 2026 21:11:17 GMT+0900 (한국 표준시)"
"2026","2","","127936","교양","심화교양","심화","입트이는영어동사","BKSA63514","7292","01","전체","2","2","양윤정","","","전체(GLOCAL)","정상","","","","글로벌언어 | 이러닝","https://kupis.kku.ac.kr/wsugang/core?attribute=timeMain","Thu Oct 01 2026 21:11:17 GMT+0900 (한국 표준시)"
"2026","2","","127936","교양","심화교양","심화","자생식물의이해","BKSA54961","7139","01","전체","2","2","김우종","수1000-1200(자연과학관 512-2)","","전체(GLOCAL)","정상","","","","과학과기술","https://kupis.kku.ac.kr/wsugang/core?attribute=timeMain","Thu Oct 01 2026 21:11:17 GMT+0900 (한국 표준시)"
"2026","2","","127936","교양","심화교양","심화","전쟁으로보는서양사","BKSA58155","7189","01","전체","2","2","송영대","목1000-1200(글로컬이음관 404)","","전체(GLOCAL)","정상","","","","인간과문화","https://kupis.kku.ac.kr/wsugang/core?attribute=timeMain","Thu Oct 01 2026 21:11:17 GMT+0900 (한국 표준시)"
"2026","2","","127936","교양","심화교양","심화","중국어심화","BKSA64600","7297","01","전체","2","2","이앤슈아이","목1600-1800(글로컬이음관 103)","","전체(GLOCAL)","정상","","","","글로벌언어","https://kupis.kku.ac.kr/wsugang/core?attribute=timeMain","Thu Oct 01 2026 21:11:17 GMT+0900 (한국 표준시)"
"2026","2","","127936","교양","심화교양","심화","지식재산권의이해","BKSA58200","7209","01","전체","2","2","손동주","목0900-1100(글로컬이음관 104)","","전체(GLOCAL)","정상","","","","예술과체육","https://kupis.kku.ac.kr/wsugang/core?attribute=timeMain","Thu Oct 01 2026 21:11:17 GMT+0900 (한국 표준시)"
"2026","2","","127936","교양","심화교양","심화","지역재생리빙랩","BKSA66888","7375","01","전체","2","2","","","","전체(GLOCAL)","폐강","","","","융복합 | 이러닝","https://kupis.kku.ac.kr/wsugang/core?attribute=timeMain","Thu Oct 01 2026 21:11:17 GMT+0900 (한국 표준시)"
"2026","2","","127936","교양","심화교양","심화","지역환경과도시건축","BKSA58193","7202","01","전체","2","2","오득균","월0900-1100(자연과학관 513)","","전체(GLOCAL)","정상","","","","과학과기술","https://kupis.kku.ac.kr/wsugang/core?attribute=timeMain","Thu Oct 01 2026 21:11:17 GMT+0900 (한국 표준시)"
"2026","2","","127936","교양","심화교양","심화","창업과경영","BKSA51447","7079","01","전체","2","2","송덕근","","","전체(GLOCAL)","정상","","","","인간과사회 | 이러닝","https://kupis.kku.ac.kr/wsugang/core?attribute=timeMain","Thu Oct 01 2026 21:11:17 GMT+0900 (한국 표준시)"
"2026","2","","127936","교양","심화교양","심화","창업기업가론","BKSA65499","7359","01","전체","2","2","조영빈","수1300-1500(글로컬이음관 102)","","전체(GLOCAL)","정상","","","","인간과사회","https://kupis.kku.ac.kr/wsugang/core?attribute=timeMain","Thu Oct 01 2026 21:11:17 GMT+0900 (한국 표준시)"
"2026","2","","127936","교양","심화교양","심화","창업기업가론","BKSA65499","7360","02","전체","2","2","조영빈","목1000-1200(자연과학관 504)","","전체(GLOCAL)","정상","","","","인간과사회","https://kupis.kku.ac.kr/wsugang/core?attribute=timeMain","Thu Oct 01 2026 21:11:17 GMT+0900 (한국 표준시)"
"2026","2","","127936","교양","심화교양","심화","창조적아이디어발상법","BKSA61155","7272","01","전체","2","2","이상래","금1300-1500(글로컬이음관 404)","","전체(GLOCAL)","정상","","","","과학과기술","https://kupis.kku.ac.kr/wsugang/core?attribute=timeMain","Thu Oct 01 2026 21:11:17 GMT+0900 (한국 표준시)"
"2026","2","","127936","교양","심화교양","심화","책과기록의역사","BKSA63538","7294","01","전체","2","2","","","","전체(GLOCAL)","폐강","","","","인간과문화 | 이러닝","https://kupis.kku.ac.kr/wsugang/core?attribute=timeMain","Thu Oct 01 2026 21:11:17 GMT+0900 (한국 표준시)"
"2026","2","","127936","교양","심화교양","심화","철학고전톺아보기","BKSA65866","7368","01","전체","2","2","미배정","","","전체(GLOCAL)","정상","","","","인간과문화 | 이러닝","https://kupis.kku.ac.kr/wsugang/core?attribute=timeMain","Thu Oct 01 2026 21:11:17 GMT+0900 (한국 표준시)"
"2026","2","","127936","교양","심화교양","심화","친환경건축과생활","BKSA58194","7203","01","전체","2","2","이상철","월1500-1700(자연과학관 506)","","전체(GLOCAL)","정상","","","","과학과기술","https://kupis.kku.ac.kr/wsugang/core?attribute=timeMain","Thu Oct 01 2026 21:11:17 GMT+0900 (한국 표준시)"
"2026","2","","127936","교양","심화교양","심화","크로모테라피를이용한힐링디자인","BKSA66431","7369","01","전체","2","2","강현정","목1300-1500(글로컬이음관 501)","","전체(GLOCAL)","정상","","","","예술과체육","https://kupis.kku.ac.kr/wsugang/core?attribute=timeMain","Thu Oct 01 2026 21:11:17 GMT+0900 (한국 표준시)"
"2026","2","","127936","교양","심화교양","심화","클래식음악여행","BKSA53751","7126","01","전체","2","2","박지선","월1300-1500(실시간온라인)","","전체(GLOCAL)","정상","","","","예술과체육","https://kupis.kku.ac.kr/wsugang/core?attribute=timeMain","Thu Oct 01 2026 21:11:17 GMT+0900 (한국 표준시)"
"2026","2","","127936","교양","심화교양","심화","테마별로배우는중국문화","BKSA58162","7192","01","전체","2","2","장미경","화1300-1500(글로컬이음관 403)","","전체(GLOCAL)","정상","","","","인간과문화","https://kupis.kku.ac.kr/wsugang/core?attribute=timeMain","Thu Oct 01 2026 21:11:17 GMT+0900 (한국 표준시)"
"2026","2","","127936","교양","심화교양","심화","테마별로배우는한국문화2","BKSA58227","7227","01","1","2","2","이앤슈아이","금1400-1600(글로컬이음관 403)","","전체(GLOCAL)","정상","","","","인간과문화","https://kupis.kku.ac.kr/wsugang/core?attribute=timeMain","Thu Oct 01 2026 21:11:17 GMT+0900 (한국 표준시)"
"2026","2","","127936","교양","심화교양","심화","토익1","BKSA51421","7071","01","전체","2","2","윤소영","","","전체(GLOCAL)","정상","","","","글로벌언어 | 이러닝","https://kupis.kku.ac.kr/wsugang/core?attribute=timeMain","Thu Oct 01 2026 21:11:17 GMT+0900 (한국 표준시)"
"2026","2","","127936","교양","심화교양","심화","토익2","BKSA51422","7072","01","전체","2","2","강석한","","","전체(GLOCAL)","정상","","","","글로벌언어 | 이러닝","https://kupis.kku.ac.kr/wsugang/core?attribute=timeMain","Thu Oct 01 2026 21:11:17 GMT+0900 (한국 표준시)"
"2026","2","","127936","교양","심화교양","심화","팝음악인사이트","BKSA63563","7295","01","전체","2","2","유태선","목1500-1700(글로컬이음관 102)","","전체(GLOCAL)","정상","","","","예술과체육","https://kupis.kku.ac.kr/wsugang/core?attribute=timeMain","Thu Oct 01 2026 21:11:17 GMT+0900 (한국 표준시)"
"2026","2","","127936","교양","심화교양","심화","팬덤과대중문화콘텐츠의이해","BKSA62510","7277","01","전체","2","2","이광욱","화1300-1500(글로컬이음관 402)","","전체(GLOCAL)","정상","","","","인간과문화","https://kupis.kku.ac.kr/wsugang/core?attribute=timeMain","Thu Oct 01 2026 21:11:17 GMT+0900 (한국 표준시)"
"2026","2","","127936","교양","심화교양","심화","퍼스널아이덴티티브랜딩","BKSA69147","7412","01","전체","2","2","이윤정","수1300-1500(자연과학관 516)","","전체(GLOCAL)","정상","","","","예술과체육","https://kupis.kku.ac.kr/wsugang/core?attribute=timeMain","Thu Oct 01 2026 21:11:17 GMT+0900 (한국 표준시)"
"2026","2","","127936","교양","심화교양","심화","포스트휴먼이슈읽기","BKSA65502","7363","01","전체","2","2","이미정","금0900-1100(실시간온라인)","","전체(GLOCAL)","정상","","","","융복합","https://kupis.kku.ac.kr/wsugang/core?attribute=timeMain","Thu Oct 01 2026 21:11:17 GMT+0900 (한국 표준시)"
"2026","2","","127936","교양","심화교양","심화","한국고중세사특강","BKSA59488","7259","01","전체","2","2","홍성화","","","전체(GLOCAL)","정상","","","","인간과문화 | 이러닝","https://kupis.kku.ac.kr/wsugang/core?attribute=timeMain","Thu Oct 01 2026 21:11:17 GMT+0900 (한국 표준시)"
"2026","2","","127936","교양","심화교양","심화","한국어고급표현2","BKSA54945","7135","01","1","2","2","김은영","화1100-1300(글로컬이음관 504)","","전체(GLOCAL)","정상","","","","글로벌언어","https://kupis.kku.ac.kr/wsugang/core?attribute=timeMain","Thu Oct 01 2026 21:11:17 GMT+0900 (한국 표준시)"
"2026","2","","127936","교양","심화교양","심화","한국어고급표현2","BKSA54945","7136","02","1","2","2","이희원","월1100-1300(글로컬이음관 505)","","전체(GLOCAL)","정상","","","","글로벌언어","https://kupis.kku.ac.kr/wsugang/core?attribute=timeMain","Thu Oct 01 2026 21:11:17 GMT+0900 (한국 표준시)"
"2026","2","","127936","교양","심화교양","심화","한국어작문2","BKSA54943","7133","01","1","2","2","신동선","수1300-1500(글로컬이음관 505)","","전체(GLOCAL)","정상","","","","글로벌언어","https://kupis.kku.ac.kr/wsugang/core?attribute=timeMain","Thu Oct 01 2026 21:11:17 GMT+0900 (한국 표준시)"
"2026","2","","127936","교양","심화교양","심화","한국어작문2","BKSA54943","7134","02","1","2","2","정지윤","목1100-1300(글로컬이음관 505)","","전체(GLOCAL)","정상","","","","글로벌언어","https://kupis.kku.ac.kr/wsugang/core?attribute=timeMain","Thu Oct 01 2026 21:11:17 GMT+0900 (한국 표준시)"
"2026","2","","127936","교양","심화교양","심화","한국어회화2","BKSA54941","7131","01","1","2","2","정지윤","목0900-1100(글로컬이음관 505)","","전체(GLOCAL)","정상","","","","글로벌언어","https://kupis.kku.ac.kr/wsugang/core?attribute=timeMain","Thu Oct 01 2026 21:11:17 GMT+0900 (한국 표준시)"
"2026","2","","127936","교양","심화교양","심화","한국어회화2","BKSA54941","7132","02","1","2","2","이희원","월0900-1100(글로컬이음관 505)","","전체(GLOCAL)","정상","","","","글로벌언어","https://kupis.kku.ac.kr/wsugang/core?attribute=timeMain","Thu Oct 01 2026 21:11:17 GMT+0900 (한국 표준시)"
"2026","2","","127936","교양","심화교양","심화","한국중근세사특강","BKSA59489","7260","01","전체","2","2","홍성화","화1100-1300(글로컬이음관 403)","","전체(GLOCAL)","정상","","","","인간과문화","https://kupis.kku.ac.kr/wsugang/core?attribute=timeMain","Thu Oct 01 2026 21:11:17 GMT+0900 (한국 표준시)"
"2026","2","","127936","교양","심화교양","심화","한문고전읽는법","BKSA64618","7351","01","전체","2","2","허원기","수1000-1200(글로컬이음관 102)","","전체(GLOCAL)","정상","","","","인간과문화","https://kupis.kku.ac.kr/wsugang/core?attribute=timeMain","Thu Oct 01 2026 21:11:17 GMT+0900 (한국 표준시)"
"2026","2","","127936","교양","심화교양","심화","한일교류의역사","BKSA64605","7302","01","전체","2","2","","","","전체(GLOCAL)","폐강","","","","인간과문화 | 이러닝","https://kupis.kku.ac.kr/wsugang/core?attribute=timeMain","Thu Oct 01 2026 21:11:17 GMT+0900 (한국 표준시)"
"2026","2","","127936","교양","심화교양","심화","한자를통해배우는삶의지혜","BKSA58163","7193","01","전체","2","2","장미경","화1500-1700(글로컬이음관 403)","","전체(GLOCAL)","정상","","","","인간과문화","https://kupis.kku.ac.kr/wsugang/core?attribute=timeMain","Thu Oct 01 2026 21:11:17 GMT+0900 (한국 표준시)"
"2026","2","","127936","교양","심화교양","심화","한중소통연습","BKSA58147","7185","01","전체","2","2","정인숙","월1500-1700(글로컬이음관 505)","","전체(GLOCAL)","정상","","","","글로벌언어","https://kupis.kku.ac.kr/wsugang/core?attribute=timeMain","Thu Oct 01 2026 21:11:17 GMT+0900 (한국 표준시)"
"2026","2","","127936","교양","심화교양","심화","현대사회와스포츠","BKSA51466","7083","01","전체","2","2","강태희","수1000-1200(글로컬이음관 404)","","전체(GLOCAL)","정상","","","","예술과체육","https://kupis.kku.ac.kr/wsugang/core?attribute=timeMain","Thu Oct 01 2026 21:11:17 GMT+0900 (한국 표준시)"
"2026","2","","127936","교양","심화교양","심화","현대사회와철학","BKSA58159","7191","01","전체","2","2","이동욱","화1600-1800(글로컬이음관 404)","","전체(GLOCAL)","정상","","","","인간과문화","https://kupis.kku.ac.kr/wsugang/core?attribute=timeMain","Thu Oct 01 2026 21:11:17 GMT+0900 (한국 표준시)"
"2026","2","","127936","교양","심화교양","심화","현대사회와ESG의적용","BKSA66436","7372","01","전체","2","2","오득균","월1200-1400(자연과학관 513)","","전체(GLOCAL)","정상","","","","융복합","https://kupis.kku.ac.kr/wsugang/core?attribute=timeMain","Thu Oct 01 2026 21:11:17 GMT+0900 (한국 표준시)"
"2026","2","","127936","교양","심화교양","심화","현대사회의먹거리쟁점","BKSA59511","7264","01","전체","2","2","최동근","목1600-1800(글로컬이음관 303)","","전체(GLOCAL)","정상","","","","융복합","https://kupis.kku.ac.kr/wsugang/core?attribute=timeMain","Thu Oct 01 2026 21:11:17 GMT+0900 (한국 표준시)"
"2026","2","","127936","교양","심화교양","심화","현대인의정신건강과자기이해","BKSA65500","7361","01","전체","2","2","박현정","월1500-1700(글로컬이음관 104)","","전체(GLOCAL)","정상","","","","인간과사회","https://kupis.kku.ac.kr/wsugang/core?attribute=timeMain","Thu Oct 01 2026 21:11:17 GMT+0900 (한국 표준시)"
"2026","2","","127936","교양","심화교양","심화","환경과에너지","BKSA59502","7262","01","전체","2","2","박재현","월1300-1500(자연과학관 501)","","전체(GLOCAL)","정상","","","","과학과기술","https://kupis.kku.ac.kr/wsugang/core?attribute=timeMain","Thu Oct 01 2026 21:11:17 GMT+0900 (한국 표준시)"
"2026","2","","127936","교양","심화교양","심화","흔들리는20대:청년심리학","BKSA65610","8293","01","전체","1","1","미배정","","","전체(GLOCAL)","정상","","","","인간과사회 | 이러닝","https://kupis.kku.ac.kr/wsugang/core?attribute=timeMain","Thu Oct 01 2026 21:11:17 GMT+0900 (한국 표준시)"
"2026","2","","127936","교양","심화교양","심화","AI시대,성인을위한뇌과학","BKSA69744","8269","01","전체","2","2","이연주","","","전체(GLOCAL)","정상","","","","인간과사회 | 이러닝","https://kupis.kku.ac.kr/wsugang/core?attribute=timeMain","Thu Oct 01 2026 21:11:17 GMT+0900 (한국 표준시)"
"2026","2","","127936","교양","심화교양","심화","AI시대문학읽기와쓰기","BKSA69748","8277","01","전체","2","2","조미숙","","","전체(GLOCAL)","정상","","","","인간과문화 | 이러닝","https://kupis.kku.ac.kr/wsugang/core?attribute=timeMain","Thu Oct 01 2026 21:11:17 GMT+0900 (한국 표준시)"
"2026","2","","127936","교양","심화교양","심화","AI와법:알고리즘이 판결하는 세상","BKSA69747","8276","01","전체","2","2","이진홍","","","전체(GLOCAL)","정상","","","","융복합 | 이러닝","https://kupis.kku.ac.kr/wsugang/core?attribute=timeMain","Thu Oct 01 2026 21:11:17 GMT+0900 (한국 표준시)"
"2026","2","","127936","교양","심화교양","심화","AI와함께하는사고와표현","BKSA69151","7416","01","전체","2","2","이효숙","월1500-1700(글로컬이음관 504)","","전체(GLOCAL)","정상","","","","융복합","https://kupis.kku.ac.kr/wsugang/core?attribute=timeMain","Thu Oct 01 2026 21:11:17 GMT+0900 (한국 표준시)"
"2026","2","","127936","교양","심화교양","심화","ESG·환경·식품·경제","BKSA64877","7357","01","전체","2","2","임성수","금0900-1100(실시간온라인)","","전체(GLOCAL)","정상","","","","융복합","https://kupis.kku.ac.kr/wsugang/core?attribute=timeMain","Thu Oct 01 2026 21:11:17 GMT+0900 (한국 표준시)"
"2026","2","","127936","교양","심화교양","심화","HASS실용영어","BKSA69153","7418","01","전체","2","2","","","","전체(GLOCAL)","폐강","","","영어","글로벌언어","https://kupis.kku.ac.kr/wsugang/core?attribute=timeMain","Thu Oct 01 2026 21:11:17 GMT+0900 (한국 표준시)"
"2026","2","","127936","교양","심화교양","심화","HASS실용영어","BKSA69153","7419","02","전체","2","2","모랄레스저스틴","월1300-1500(인문사회관 407)","","전체(GLOCAL)","정상","","","영어","글로벌언어","https://kupis.kku.ac.kr/wsugang/core?attribute=timeMain","Thu Oct 01 2026 21:11:17 GMT+0900 (한국 표준시)"
"2026","2","","127936","교양","심화교양","심화","K유학생을위한한국기업문화","BKSA69751","8284","01","전체","2","2","미배정","","","전체(GLOCAL)","정상","","","","인간과사회 | 이러닝","https://kupis.kku.ac.kr/wsugang/core?attribute=timeMain","Thu Oct 01 2026 21:11:17 GMT+0900 (한국 표준시)"
"2026","2","","127936","교양","심화교양","심화","SF문학과미래윤리","BKSA62508","7276","01","전체","2","2","장성규","금0900-1100(실시간온라인)","","전체(GLOCAL)","정상","","","","융복합","https://kupis.kku.ac.kr/wsugang/core?attribute=timeMain","Thu Oct 01 2026 21:11:17 GMT+0900 (한국 표준시)"
"2026","2","","127936","교양","심화교양","심화","STEM실용영어","BKSA69154","7420","01","전체","2","2","노버트모반","화1500-1700(글로컬이음관 102)","","전체(GLOCAL)","정상","","","영어","글로벌언어","https://kupis.kku.ac.kr/wsugang/core?attribute=timeMain","Thu Oct 01 2026 21:11:17 GMT+0900 (한국 표준시)"
"2026","2","","127936","교양","심화교양","심화","STEM실용영어","BKSA69154","7421","02","전체","2","2","노버트모반","수1500-1700(글로컬이음관 102)","","전체(GLOCAL)","정상","","","영어","글로벌언어","https://kupis.kku.ac.kr/wsugang/core?attribute=timeMain","Thu Oct 01 2026 21:11:17 GMT+0900 (한국 표준시)"
"2026","2","","127936","교양","심화교양","심화","TOPIK고급","BKSA54946","7137","01","1","2","2","신동선","수0900-1100(글로컬이음관 406)","","전체(GLOCAL)","정상","","","","글로벌언어","https://kupis.kku.ac.kr/wsugang/core?attribute=timeMain","Thu Oct 01 2026 21:11:17 GMT+0900 (한국 표준시)"
"2026","2","","127936","교양","심화교양","심화","TOPIK고급","BKSA54946","7138","02","1","2","2","김세준","목1300-1500(글로컬이음관 406)","","전체(GLOCAL)","정상","","","","글로벌언어","https://kupis.kku.ac.kr/wsugang/core?attribute=timeMain","Thu Oct 01 2026 21:11:17 GMT+0900 (한국 표준시)"
"2026","2","","006771","기타선택","일반선택","일선","해외취업교육과정2(어학)","BZZA63267","8267","01","전체","3","3","미배정","","","전체(GLOCAL)","정상","","","","해외취업교육과정2(어학)","https://kupis.kku.ac.kr/wsugang/core?attribute=timeMain","Thu Oct 01 2026 21:11:17 GMT+0900 (한국 표준시)"
"2026","2","","006771","기타선택","자선","자선","무기체계론","BZZA51648","8256","01","전체","2","2","박의천","수1300-1500(인문사회관 407)","","전체(GLOCAL)","정상","","","","자선","https://kupis.kku.ac.kr/wsugang/core?attribute=timeMain","Thu Oct 01 2026 21:11:17 GMT+0900 (한국 표준시)"
"2026","2","","006771","기타선택","자선","자선","북한학","BZZA11084","8255","01","전체","2","2","박의천","수1000-1200(글로컬이음관 505)","","전체(GLOCAL)","정상","","","","자선","https://kupis.kku.ac.kr/wsugang/core?attribute=timeMain","Thu Oct 01 2026 21:11:17 GMT+0900 (한국 표준시)"
"2026","2","","006771","기타선택","자선","자선","안전및조직관리사례연구","BZZA61311","8291","01","3","2","5","미배정","월0900-1200(학군단 106), 화1800-2000(학군단 106)","","전체(GLOCAL)","정상","","","","자선","https://kupis.kku.ac.kr/wsugang/core?attribute=timeMain","Thu Oct 01 2026 21:11:17 GMT+0900 (한국 표준시)"
"2026","2","","006771","기타선택","자선","자선","조직리더십사례연구","BZZA61313","8292","01","4","2","5","미배정","월0900-1200(학군단 101), 화1800-2000(학군단 101)","","전체(GLOCAL)","정상","","","","자선","https://kupis.kku.ac.kr/wsugang/core?attribute=timeMain","Thu Oct 01 2026 21:11:17 GMT+0900 (한국 표준시)"
"2026","2","","006771","전공","전공선택","전선","해외취업교육과정2(직무)","BZZA63266","8266","01","전체","3","3","미배정","","","전체(GLOCAL)","정상","","","","해외취업교육과정2(직무)","https://kupis.kku.ac.kr/wsugang/core?attribute=timeMain","Thu Oct 01 2026 21:11:17 GMT+0900 (한국 표준시)"
"2026","2","간호학과","106721","전공","전공선택","전선","다문화와건강상담","BVHG59514","7843","01","1","2","2","이유림","금1400-1600(생명과학관 301)","","간호","정상","","","","간호학과","https://kupis.kku.ac.kr/wsugang/core?attribute=timeMain","Thu Oct 01 2026 21:11:17 GMT+0900 (한국 표준시)"
"2026","2","간호학과","106721","전공","전공선택","전선","의학용어","BVHG49171","7838","01","1","2","2","박명숙","월1600-1800(생명과학관 504)","","간호","정상","","","","간호학과 | 이러닝","https://kupis.kku.ac.kr/wsugang/core?attribute=timeMain","Thu Oct 01 2026 21:11:17 GMT+0900 (한국 표준시)"
"2026","2","간호학과","106721","전공","전공필수","전필","간호관리학1","BVHG15958","7804","01","3","2","2","강재진","화1600-1800(생명과학관 504)","","간호","정상","","","","간호학과","https://kupis.kku.ac.kr/wsugang/core?attribute=timeMain","Thu Oct 01 2026 21:11:17 GMT+0900 (한국 표준시)"
"2026","2","간호학과","106721","전공","전공필수","전필","간호관리학1","BVHG15958","7805","02","3","2","2","강재진","목1200-1400(생명과학관 504)","","간호","정상","","","","간호학과","https://kupis.kku.ac.kr/wsugang/core?attribute=timeMain","Thu Oct 01 2026 21:11:17 GMT+0900 (한국 표준시)"
"2026","2","간호학과","106721","전공","전공필수","전필","간호연구및통계","BVHG52732","7841","01","3","2","2","옥종선","화0900-1100(생명과학관 502)","","간호","정상","","","","간호학과","https://kupis.kku.ac.kr/wsugang/core?attribute=timeMain","Thu Oct 01 2026 21:11:17 GMT+0900 (한국 표준시)"
"2026","2","간호학과","106721","전공","전공필수","전필","간호연구및통계","BVHG52732","7842","02","3","2","2","옥종선","목0900-1100(국제교육관 306-2)","","간호","정상","","","","간호학과","https://kupis.kku.ac.kr/wsugang/core?attribute=timeMain","Thu Oct 01 2026 21:11:17 GMT+0900 (한국 표준시)"
"2026","2","간호학과","106721","전공","전공필수","전필","간호윤리","BVHG15693","7800","01","4","2","2","유형주","화0900-1000(생명과학관 101), 목1600-1700","","간호","정상","","","","간호학과","https://kupis.kku.ac.kr/wsugang/core?attribute=timeMain","Thu Oct 01 2026 21:11:17 GMT+0900 (한국 표준시)"
"2026","2","간호학과","106721","전공","전공필수","전필","간호윤리","BVHG15693","7801","02","4","2","2","유형주","화1000-1100(생명과학관 101), 목1700-1800","","간호","정상","","","","간호학과","https://kupis.kku.ac.kr/wsugang/core?attribute=timeMain","Thu Oct 01 2026 21:11:17 GMT+0900 (한국 표준시)"
"2026","2","간호학과","106721","전공","전공필수","전필","간호정보학","BVHG15966","7806","01","4","2","2","유형주","화1100-1300(생명과학관 101)","","간호","정상","","","","간호학과","https://kupis.kku.ac.kr/wsugang/core?attribute=timeMain","Thu Oct 01 2026 21:11:17 GMT+0900 (한국 표준시)"
"2026","2","간호학과","106721","전공","전공필수","전필","간호정보학","BVHG15966","7807","02","4","2","2","유형주","수0900-1100(생명과학관 101)","","간호","정상","","","","간호학과","https://kupis.kku.ac.kr/wsugang/core?attribute=timeMain","Thu Oct 01 2026 21:11:17 GMT+0900 (한국 표준시)"
"2026","2","간호학과","106721","전공","전공필수","전필","건강사정","BVCA15701","7698","01","1","2","2","김희정","수1000-1200(생명과학관 504)","","간호","정상","","","","간호학과","https://kupis.kku.ac.kr/wsugang/core?attribute=timeMain","Thu Oct 01 2026 21:11:17 GMT+0900 (한국 표준시)"
"2026","2","간호학과","106721","전공","전공필수","전필","건강사정","BVCA15701","7699","02","1","2","2","김희정","월1400-1600(생명과학관 504)","","간호","정상","","","","간호학과","https://kupis.kku.ac.kr/wsugang/core?attribute=timeMain","Thu Oct 01 2026 21:11:17 GMT+0900 (한국 표준시)"
"2026","2","간호학과","106721","전공","전공필수","전필","기본간호학2","BVHG15972","7808","01","2","2","2","최희정","월1400-1600(생명과학관 301)","","간호","정상","","","","간호학과","https://kupis.kku.ac.kr/wsugang/core?attribute=timeMain","Thu Oct 01 2026 21:11:17 GMT+0900 (한국 표준시)"
"2026","2","간호학과","106721","전공","전공필수","전필","기본간호학2","BVHG15972","7809","02","2","2","2","최희정","목1000-1200(생명과학관 301)","","간호","정상","","","","간호학과","https://kupis.kku.ac.kr/wsugang/core?attribute=timeMain","Thu Oct 01 2026 21:11:17 GMT+0900 (한국 표준시)"
"2026","2","간호학과","106721","전공","전공필수","전필","기본간호학실습2","BVHG15974","7810","01","2","2","4","최희정","화0900-1300(생명과학관 201)","","간호","정상","","","","간호학과","https://kupis.kku.ac.kr/wsugang/core?attribute=timeMain","Thu Oct 01 2026 21:11:17 GMT+0900 (한국 표준시)"
"2026","2","간호학과","106721","전공","전공필수","전필","기본간호학실습2","BVHG15974","7811","02","2","2","4","김희정","화1300-1700(생명과학관 201)","","간호","정상","","","","간호학과","https://kupis.kku.ac.kr/wsugang/core?attribute=timeMain","Thu Oct 01 2026 21:11:17 GMT+0900 (한국 표준시)"
"2026","2","간호학과","106721","전공","전공필수","전필","기본간호학실습2","BVHG15974","7812","03","2","2","4","김희정","목1300-1700(생명과학관 201)","","간호","정상","","","","간호학과","https://kupis.kku.ac.kr/wsugang/core?attribute=timeMain","Thu Oct 01 2026 21:11:17 GMT+0900 (한국 표준시)"
"2026","2","간호학과","106721","전공","전공필수","전필","기본간호학실습2","BVHG15974","7813","04","2","2","4","서경희","월0900-1300(생명과학관 201)","","간호","정상","","","","간호학과","https://kupis.kku.ac.kr/wsugang/core?attribute=timeMain","Thu Oct 01 2026 21:11:17 GMT+0900 (한국 표준시)"
"2026","2","간호학과","106721","전공","전공필수","전필","기본간호학실습2","BVHG15974","7814","05","2","2","4","허경숙","금1300-1700(생명과학관 201)","","간호","정상","","","","간호학과","https://kupis.kku.ac.kr/wsugang/core?attribute=timeMain","Thu Oct 01 2026 21:11:17 GMT+0900 (한국 표준시)"
"2026","2","간호학과","106721","전공","전공필수","전필","기본간호학실습2","BVHG15974","7815","06","2","2","4","이유림","금0900-1300(생명과학관 201)","","간호","정상","","","","간호학과","https://kupis.kku.ac.kr/wsugang/core?attribute=timeMain","Thu Oct 01 2026 21:11:17 GMT+0900 (한국 표준시)"
"2026","2","간호학과","106721","전공","전공필수","전필","모성간호학2","BVHG15977","7816","01","4","2","2","이효진","수1600-1800(생명과학관 101)","","간호","정상","","","","간호학과","https://kupis.kku.ac.kr/wsugang/core?attribute=timeMain","Thu Oct 01 2026 21:11:17 GMT+0900 (한국 표준시)"
"2026","2","간호학과","106721","전공","전공필수","전필","모성간호학2","BVHG15977","7817","02","4","2","2","이효진","목0900-1100(생명과학관 101)","","간호","정상","","","","간호학과","https://kupis.kku.ac.kr/wsugang/core?attribute=timeMain","Thu Oct 01 2026 21:11:17 GMT+0900 (한국 표준시)"
"2026","2","간호학과","106721","전공","전공필수","전필","모성간호학실습","BVCA65378","7700","01","3","2","6","이효진","월0900-1100(생명과학관 부속동 403), 목1900-2300(생명과학관 부속동 403)","","간호","정상","","","","간호학과","https://kupis.kku.ac.kr/wsugang/core?attribute=timeMain","Thu Oct 01 2026 21:11:17 GMT+0900 (한국 표준시)"
"2026","2","간호학과","106721","전공","전공필수","전필","모성간호학실습","BVCA65378","7701","02","3","2","6","이효진","화1800-2100(생명과학관 부속동 403), 금2000-2300(생명과학관 부속동 403)","","간호","정상","","","","간호학과","https://kupis.kku.ac.kr/wsugang/core?attribute=timeMain","Thu Oct 01 2026 21:11:17 GMT+0900 (한국 표준시)"
"2026","2","간호학과","106721","전공","전공필수","전필","모성간호학실습","BVCA65378","7702","03","3","2","6","이유경","월0900-1100(생명과학관 부속동 406), 목1900-2300(생명과학관 부속동 406)","","간호","정상","","","","간호학과","https://kupis.kku.ac.kr/wsugang/core?attribute=timeMain","Thu Oct 01 2026 21:11:17 GMT+0900 (한국 표준시)"
"2026","2","간호학과","106721","전공","전공필수","전필","병태생리학1","BVHG52729","7839","01","1","2","2","박명숙","목1000-1200(생명과학관 504)","","간호","정상","","","","간호학과","https://kupis.kku.ac.kr/wsugang/core?attribute=timeMain","Thu Oct 01 2026 21:11:17 GMT+0900 (한국 표준시)"
"2026","2","간호학과","106721","전공","전공필수","전필","병태생리학1","BVHG52729","7840","02","1","2","2","박명숙","목1400-1600(생명과학관 301)","","간호","정상","","","","간호학과","https://kupis.kku.ac.kr/wsugang/core?attribute=timeMain","Thu Oct 01 2026 21:11:17 GMT+0900 (한국 표준시)"
"2026","2","간호학과","106721","전공","전공필수","전필","보건의료관계법규","BVHG15981","7818","01","4","2","2","박봄미","수1100-1300(생명과학관 101)","","간호","정상","","","","간호학과","https://kupis.kku.ac.kr/wsugang/core?attribute=timeMain","Thu Oct 01 2026 21:11:17 GMT+0900 (한국 표준시)"
"2026","2","간호학과","106721","전공","전공필수","전필","보건의료관계법규","BVHG15981","7819","02","4","2","2","박봄미","수1400-1600(생명과학관 101)","","간호","정상","","","","간호학과","https://kupis.kku.ac.kr/wsugang/core?attribute=timeMain","Thu Oct 01 2026 21:11:17 GMT+0900 (한국 표준시)"
"2026","2","간호학과","106721","전공","전공필수","전필","선택실습2","BVCA65382","7706","01","4","2","6","전미영","월1600-2000(생명과학관 부속동 404-1), 화1800-2000(생명과학관 부속동 404-1)","","간호","정상","","","","간호학과","https://kupis.kku.ac.kr/wsugang/core?attribute=timeMain","Thu Oct 01 2026 21:11:17 GMT+0900 (한국 표준시)"
"2026","2","간호학과","106721","전공","전공필수","전필","선택실습2","BVCA65382","7707","02","4","2","6","전미영","화2000-2200(생명과학관 부속동 404-1), 목1800-2200(생명과학관 부속동 404-1)","","간호","정상","","","","간호학과","https://kupis.kku.ac.kr/wsugang/core?attribute=timeMain","Thu Oct 01 2026 21:11:17 GMT+0900 (한국 표준시)"
"2026","2","간호학과","106721","전공","전공필수","전필","선택실습2","BVCA65382","7708","03","4","2","6","배주연","월1600-2000(생명과학관 부속동 508), 화1800-2000(생명과학관 부속동 508)","","간호","정상","","","","간호학과","https://kupis.kku.ac.kr/wsugang/core?attribute=timeMain","Thu Oct 01 2026 21:11:17 GMT+0900 (한국 표준시)"
"2026","2","간호학과","106721","전공","전공필수","전필","선택실습2","BVCA65382","7709","04","4","2","6","배주연","화2000-2200(생명과학관 부속동 508), 목1800-2200(생명과학관 부속동 508)","","간호","정상","","","","간호학과","https://kupis.kku.ac.kr/wsugang/core?attribute=timeMain","Thu Oct 01 2026 21:11:17 GMT+0900 (한국 표준시)"
"2026","2","간호학과","106721","전공","전공필수","전필","성인간호학1","BVHG15984","7820","01","2","2","2","최진이","수1100-1300(생명과학관 301)","","간호","정상","","","","간호학과","https://kupis.kku.ac.kr/wsugang/core?attribute=timeMain","Thu Oct 01 2026 21:11:17 GMT+0900 (한국 표준시)"
"2026","2","간호학과","106721","전공","전공필수","전필","성인간호학1","BVHG15984","7821","02","2","2","2","최진이","화1600-1800(생명과학관 301)","","간호","정상","","","","간호학과","https://kupis.kku.ac.kr/wsugang/core?attribute=timeMain","Thu Oct 01 2026 21:11:17 GMT+0900 (한국 표준시)"
"2026","2","간호학과","106721","전공","전공필수","전필","성인간호학4","BVHG15987","7822","01","3","2","2","최진이","화1100-1300(생명과학관 502)","","간호","정상","","","","간호학과","https://kupis.kku.ac.kr/wsugang/core?attribute=timeMain","Thu Oct 01 2026 21:11:17 GMT+0900 (한국 표준시)"
"2026","2","간호학과","106721","전공","전공필수","전필","성인간호학4","BVHG15987","7823","02","3","2","2","최진이","수0900-1100(생명과학관 502)","","간호","정상","","","","간호학과","https://kupis.kku.ac.kr/wsugang/core?attribute=timeMain","Thu Oct 01 2026 21:11:17 GMT+0900 (한국 표준시)"
"2026","2","간호학과","106721","전공","전공필수","전필","성인간호학실습3","BVHG15991","7824","01","3","2","6","최진이","월1900-2100(생명과학관 부속동 403), 금0900-1300(생명과학관 부속동 403)","","간호","정상","","","","간호학과","https://kupis.kku.ac.kr/wsugang/core?attribute=timeMain","Thu Oct 01 2026 21:11:17 GMT+0900 (한국 표준시)"
"2026","2","간호학과","106721","전공","전공필수","전필","성인간호학실습3","BVHG15991","7825","02","3","2","6","옥종선","금1400-2000(생명과학관 부속동 403)","","간호","정상","","","","간호학과","https://kupis.kku.ac.kr/wsugang/core?attribute=timeMain","Thu Oct 01 2026 21:11:17 GMT+0900 (한국 표준시)"
"2026","2","간호학과","106721","전공","전공필수","전필","성인간호학실습3","BVHG15991","7826","03","3","2","6","옥종선","월1900-2100(생명과학관 부속동 406), 금0900-1300(생명과학관 부속동 406)","","간호","정상","","","","간호학과","https://kupis.kku.ac.kr/wsugang/core?attribute=timeMain","Thu Oct 01 2026 21:11:17 GMT+0900 (한국 표준시)"
"2026","2","간호학과","106721","전공","전공필수","전필","성인간호학실습4","BVHG15992","7827","01","4","2","6","노은영","월1300-1400(생명과학관 부속동 404-1), 수1800-2300(생명과학관 부속동 404-1)","","간호","정상","","","","간호학과","https://kupis.kku.ac.kr/wsugang/core?attribute=timeMain","Thu Oct 01 2026 21:11:17 GMT+0900 (한국 표준시)"
"2026","2","간호학과","106721","전공","전공필수","전필","성인간호학실습4","BVHG15992","7828","02","4","2","6","노은영","월2000-2300(생명과학관 부속동 404-1), 금2000-2300(생명과학관 부속동 404-1)","","간호","정상","","","","간호학과","https://kupis.kku.ac.kr/wsugang/core?attribute=timeMain","Thu Oct 01 2026 21:11:17 GMT+0900 (한국 표준시)"
"2026","2","간호학과","106721","전공","전공필수","전필","성인간호학실습4","BVHG15992","7829","03","4","2","6","노은영","화2200-2300(생명과학관 부속동 404-1), 금1300-1400(생명과학관 부속동 404-1), 금1600-2000(생명과학관 부속동 404-1)","","간호","정상","","","","간호학과","https://kupis.kku.ac.kr/wsugang/core?attribute=timeMain","Thu Oct 01 2026 21:11:17 GMT+0900 (한국 표준시)"
"2026","2","간호학과","106721","전공","전공필수","전필","성인간호학실습6","BVHG46793","8307","01","4","1","3","노은영","화1300-1600(생명과학관 부속동 404-1)","","간호, 간호학과","정상","","","","간호학과","https://kupis.kku.ac.kr/wsugang/core?attribute=timeMain","Thu Oct 01 2026 21:11:17 GMT+0900 (한국 표준시)"
"2026","2","간호학과","106721","전공","전공필수","전필","시뮬레이션및술기실습","BVHG63484","7844","01","4","1","2","강재진","월1400-1600(생명과학관 101)","","간호","정상","","","","간호학과","https://kupis.kku.ac.kr/wsugang/core?attribute=timeMain","Thu Oct 01 2026 21:11:17 GMT+0900 (한국 표준시)"
"2026","2","간호학과","106721","전공","전공필수","전필","시뮬레이션및술기실습","BVHG63484","7845","02","4","1","2","강재진","금1100-1300(생명과학관 504)","","간호","정상","","","","간호학과","https://kupis.kku.ac.kr/wsugang/core?attribute=timeMain","Thu Oct 01 2026 21:11:17 GMT+0900 (한국 표준시)"
"2026","2","간호학과","106721","전공","전공필수","전필","시뮬레이션및술기실습","BVHG63484","7846","03","4","1","2","김소연","월0900-1100(생명과학관 504)","","간호","정상","","","","간호학과","https://kupis.kku.ac.kr/wsugang/core?attribute=timeMain","Thu Oct 01 2026 21:11:17 GMT+0900 (한국 표준시)"
"2026","2","간호학과","106721","전공","전공필수","전필","시뮬레이션및술기실습","BVHG63484","7847","04","4","1","2","김소연","금0900-1100(생명과학관 504)","","간호","정상","","","","간호학과","https://kupis.kku.ac.kr/wsugang/core?attribute=timeMain","Thu Oct 01 2026 21:11:17 GMT+0900 (한국 표준시)"
"2026","2","간호학과","106721","전공","전공필수","전필","시뮬레이션및술기실습","BVHG63484","7848","05","4","1","2","유형주","월1100-1300(생명과학관 504)","","간호","정상","","","","간호학과","https://kupis.kku.ac.kr/wsugang/core?attribute=timeMain","Thu Oct 01 2026 21:11:17 GMT+0900 (한국 표준시)"
"2026","2","간호학과","106721","전공","전공필수","전필","시뮬레이션및술기실습","BVHG63484","7849","06","4","1","2","이효진","금1400-1600(생명과학관 504)","","간호","정상","","","","간호학과","https://kupis.kku.ac.kr/wsugang/core?attribute=timeMain","Thu Oct 01 2026 21:11:17 GMT+0900 (한국 표준시)"
"2026","2","간호학과","106721","전공","전공필수","전필","아동간호학2","BVHG15994","7830","01","3","2","2","지은선","월1100-1300(생명과학관 301)","","간호","정상","","","","간호학과","https://kupis.kku.ac.kr/wsugang/core?attribute=timeMain","Thu Oct 01 2026 21:11:17 GMT+0900 (한국 표준시)"
"2026","2","간호학과","106721","전공","전공필수","전필","아동간호학2","BVHG15994","7831","02","3","2","2","지은선","수1100-1300(생명과학관 502)","","간호","정상","","","","간호학과","https://kupis.kku.ac.kr/wsugang/core?attribute=timeMain","Thu Oct 01 2026 21:11:17 GMT+0900 (한국 표준시)"
"2026","2","간호학과","106721","전공","전공필수","전필","아동간호학실습","BVCA65380","7703","01","3","2","6","지은선","월1300-1900(생명과학관 부속동 403)","","간호","정상","","","","간호학과","https://kupis.kku.ac.kr/wsugang/core?attribute=timeMain","Thu Oct 01 2026 21:11:17 GMT+0900 (한국 표준시)"
"2026","2","간호학과","106721","전공","전공필수","전필","아동간호학실습","BVCA65380","7704","02","3","2","6","지은선","화1300-1400(생명과학관 부속동 403), 목1400-1900(생명과학관 부속동 403)","","간호","정상","","","","간호학과","https://kupis.kku.ac.kr/wsugang/core?attribute=timeMain","Thu Oct 01 2026 21:11:17 GMT+0900 (한국 표준시)"
"2026","2","간호학과","106721","전공","전공필수","전필","아동간호학실습","BVCA65380","7705","03","3","2","6","김민경","수1800-2300(생명과학관 부속동 403), 금1300-1400(생명과학관 부속동 403)","","간호","정상","","","","간호학과","https://kupis.kku.ac.kr/wsugang/core?attribute=timeMain","Thu Oct 01 2026 21:11:17 GMT+0900 (한국 표준시)"
"2026","2","간호학과","106721","전공","전공필수","전필","약리학","BVHG16062","7836","01","2","2","2","김소연","수1600-1800(생명과학관 301)","","간호","정상","","","","간호학과","https://kupis.kku.ac.kr/wsugang/core?attribute=timeMain","Thu Oct 01 2026 21:11:17 GMT+0900 (한국 표준시)"
"2026","2","간호학과","106721","전공","전공필수","전필","약리학","BVHG16062","7837","02","2","2","2","김소연","화1400-1600(생명과학관 301)","","간호","정상","","","","간호학과","https://kupis.kku.ac.kr/wsugang/core?attribute=timeMain","Thu Oct 01 2026 21:11:17 GMT+0900 (한국 표준시)"
"2026","2","간호학과","106721","전공","전공필수","전필","응급및재난간호","BVCA65383","7710","01","4","2","2","박봄미","화1400-1600(생명과학관 101)","","간호","정상","","","","간호학과","https://kupis.kku.ac.kr/wsugang/core?attribute=timeMain","Thu Oct 01 2026 21:11:17 GMT+0900 (한국 표준시)"
"2026","2","간호학과","106721","전공","전공필수","전필","응급및재난간호","BVCA65383","7711","02","4","2","2","박봄미","화1600-1800(생명과학관 101)","","간호","정상","","","","간호학과","https://kupis.kku.ac.kr/wsugang/core?attribute=timeMain","Thu Oct 01 2026 21:11:17 GMT+0900 (한국 표준시)"
"2026","2","간호학과","106721","전공","전공필수","전필","응급및재난간호","BVCA65383","7712","03","4","2","2","노은영","목1400-1600(생명과학관 101)","","간호","정상","","","","간호학과","https://kupis.kku.ac.kr/wsugang/core?attribute=timeMain","Thu Oct 01 2026 21:11:17 GMT+0900 (한국 표준시)"
"2026","2","간호학과","106721","전공","전공필수","전필","응급및재난간호","BVCA65383","7713","04","4","2","2","노은영","목1100-1300(생명과학관 101)","","간호","정상","","","","간호학과","https://kupis.kku.ac.kr/wsugang/core?attribute=timeMain","Thu Oct 01 2026 21:11:17 GMT+0900 (한국 표준시)"
"2026","2","간호학과","106721","전공","전공필수","전필","의사소통론","BVHG15902","7802","01","1","2","2","신현선","화0900-1100(생명과학관 504)","","간호","정상","","","","간호학과","https://kupis.kku.ac.kr/wsugang/core?attribute=timeMain","Thu Oct 01 2026 21:11:17 GMT+0900 (한국 표준시)"
"2026","2","간호학과","106721","전공","전공필수","전필","의사소통론","BVHG15902","7803","02","1","2","2","신현선","화1100-1300(생명과학관 504)","","간호","정상","","","","간호학과","https://kupis.kku.ac.kr/wsugang/core?attribute=timeMain","Thu Oct 01 2026 21:11:17 GMT+0900 (한국 표준시)"
"2026","2","간호학과","106721","전공","전공필수","전필","자기계발과리더십","BVCA65404","7714","01","1","2","2","선은경","수1600-1800(생명과학관 504)","","간호","정상","","","","간호학과","https://kupis.kku.ac.kr/wsugang/core?attribute=timeMain","Thu Oct 01 2026 21:11:17 GMT+0900 (한국 표준시)"
"2026","2","간호학과","106721","전공","전공필수","전필","자기계발과리더십","BVCA65404","7715","02","1","2","2","선은경","수1400-1600(생명과학관 504)","","간호","정상","","","","간호학과","https://kupis.kku.ac.kr/wsugang/core?attribute=timeMain","Thu Oct 01 2026 21:11:17 GMT+0900 (한국 표준시)"
"2026","2","간호학과","106721","전공","전공필수","전필","정신간호학1","BVHG15999","7832","01","2","2","2","배주연","수1400-1600(생명과학관 301)","","간호","정상","","","","간호학과","https://kupis.kku.ac.kr/wsugang/core?attribute=timeMain","Thu Oct 01 2026 21:11:17 GMT+0900 (한국 표준시)"
"2026","2","간호학과","106721","전공","전공필수","전필","정신간호학1","BVHG15999","7833","02","2","2","2","배주연","화1100-1300(생명과학관 301)","","간호","정상","","","","간호학과","https://kupis.kku.ac.kr/wsugang/core?attribute=timeMain","Thu Oct 01 2026 21:11:17 GMT+0900 (한국 표준시)"
"2026","2","간호학과","106721","전공","전공필수","전필","지역사회간호학1","BVHG16004","7834","01","3","2","2","전미영","화1400-1600(생명과학관 504)","","간호","정상","","","","간호학과","https://kupis.kku.ac.kr/wsugang/core?attribute=timeMain","Thu Oct 01 2026 21:11:17 GMT+0900 (한국 표준시)"
"2026","2","간호학과","106721","전공","전공필수","전필","지역사회간호학1","BVHG16004","7835","02","3","2","2","전미영","수1400-1600(생명과학관 502)","","간호","정상","","","","간호학과","https://kupis.kku.ac.kr/wsugang/core?attribute=timeMain","Thu Oct 01 2026 21:11:17 GMT+0900 (한국 표준시)"
"2026","2","경영학과","127547","전공","전공선택","전선","가족기업경영론","BRIR13221","7503","01","4","3","3","남영호","화1330-1630(글로컬이음관 501)","","경영학전공, 경영학전공, 경영학과","정상","","","","경영학과","https://kupis.kku.ac.kr/wsugang/core?attribute=timeMain","Thu Oct 01 2026 21:11:17 GMT+0900 (한국 표준시)"
"2026","2","경영학과","127547","전공","전공선택","전선","가족기업경영론","BRIR13221","7504","02","4","3","3","송덕근","목1030-1330(KU-Station 103)","","경영학전공, 경영학전공, 경영학과","정상","","","","경영학과","https://kupis.kku.ac.kr/wsugang/core?attribute=timeMain","Thu Oct 01 2026 21:11:17 GMT+0900 (한국 표준시)"
"2026","2","경영학과","127547","전공","전공선택","전선","경영과학","BRIR34016","7522","01","2","3","3","오광기","화1030-1330(인문사회관 113-1)","","경영학전공, 경영학전공, 경영학과","정상","","","","경영학과","https://kupis.kku.ac.kr/wsugang/core?attribute=timeMain","Thu Oct 01 2026 21:11:17 GMT+0900 (한국 표준시)"
"2026","2","경영학과","127547","전공","전공선택","전선","경영과학","BRIR34016","7523","02","2","3","3","오광기","화1330-1630(인문사회관 208)","","경영학전공, 경영학전공, 경영학과","정상","","","","경영학과","https://kupis.kku.ac.kr/wsugang/core?attribute=timeMain","Thu Oct 01 2026 21:11:17 GMT+0900 (한국 표준시)"
"2026","2","경영학과","127547","전공","전공선택","전선","고객관계관리","BRIR26343","7521","01","4","3","3","조영빈","화1500-1630(KU-Station 101), 수1500-1630(KU-Station 101)","","경영학전공, 경영학전공, 경영학과","정상","","","","경영학과","https://kupis.kku.ac.kr/wsugang/core?attribute=timeMain","Thu Oct 01 2026 21:11:17 GMT+0900 (한국 표준시)"
"2026","2","경영학과","127547","전공","전공선택","전선","관리회계","BRIR13244","7507","01","2","3","3","임광택","월1030-1330(KU-Station 103)","","경영학전공, 경영학전공, 경영학과","정상","","","","경영학과","https://kupis.kku.ac.kr/wsugang/core?attribute=timeMain","Thu Oct 01 2026 21:11:17 GMT+0900 (한국 표준시)"
"2026","2","경영학과","127547","전공","전공선택","전선","관리회계","BRIR13244","7508","02","2","3","3","이장희","금0900-1200(실시간온라인)","","경영학전공, 경영학전공, 경영학과","정상","","","","경영학과","https://kupis.kku.ac.kr/wsugang/core?attribute=timeMain","Thu Oct 01 2026 21:11:17 GMT+0900 (한국 표준시)"
"2026","2","경영학과","127547","전공","전공선택","전선","금융시장및위험관리","BRIR56005","7527","01","4","3","3","김명애","목1400-1500(인문사회관 306)(b-러닝), 금1000-1200(실시간온라인)(b-러닝)","","경영학전공, 경영학전공, 경영학과","정상","","","","경영학과","https://kupis.kku.ac.kr/wsugang/core?attribute=timeMain","Thu Oct 01 2026 21:11:17 GMT+0900 (한국 표준시)"
"2026","2","경영학과","127547","전공","전공선택","전선","기업가정신과리더십","BRIR56006","7528","01","2","3","3","채주석","화0900-1200(KU-Station 103)","","경영학전공, 경영학전공, 경영학과","정상","","","","경영학과","https://kupis.kku.ac.kr/wsugang/core?attribute=timeMain","Thu Oct 01 2026 21:11:17 GMT+0900 (한국 표준시)"
"2026","2","경영학과","127547","전공","전공선택","전선","기업가정신과리더십","BRIR56006","7529","02","2","3","3","김문준","수0900-1200(KU-Station 101)","","경영학전공, 경영학전공, 경영학과","정상","","","","경영학과","https://kupis.kku.ac.kr/wsugang/core?attribute=timeMain","Thu Oct 01 2026 21:11:17 GMT+0900 (한국 표준시)"
"2026","2","경영학과","127547","전공","전공선택","전선","기업분석캡스톤디자인","BRIR57564","7532","01","4","3","3","김명애","화1630-1800(인문사회관 208), 목1630-1800(인문사회관 208)","","경영학전공, 경영학전공, 경영학과","정상","","","","경영학과","https://kupis.kku.ac.kr/wsugang/core?attribute=timeMain","Thu Oct 01 2026 21:11:17 GMT+0900 (한국 표준시)"
"2026","2","경영학과","127547","전공","전공선택","전선","노사관계론","BRIR13254","7509","01","4","3","3","채주석","화1200-1500(KU-Station 103)","","경영학전공, 경영학전공, 경영학과","정상","","","","경영학과","https://kupis.kku.ac.kr/wsugang/core?attribute=timeMain","Thu Oct 01 2026 21:11:17 GMT+0900 (한국 표준시)"
"2026","2","경영학과","127547","전공","전공선택","전선","노사관계론","BRIR13254","7510","02","4","3","3","김문준","수1200-1500(KU-Station 101)","","경영학전공, 경영학전공, 경영학과","정상","","","","경영학과","https://kupis.kku.ac.kr/wsugang/core?attribute=timeMain","Thu Oct 01 2026 21:11:17 GMT+0900 (한국 표준시)"
"2026","2","경영학과","127547","전공","전공선택","전선","데이터사이언스","BRIR56003","7526","01","2","3","3","김용영","월1030-1200(인문사회관 202), 화0900-1030(국제교육관 301-B)","","경영학전공, 경영학전공, 경영학과","정상","","","","경영학과","https://kupis.kku.ac.kr/wsugang/core?attribute=timeMain","Thu Oct 01 2026 21:11:17 GMT+0900 (한국 표준시)"
"2026","2","경영학과","127547","전공","전공선택","전선","마케팅리서치","BRIR65400","7534","01","3","3","3","정윤희","금1030-1330(실시간온라인)","","경영학전공, 경영학전공, 경영학과","정상","","","","경영학과","https://kupis.kku.ac.kr/wsugang/core?attribute=timeMain","Thu Oct 01 2026 21:11:17 GMT+0900 (한국 표준시)"
"2026","2","경영학과","127547","전공","전공선택","전선","소비자행동론","BRIR13280","7513","01","2","3","3","김해룡","월1500-1630(KU-Station 103), 화1500-1630(KU-Station 103)","","경영학전공, 경영학전공, 경영학과","정상","","","","경영학과","https://kupis.kku.ac.kr/wsugang/core?attribute=timeMain","Thu Oct 01 2026 21:11:17 GMT+0900 (한국 표준시)"
"2026","2","경영학과","127547","전공","전공선택","전선","소비자행동론","BRIR13280","7514","02","2","3","3","김해룡","화1630-1800(KU-Station 103), 수1030-1200(KU-Station 103)","","경영학전공, 경영학전공, 경영학과","정상","","","","경영학과","https://kupis.kku.ac.kr/wsugang/core?attribute=timeMain","Thu Oct 01 2026 21:11:17 GMT+0900 (한국 표준시)"
"2026","2","경영학과","127547","전공","전공선택","전선","제조데이터분석및활용","BRIR65366","7533","01","3","3","3","김수영","월1330-1500(국제교육관 301-B), 화1330-1500(국제교육관 301-B)","","경영학전공, 경영학전공, 경영학과","정상","","","","경영학과","https://kupis.kku.ac.kr/wsugang/core?attribute=timeMain","Thu Oct 01 2026 21:11:17 GMT+0900 (한국 표준시)"
"2026","2","경영학과","127547","전공","전공선택","전선","K-Project","BRIR62441","K001","01","1","1","1.5","정윤희","수1500-1800(인문사회관 208)","8주(1-8주)","경영학전공, 경영학전공, 경영학과","정상","","","","경영학과","https://kupis.kku.ac.kr/wsugang/core?attribute=timeMain","Thu Oct 01 2026 21:11:17 GMT+0900 (한국 표준시)"
"2026","2","경영학과","127547","전공","전공선택","전선","Nano-LAB기초2(경영)","BRIR67577","N001","01","2","1","1","김명애","수1600-1800(인문사회관 113-2)","8주(1-8주)","경영학전공, 경영학전공, 경영학과","정상","","","","경영학과","https://kupis.kku.ac.kr/wsugang/core?attribute=timeMain","Thu Oct 01 2026 21:11:17 GMT+0900 (한국 표준시)"
"2026","2","경영학과","127547","전공","전공선택","전선","Nano-LAB심화2(경영)","BRIR67633","N046","01","3","1","1","정윤희","수1030-1230(인문사회관 208)","8주(1-8주)","경영학전공, 경영학전공, 경영학과","정상","","","","경영학과","https://kupis.kku.ac.kr/wsugang/core?attribute=timeMain","Thu Oct 01 2026 21:11:17 GMT+0900 (한국 표준시)"
"2026","2","경영학과","127547","전공","전공필수","전필","경영정보시스템","BRIR13231","7505","01","2","3","3","김용영","월0900-1030(인문사회관 113-2), 수0900-1030(인문사회관 113-2)","","경영학전공, 경영학전공, 경영학과, KU자유전공학부","정상","","","","경영학과","https://kupis.kku.ac.kr/wsugang/core?attribute=timeMain","Thu Oct 01 2026 21:11:17 GMT+0900 (한국 표준시)"
"2026","2","경영학과","127547","전공","전공필수","전필","경영정보시스템","BRIR13231","7506","02","2","3","3","김용영","금0900-1200(실시간온라인)","","경영학전공, 경영학전공, 경영학과, KU자유전공학부","정상","","","","경영학과","https://kupis.kku.ac.kr/wsugang/core?attribute=timeMain","Thu Oct 01 2026 21:11:17 GMT+0900 (한국 표준시)"
"2026","2","경영학과","127547","전공","전공필수","전필","경영학원론","BRIR10884","7498","01","1","3","3","정윤희","월1630-1800(인문사회관 306), 화1330-1500(인문사회관 308)","","경영학전공, 경영학전공, 경영학과, KU자유전공학부","정상","","","","경영학과","https://kupis.kku.ac.kr/wsugang/core?attribute=timeMain","Thu Oct 01 2026 21:11:17 GMT+0900 (한국 표준시)"
"2026","2","경영학과","127547","전공","전공필수","전필","경영학원론","BRIR10884","7499","02","1","3","3","윤영호","월1200-1500(인문사회관 113-2)","","경영학전공, 경영학전공, 경영학과, KU자유전공학부","정상","","","","경영학과","https://kupis.kku.ac.kr/wsugang/core?attribute=timeMain","Thu Oct 01 2026 21:11:17 GMT+0900 (한국 표준시)"
"2026","2","경영학과","127547","전공","전공필수","전필","기업가정신과창업","BRIR57563","7530","01","2","3","3","송덕근","화1030-1330(인문사회관 113-2)","","경영학전공, 경영학전공, 경영학과","정상","","","","경영학과","https://kupis.kku.ac.kr/wsugang/core?attribute=timeMain","Thu Oct 01 2026 21:11:17 GMT+0900 (한국 표준시)"
"2026","2","경영학과","127547","전공","전공필수","전필","기업가정신과창업","BRIR57563","7531","02","2","3","3","윤영호","월0900-1200(인문사회관 208)","","경영학전공, 경영학전공, 경영학과","정상","","","","경영학과","https://kupis.kku.ac.kr/wsugang/core?attribute=timeMain","Thu Oct 01 2026 21:11:17 GMT+0900 (한국 표준시)"
"2026","2","경영학과","127547","전공","전공필수","전필","마케팅","BRIR09271","7496","01","2","3","3","김해룡","월1630-1800(KU-Station 103), 수1200-1330(KU-Station 103)","","경영학전공, 경영학전공, 경영학과, KU자유전공학부","정상","","","","경영학과","https://kupis.kku.ac.kr/wsugang/core?attribute=timeMain","Thu Oct 01 2026 21:11:17 GMT+0900 (한국 표준시)"
"2026","2","경영학과","127547","전공","전공필수","전필","마케팅","BRIR09271","7497","02","2","3","3","정윤희","월1500-1630(인문사회관 306), 화1200-1330(인문사회관 306)","","경영학전공, 경영학전공, 경영학과, KU자유전공학부","정상","","","","경영학과","https://kupis.kku.ac.kr/wsugang/core?attribute=timeMain","Thu Oct 01 2026 21:11:17 GMT+0900 (한국 표준시)"
"2026","2","경영학과","127547","전공","전공필수","전필","생산운영관리","BRIR39188","7524","01","2","3","3","황병조","화0900-1200(인문사회관 306)","","경영학전공, 경영학전공, 경영학과, KU자유전공학부","정상","","","","경영학과","https://kupis.kku.ac.kr/wsugang/core?attribute=timeMain","Thu Oct 01 2026 21:11:17 GMT+0900 (한국 표준시)"
"2026","2","경영학과","127547","전공","전공필수","전필","생산운영관리","BRIR39188","7525","02","2","3","3","황병조","화1200-1500(인문사회관 101)","","경영학전공, 경영학전공, 경영학과, KU자유전공학부","정상","","","","경영학과","https://kupis.kku.ac.kr/wsugang/core?attribute=timeMain","Thu Oct 01 2026 21:11:17 GMT+0900 (한국 표준시)"
"2026","2","경영학과","127547","전공","전공필수","전필","인적자원관리","BRIR13286","7515","01","2","3","3","최병우","월1330-1500(인문사회관 306), 화1330-1500(인문사회관 306)","","경영학전공, 경영학전공, 경영학과, KU자유전공학부","정상","","","","경영학과","https://kupis.kku.ac.kr/wsugang/core?attribute=timeMain","Thu Oct 01 2026 21:11:17 GMT+0900 (한국 표준시)"
"2026","2","경영학과","127547","전공","전공필수","전필","인적자원관리","BRIR13286","7516","02","2","3","3","최병우","금1330-1630(실시간온라인)","","경영학전공, 경영학전공, 경영학과, KU자유전공학부","정상","","","","경영학과","https://kupis.kku.ac.kr/wsugang/core?attribute=timeMain","Thu Oct 01 2026 21:11:17 GMT+0900 (한국 표준시)"
"2026","2","경영학과","127547","전공","전공필수","전필","재무관리","BRIR13288","7517","01","2","3","3","하현호","월1200-1500(인문사회관 208)","","경영학전공, 경영학전공, 경영학과, KU자유전공학부","정상","","","","경영학과","https://kupis.kku.ac.kr/wsugang/core?attribute=timeMain","Thu Oct 01 2026 21:11:17 GMT+0900 (한국 표준시)"
"2026","2","경영학과","127547","전공","전공필수","전필","재무관리","BRIR13288","7518","02","2","3","3","하현호","월1500-1800(인문사회관 208)","","경영학전공, 경영학전공, 경영학과, KU자유전공학부","정상","","","","경영학과","https://kupis.kku.ac.kr/wsugang/core?attribute=timeMain","Thu Oct 01 2026 21:11:17 GMT+0900 (한국 표준시)"
"2026","2","경영학과","127547","전공","전공필수","전필","통계학의이해","BRIR11348","7500","01","1","3","3","","","","경영학전공, 경영학전공, 경영학과","폐강","","","","경영학과","https://kupis.kku.ac.kr/wsugang/core?attribute=timeMain","Thu Oct 01 2026 21:11:17 GMT+0900 (한국 표준시)"
"2026","2","경영학과","127547","전공","전공필수","전필","통계학의이해","BRIR11348","7501","02","1","3","3","도해영","수1030-1330(인문사회관 306)","","경영학전공, 경영학전공, 경영학과","정상","","","","경영학과","https://kupis.kku.ac.kr/wsugang/core?attribute=timeMain","Thu Oct 01 2026 21:11:17 GMT+0900 (한국 표준시)"
"2026","2","경영학과","127547","전공","전공필수","전필","통계학의이해","BRIR11348","7502","03","1","3","3","도해영","수1330-1630(인문사회관 306)","","경영학전공, 경영학전공, 경영학과","정상","","","","경영학과","https://kupis.kku.ac.kr/wsugang/core?attribute=timeMain","Thu Oct 01 2026 21:11:17 GMT+0900 (한국 표준시)"
"2026","2","경영학과","127547","전공","전공필수","전필","회계원리","BRIR13306","7519","01","2","3","3","이장희","월1330-1500(KU-Station 103), 수1330-1500(KU-Station 103)","","경영학전공, 경영학전공, 경영학과, KU자유전공학부","정상","","","","경영학과","https://kupis.kku.ac.kr/wsugang/core?attribute=timeMain","Thu Oct 01 2026 21:11:17 GMT+0900 (한국 표준시)"
"2026","2","경영학과","127547","전공","전공필수","전필","회계원리","BRIR13306","7520","02","2","3","3","이장희","월1500-1630(KU-Station 101), 수1500-1630(KU-Station 103)","","경영학전공, 경영학전공, 경영학과, KU자유전공학부","정상","","","","경영학과","https://kupis.kku.ac.kr/wsugang/core?attribute=timeMain","Thu Oct 01 2026 21:11:17 GMT+0900 (한국 표준시)"
"2026","2","경제통상학과","127548","전공","전공선택","전선","거시경제학","BRIS13313","7540","01","2","3","3","서대교","화1330-1500(인문사회관 205), 수1030-1200(인문사회관 205)","","경제학전공, 국제통상학전공, 관세물류전공, 경제통상학전공, 경제통상학과","정상","","","","경제통상학과","https://kupis.kku.ac.kr/wsugang/core?attribute=timeMain","Thu Oct 01 2026 21:11:17 GMT+0900 (한국 표준시)"
"2026","2","경제통상학과","127548","전공","전공선택","전선","관세평가","BRIS52245","7552","01","2","3","3","이기웅","월1030-1200(인문사회관 205), 화1030-1200(인문사회관 205)","","경제학전공, 국제통상학전공, 관세물류전공, 경제통상학전공, 경제통상학과","정상","","","","경제통상학과","https://kupis.kku.ac.kr/wsugang/core?attribute=timeMain","Thu Oct 01 2026 21:11:17 GMT+0900 (한국 표준시)"
"2026","2","경제통상학과","127548","전공","전공선택","전선","국제금융론","BRIS47539","7549","01","4","3","3","서대교","월1500-1630(인문사회관 205), 화1500-1630(인문사회관 205)","","경제학전공, 국제통상학전공, 관세물류전공, 경제통상학전공, 경제통상학과","정상","","","","경제통상학과","https://kupis.kku.ac.kr/wsugang/core?attribute=timeMain","Thu Oct 01 2026 21:11:17 GMT+0900 (한국 표준시)"
"2026","2","경제통상학과","127548","전공","전공선택","전선","국제대금결제론","BRIS50436","7550","01","3","3","3","송영현","목1200-1500(인문사회관 205)","","경제학전공, 국제통상학전공, 관세물류전공, 경제통상학전공, 경제통상학과","정상","","","","경제통상학과","https://kupis.kku.ac.kr/wsugang/core?attribute=timeMain","Thu Oct 01 2026 21:11:17 GMT+0900 (한국 표준시)"
"2026","2","경제통상학과","127548","전공","전공선택","전선","국제마케팅론","BRIS34052","7544","01","3","3","3","김윤두","월1200-1330(자연과학관 504), 화1330-1500(자연과학관 504)","","경제학전공, 국제통상학전공, 관세물류전공, 경제통상학전공, 경제통상학과","정상","","","","경제통상학과","https://kupis.kku.ac.kr/wsugang/core?attribute=timeMain","Thu Oct 01 2026 21:11:17 GMT+0900 (한국 표준시)"
"2026","2","경제통상학과","127548","전공","전공선택","전선","국제무역론","BRIS39087","7547","01","2","3","3","서대교","월1630-1800(인문사회관 205), 화1630-1800(인문사회관 205)","","경제학전공, 국제통상학전공, 관세물류전공, 경제통상학전공, 경제통상학과","정상","","","","경제통상학과","https://kupis.kku.ac.kr/wsugang/core?attribute=timeMain","Thu Oct 01 2026 21:11:17 GMT+0900 (한국 표준시)"
"2026","2","경제통상학과","127548","전공","전공선택","전선","국제탄소시장의이해","BRIS65413","7556","01","4","3","3","양재성","화1800-1930(실시간온라인), 수1800-1930(실시간온라인)","","경제학전공, 국제통상학전공, 관세물류전공, 경제통상학전공, 경제통상학과","정상","","","","경제통상학과","https://kupis.kku.ac.kr/wsugang/core?attribute=timeMain","Thu Oct 01 2026 21:11:17 GMT+0900 (한국 표준시)"
"2026","2","경제통상학과","127548","전공","전공선택","전선","농식품유통론","BRIS66860","7557","01","3","3","3","채수호","월1030-1200(인문사회관 307), 화1030-1200(인문사회관 307)","","경제학전공, 국제통상학전공, 관세물류전공, 경제통상학전공, 경제통상학과","정상","","","","경제통상학과","https://kupis.kku.ac.kr/wsugang/core?attribute=timeMain","Thu Oct 01 2026 21:11:17 GMT+0900 (한국 표준시)"
"2026","2","경제통상학과","127548","전공","전공선택","전선","농업과먹거리사회학","BRIS67741","7559","01","4","3","3","최동근","목1200-1500(자연과학관 504)","","경제학전공, 국제통상학전공, 관세물류전공, 경제통상학전공, 경제통상학과","정상","","","","경제통상학과","https://kupis.kku.ac.kr/wsugang/core?attribute=timeMain","Thu Oct 01 2026 21:11:17 GMT+0900 (한국 표준시)"
"2026","2","경제통상학과","127548","전공","전공선택","전선","무역상품학","BRIS18751","7541","01","2","3","3","송영현","목0900-1200(인문사회관 205)","","경제학전공, 국제통상학전공, 관세물류전공, 경제통상학전공, 경제통상학과","정상","","","","경제통상학과","https://kupis.kku.ac.kr/wsugang/core?attribute=timeMain","Thu Oct 01 2026 21:11:17 GMT+0900 (한국 표준시)"
"2026","2","경제통상학과","127548","전공","전공선택","전선","무역업창업론","BRIS50452","7551","01","4","3","3","이기웅","금0900-1200(실시간온라인)","","경제학전공, 국제통상학전공, 관세물류전공, 경제통상학전공, 경제통상학과","정상","","","","경제통상학과","https://kupis.kku.ac.kr/wsugang/core?attribute=timeMain","Thu Oct 01 2026 21:11:17 GMT+0900 (한국 표준시)"
"2026","2","경제통상학과","127548","전공","전공선택","전선","무역영어","BRIS34088","7545","01","2","3","3","오가영","화1200-1330(인문사회관 307), 목1200-1330(인문사회관 307)","","경제학전공, 국제통상학전공, 관세물류전공, 경제통상학전공, 경제통상학과","정상","","","","경제통상학과","https://kupis.kku.ac.kr/wsugang/core?attribute=timeMain","Thu Oct 01 2026 21:11:17 GMT+0900 (한국 표준시)"
"2026","2","경제통상학과","127548","전공","전공선택","전선","무역영어","BRIS34088","7546","02","2","3","3","오가영","금1030-1330(실시간온라인)","","경제학전공, 국제통상학전공, 관세물류전공, 경제통상학전공, 경제통상학과","정상","","","","경제통상학과","https://kupis.kku.ac.kr/wsugang/core?attribute=timeMain","Thu Oct 01 2026 21:11:17 GMT+0900 (한국 표준시)"
"2026","2","경제통상학과","127548","전공","전공선택","전선","미시경제학","BRIS39127","7548","01","2","3","3","박해선","화1500-1630(인문사회관 307)(b-러닝), 금0900-1030(실시간온라인)(b-러닝)","","경제학전공, 국제통상학전공, 관세물류전공, 경제통상학전공, 경제통상학과","정상","","","","경제통상학과","https://kupis.kku.ac.kr/wsugang/core?attribute=timeMain","Thu Oct 01 2026 21:11:17 GMT+0900 (한국 표준시)"
"2026","2","경제통상학과","127548","전공","전공선택","전선","세계경제와무역의미래","BRIS67738","7558","01","1","3","3","오가영","화1330-1500(인문사회관 307), 목1330-1500(인문사회관 307)","","경제학전공, 국제통상학전공, 관세물류전공, 경제통상학전공, 경제통상학과, KU자유전공학부","정상","","","","경제통상학과","https://kupis.kku.ac.kr/wsugang/core?attribute=timeMain","Thu Oct 01 2026 21:11:17 GMT+0900 (한국 표준시)"
"2026","2","경제통상학과","127548","전공","전공선택","전선","외환론","BRIS26251","7542","01","3","3","3","임성수","월1630-1800(인문사회관 307), 화1630-1800(인문사회관 307)","","경제학전공, 국제통상학전공, 관세물류전공, 경제통상학전공, 경제통상학과","정상","","","","경제통상학과","https://kupis.kku.ac.kr/wsugang/core?attribute=timeMain","Thu Oct 01 2026 21:11:17 GMT+0900 (한국 표준시)"
"2026","2","경제통상학과","127548","전공","전공선택","전선","자본시장론","BRIS26415","7543","01","3","3","3","송재옥","목0900-1200(인문사회관 307)","","경제학전공, 국제통상학전공, 관세물류전공, 경제통상학전공, 경제통상학과","정상","","","","경제통상학과","https://kupis.kku.ac.kr/wsugang/core?attribute=timeMain","Thu Oct 01 2026 21:11:17 GMT+0900 (한국 표준시)"
"2026","2","경제통상학과","127548","전공","전공선택","전선","재정학","BRIS13206","7537","01","3","3","3","채수호","월0900-1030(인문사회관 307), 수1030-1200(인문사회관 307)","","경제학전공, 국제통상학전공, 관세물류전공, 경제통상학전공, 경제통상학과","정상","","","","경제통상학과","https://kupis.kku.ac.kr/wsugang/core?attribute=timeMain","Thu Oct 01 2026 21:11:17 GMT+0900 (한국 표준시)"
"2026","2","경제통상학과","127548","전공","전공선택","전선","통상분쟁사례연구","BRIS59745","7553","01","4","3","3","송영현","목1500-1800(인문사회관 205)","","경제학전공, 국제통상학전공, 관세물류전공, 경제통상학전공, 경제통상학과","정상","","","","경제통상학과","https://kupis.kku.ac.kr/wsugang/core?attribute=timeMain","Thu Oct 01 2026 21:11:17 GMT+0900 (한국 표준시)"
"2026","2","경제통상학과","127548","전공","전공선택","전선","한국경제론","BRIS13215","7538","01","4","3","3","윤병선","월1200-1500(인문사회관 307)","","경제학전공, 국제통상학전공, 관세물류전공, 경제통상학전공, 경제통상학과","정상","","","","경제통상학과","https://kupis.kku.ac.kr/wsugang/core?attribute=timeMain","Thu Oct 01 2026 21:11:17 GMT+0900 (한국 표준시)"
"2026","2","경제통상학과","127548","전공","전공선택","전선","환경경제학","BRIS13219","7539","01","3","3","3","임성수","월1330-1500(인문사회관 205), 화1200-1330(인문사회관 205)","","경제학전공, 국제통상학전공, 관세물류전공, 경제통상학전공, 경제통상학과","정상","","","","경제통상학과","https://kupis.kku.ac.kr/wsugang/core?attribute=timeMain","Thu Oct 01 2026 21:11:17 GMT+0900 (한국 표준시)"
"2026","2","경제통상학과","127548","전공","전공선택","전선","FTA와국제물류","BRIS63354","7554","01","3","3","3","김윤두","금0900-1200(실시간온라인)","","경제학전공, 국제통상학전공, 관세물류전공, 경제통상학전공, 경제통상학과","정상","","","","경제통상학과","https://kupis.kku.ac.kr/wsugang/core?attribute=timeMain","Thu Oct 01 2026 21:11:17 GMT+0900 (한국 표준시)"
"2026","2","경제통상학과","127548","전공","전공선택","전선","K-Project","BRIS62441","K002","01","1","1","1.5","이기웅","수0900-1200(인문사회관 401)","8주(1-8주)","경제학전공, 국제통상학전공, 관세물류전공, 경제통상학전공, 경제통상학과","정상","","","","경제통상학과","https://kupis.kku.ac.kr/wsugang/core?attribute=timeMain","Thu Oct 01 2026 21:11:17 GMT+0900 (한국 표준시)"
"2026","2","경제통상학과","127548","전공","전공선택","전선","Nano-LAB기초2(경제통상)","BRIS67578","N002","01","2","1","1","오가영","수1400-1600(인문사회관 401)","8주(1-8주)","경제학전공, 국제통상학전공, 관세물류전공, 경제통상학전공, 경제통상학과","정상","","","","경제통상학과","https://kupis.kku.ac.kr/wsugang/core?attribute=timeMain","Thu Oct 01 2026 21:11:17 GMT+0900 (한국 표준시)"
"2026","2","경제통상학과","127548","전공","전공선택","전선","Nano-LAB심화2(경제통상)","BRIS67634","N047","01","3","1","1","임성수","수1400-1800(인문사회관 307)","4주(1-4주)","경제학전공, 국제통상학전공, 관세물류전공, 경제통상학전공, 경제통상학과","정상","","","","경제통상학과","https://kupis.kku.ac.kr/wsugang/core?attribute=timeMain","Thu Oct 01 2026 21:11:17 GMT+0900 (한국 표준시)"
"2026","2","경제통상학과","127548","전공","전공필수","전필","경제학원론","BRIS12961","7536","01","1","3","3","박해선","월1500-1630(인문사회관 307), 목1500-1630(인문사회관 307)","","경제학전공, 국제통상학전공, 관세물류전공, 경제통상학전공, 경제통상학과, KU자유전공학부","정상","","","","경제통상학과","https://kupis.kku.ac.kr/wsugang/core?attribute=timeMain","Thu Oct 01 2026 21:11:17 GMT+0900 (한국 표준시)"
"2026","2","경제통상학과","127548","전공","전공필수","전필","기초데이터분석의이해","BRIS63383","7555","01","1","3","3","김윤두","월1030-1200(자연과학관 504), 화1030-1200(자연과학관 504)","","경제학전공, 국제통상학전공, 관세물류전공, 경제통상학전공, 경제통상학과, KU자유전공학부","정상","","","","경제통상학과","https://kupis.kku.ac.kr/wsugang/core?attribute=timeMain","Thu Oct 01 2026 21:11:17 GMT+0900 (한국 표준시)"
"2026","2","경제통상학과","127548","전공","전공필수","전필","무역학개론","BRIS10891","7535","01","1","3","3","이기웅","월0900-1030(인문사회관 205), 화0900-1030(인문사회관 205)","","경제학전공, 국제통상학전공, 관세물류전공, 경제통상학전공, 경제통상학과, KU자유전공학부","정상","","","","경제통상학과","https://kupis.kku.ac.kr/wsugang/core?attribute=timeMain","Thu Oct 01 2026 21:11:17 GMT+0900 (한국 표준시)"
"2026","2","경찰학과","127249","전공","전공선택","전선","경찰실무(특강)","BRIU67690","7577","01","4","3","3","박상진","화1500-1800(인문사회관 302)","","경찰학과, 경찰학과","정상","","","","경찰학과","https://kupis.kku.ac.kr/wsugang/core?attribute=timeMain","Thu Oct 01 2026 21:11:17 GMT+0900 (한국 표준시)"
"2026","2","경찰학과","127249","전공","전공선택","전선","경찰학각론","BRIU62531","7572","01","1","3","3","최병호","수1500-1630(인문사회관 305), 금0900-1030(인문사회관 305)","","경찰학과, 경찰학과, KU자유전공학부","정상","","","","경찰학과","https://kupis.kku.ac.kr/wsugang/core?attribute=timeMain","Thu Oct 01 2026 21:11:17 GMT+0900 (한국 표준시)"
"2026","2","경찰학과","127249","전공","전공선택","전선","경찰학원강","BRIU54322","7568","01","4","3","3","이웅혁","월0900-1030(인문사회관 302), 화0900-1030(인문사회관 302)","","경찰학과, 경찰학과","정상","","","","경찰학과","https://kupis.kku.ac.kr/wsugang/core?attribute=timeMain","Thu Oct 01 2026 21:11:17 GMT+0900 (한국 표준시)"
"2026","2","경찰학과","127249","전공","전공선택","전선","경찰학총론","BRIU63363","7575","01","1","3","3","이재영","화0900-1030(인문사회관 305), 목1030-1200(인문사회관 305)","","경찰학과, 경찰학과, KU자유전공학부","정상","","","","경찰학과","https://kupis.kku.ac.kr/wsugang/core?attribute=timeMain","Thu Oct 01 2026 21:11:17 GMT+0900 (한국 표준시)"
"2026","2","경찰학과","127249","전공","전공선택","전선","교정학개론","BRIU57566","7570","01","2","3","3","송영대","화1500-1800(인문사회관 101)","","경찰학과, 경찰학과","정상","","","","경찰학과","https://kupis.kku.ac.kr/wsugang/core?attribute=timeMain","Thu Oct 01 2026 21:11:17 GMT+0900 (한국 표준시)"
"2026","2","경찰학과","127249","전공","전공선택","전선","무도2","BRIU52288","7566","01","1","3","3","이문화","금1500-1800(건국체육관 100)","","경찰학과, 경찰학과","정상","","","","경찰학과","https://kupis.kku.ac.kr/wsugang/core?attribute=timeMain","Thu Oct 01 2026 21:11:17 GMT+0900 (한국 표준시)"
"2026","2","경찰학과","127249","전공","전공선택","전선","범죄수사론","BRIU48486","7565","01","3","3","3","최대현","월0900-1000, 화1600-1800(인문사회관 305)","","경찰학과, 경찰학과","정상","","","","경찰학과","https://kupis.kku.ac.kr/wsugang/core?attribute=timeMain","Thu Oct 01 2026 21:11:17 GMT+0900 (한국 표준시)"
"2026","2","경찰학과","127249","전공","전공선택","전선","범죄심리학","BRIU44815","7563","01","3","3","3","김미영","목1200-1500(인문사회관 305)","","경찰학과, 경찰학과","정상","","","","경찰학과","https://kupis.kku.ac.kr/wsugang/core?attribute=timeMain","Thu Oct 01 2026 21:11:17 GMT+0900 (한국 표준시)"
"2026","2","경찰학과","127249","전공","전공선택","전선","범죄예방론","BRIU52291","7567","01","4","3","3","이재영","월1030-1200(인문사회관 305), 수1500-1630(인문사회관 302)","","경찰학과, 경찰학과","정상","","","","경찰학과","https://kupis.kku.ac.kr/wsugang/core?attribute=timeMain","Thu Oct 01 2026 21:11:17 GMT+0900 (한국 표준시)"
"2026","2","경찰학과","127249","전공","전공선택","전선","범죄학","BRIU48476","7564","01","1","3","3","이웅혁","수0900-1030(인문사회관 302), 목0900-1030(인문사회관 302)","","경찰학과, 경찰학과, KU자유전공학부","정상","","","","경찰학과","https://kupis.kku.ac.kr/wsugang/core?attribute=timeMain","Thu Oct 01 2026 21:11:17 GMT+0900 (한국 표준시)"
"2026","2","경찰학과","127249","전공","전공선택","전선","빅데이터범죄분석","BRIU57567","7571","01","4","3","3","강소영","목1200-1500(인문사회관 207)","","경찰학과, 경찰학과","정상","","","","경찰학과","https://kupis.kku.ac.kr/wsugang/core?attribute=timeMain","Thu Oct 01 2026 21:11:17 GMT+0900 (한국 표준시)"
"2026","2","경찰학과","127249","전공","전공선택","전선","수사증거론","BRIU54336","7569","01","4","3","3","최대현","월1630-1800(인문사회관 305), 목1630-1800(인문사회관 305)","","경찰학과, 경찰학과","정상","","","","경찰학과","https://kupis.kku.ac.kr/wsugang/core?attribute=timeMain","Thu Oct 01 2026 21:11:17 GMT+0900 (한국 표준시)"
"2026","2","경찰학과","127249","전공","전공선택","전선","재산범죄론","BRIU25404","7562","01","3","3","3","박상진","월1630-1800(인문사회관 302), 금1030-1200(인문사회관 302)","","경찰학과, 경찰학과","정상","","","","경찰학과","https://kupis.kku.ac.kr/wsugang/core?attribute=timeMain","Thu Oct 01 2026 21:11:17 GMT+0900 (한국 표준시)"
"2026","2","경찰학과","127249","전공","전공선택","전선","청소년비행론","BRIU62569","7574","01","3","3","3","","","","경찰학과, 경찰학과","폐강","","","","경찰학과","https://kupis.kku.ac.kr/wsugang/core?attribute=timeMain","Thu Oct 01 2026 21:11:17 GMT+0900 (한국 표준시)"
"2026","2","경찰학과","127249","전공","전공선택","전선","헌법1","BRIU65455","7576","01","2","3","3","엄주희","화0900-1200(인문사회관 207)","","경찰학과, 경찰학과","정상","","","","경찰학과","https://kupis.kku.ac.kr/wsugang/core?attribute=timeMain","Thu Oct 01 2026 21:11:17 GMT+0900 (한국 표준시)"
"2026","2","경찰학과","127249","전공","전공선택","전선","형법총론1","BRIU13093","7561","01","1","3","3","박상진","월1030-1200(인문사회관 302), 화1030-1200(인문사회관 302)","","경찰학과, 경찰학과, KU자유전공학부","정상","","","","경찰학과","https://kupis.kku.ac.kr/wsugang/core?attribute=timeMain","Thu Oct 01 2026 21:11:17 GMT+0900 (한국 표준시)"
"2026","2","경찰학과","127249","전공","전공선택","전선","형사사법비즈니스모델","BRIU62568","7573","01","2","3","3","강소영","월1630-1800(인문사회관 207), 금1500-1630(인문사회관 207)","","경찰학과, 경찰학과","정상","","","","경찰학과","https://kupis.kku.ac.kr/wsugang/core?attribute=timeMain","Thu Oct 01 2026 21:11:17 GMT+0900 (한국 표준시)"
"2026","2","경찰학과","127249","전공","전공선택","전선","형사소송법1","BRIU11723","7560","01","2","3","3","박상진","수1030-1200(인문사회관 302), 목1030-1200(인문사회관 302)","","경찰학과, 경찰학과","정상","","","","경찰학과","https://kupis.kku.ac.kr/wsugang/core?attribute=timeMain","Thu Oct 01 2026 21:11:17 GMT+0900 (한국 표준시)"
"2026","2","경찰학과","127249","전공","전공선택","전선","K-Project","BRIU62441","K003","01","1","1","1.5","최병호","월0900-1030(인문사회관 305)","","경찰학과, 경찰학과","정상","","","","경찰학과","https://kupis.kku.ac.kr/wsugang/core?attribute=timeMain","Thu Oct 01 2026 21:11:17 GMT+0900 (한국 표준시)"
"2026","2","경찰학과","127249","전공","전공선택","전선","Nano-LAB기초2(경찰)","BRIU67579","N003","01","2","1","1","박상진","수1600-1800(인문사회관 207)","8주(1-8주)","경찰학과, 경찰학과","정상","","","","경찰학과","https://kupis.kku.ac.kr/wsugang/core?attribute=timeMain","Thu Oct 01 2026 21:11:17 GMT+0900 (한국 표준시)"
"2026","2","경찰학과","127249","전공","전공선택","전선","Nano-LAB기초2(경찰)","BRIU67579","N004","02","2","1","1","강소영","수1700-1800(인문사회관 302)","","경찰학과, 경찰학과","정상","","","","경찰학과","https://kupis.kku.ac.kr/wsugang/core?attribute=timeMain","Thu Oct 01 2026 21:11:17 GMT+0900 (한국 표준시)"
"2026","2","경찰학과","127249","전공","전공선택","전선","Nano-LAB기초2(경찰)","BRIU67579","N005","03","2","1","1","최병호","수1700-1800(인문사회관 305)","","경찰학과, 경찰학과","정상","","","","경찰학과","https://kupis.kku.ac.kr/wsugang/core?attribute=timeMain","Thu Oct 01 2026 21:11:17 GMT+0900 (한국 표준시)"
"2026","2","경찰학과","127249","전공","전공선택","전선","Nano-LAB기초2(경찰)","BRIU67579","N006","04","2","1","1","이재영","수1700-1800(인문사회관 416)","","경찰학과, 경찰학과","정상","","","","경찰학과","https://kupis.kku.ac.kr/wsugang/core?attribute=timeMain","Thu Oct 01 2026 21:11:17 GMT+0900 (한국 표준시)"
"2026","2","경찰학과","127249","전공","전공선택","전선","Nano-LAB심화2(경찰)","BRIU67635","N048","01","3","1","1","박상진","수1600-1800(인문사회관 207)","8주(9-16주)","경찰학과, 경찰학과","정상","","","","경찰학과","https://kupis.kku.ac.kr/wsugang/core?attribute=timeMain","Thu Oct 01 2026 21:11:17 GMT+0900 (한국 표준시)"
"2026","2","경찰학과","127249","전공","전공선택","전선","Nano-LAB심화2(경찰)","BRIU67635","N049","02","3","1","1","최병호","목0900-1000(모시래학사(여동)-본관 115)","","경찰학과, 경찰학과","정상","","","","경찰학과","https://kupis.kku.ac.kr/wsugang/core?attribute=timeMain","Thu Oct 01 2026 21:11:17 GMT+0900 (한국 표준시)"
"2026","2","골프산업학과","127563","전공","전공선택","전선","골프경영론","BVHK52475","7895","01","2","3","3","손승범","화1030-1200(건국체육관 003), 목1030-1200(건국체육관 003)","","골프지도전공, 골프산업전공, 골프산업학과","정상","","","","골프산업학과","https://kupis.kku.ac.kr/wsugang/core?attribute=timeMain","Thu Oct 01 2026 21:11:17 GMT+0900 (한국 표준시)"
"2026","2","골프산업학과","127563","전공","전공선택","전선","골프룰및심판법","BVHK52790","7897","01","1","2","2","한근호","목1430-1630(건국체육관 003)","","골프지도전공, 골프산업전공, 골프산업학과","정상","","","","골프산업학과","https://kupis.kku.ac.kr/wsugang/core?attribute=timeMain","Thu Oct 01 2026 21:11:17 GMT+0900 (한국 표준시)"
"2026","2","골프산업학과","127563","전공","전공선택","전선","골프마케팅","BVHK52413","7893","01","3","3","3","손승범","월1400-1530(건국체육관 003), 화0900-1030(건국체육관 003)","","골프지도전공, 골프산업전공, 골프산업학과","정상","","","","골프산업학과","https://kupis.kku.ac.kr/wsugang/core?attribute=timeMain","Thu Oct 01 2026 21:11:17 GMT+0900 (한국 표준시)"
"2026","2","골프산업학과","127563","전공","전공선택","전선","골프멘탈트레이닝","BVHK50508","7892","01","1","2","2","임상아","수1600-1800(건국체육관 002)","","골프지도전공, 골프산업전공, 골프산업학과","정상","","","","골프산업학과","https://kupis.kku.ac.kr/wsugang/core?attribute=timeMain","Thu Oct 01 2026 21:11:17 GMT+0900 (한국 표준시)"
"2026","2","골프산업학과","127563","전공","전공선택","전선","골프분석장비활용법2","BVHK63367","7901","01","3","3","3","한근호","수1630-1800(건국체육관 003), 목1630-1800(건국체육관 003)","","골프지도전공, 골프산업전공, 골프산업학과","정상","","","","골프산업학과","https://kupis.kku.ac.kr/wsugang/core?attribute=timeMain","Thu Oct 01 2026 21:11:17 GMT+0900 (한국 표준시)"
"2026","2","골프산업학과","127563","전공","전공선택","전선","골프샷마스터II","BVHK61132","7898","01","1","3","4","한근호","목0900-1300(골프연습장 110)","","골프지도전공, 골프산업전공, 골프산업학과, KU자유전공학부","정상","","","","골프산업학과","https://kupis.kku.ac.kr/wsugang/core?attribute=timeMain","Thu Oct 01 2026 21:11:17 GMT+0900 (한국 표준시)"
"2026","2","골프산업학과","127563","전공","전공선택","전선","골프역학","BVHK46136","7891","01","2","3","3","임영태","월1500-1630(생명과학관 416), 수1500-1630(생명과학관 416)","","골프지도전공, 골프산업전공, 골프산업학과","정상","","","","골프산업학과","https://kupis.kku.ac.kr/wsugang/core?attribute=timeMain","Thu Oct 01 2026 21:11:17 GMT+0900 (한국 표준시)"
"2026","2","골프산업학과","127563","전공","전공선택","전선","골프용품개발캡스톤디자인","BVHK63369","7902","01","3","3","3","임영태","목0900-1200(생명과학관 416)","","골프지도전공, 골프산업전공, 골프산업학과","정상","","","","골프산업학과","https://kupis.kku.ac.kr/wsugang/core?attribute=timeMain","Thu Oct 01 2026 21:11:17 GMT+0900 (한국 표준시)"
"2026","2","골프산업학과","127563","전공","전공선택","전선","골프의기본원리","BVHK13539","7890","02","1","3","3","박찬희","월1430-1600(골프연습장 110), 수1430-1600(건국체육관 002)","","골프지도전공, 골프산업전공, 골프산업학과, KU자유전공학부","정상","","","","골프산업학과","https://kupis.kku.ac.kr/wsugang/core?attribute=timeMain","Thu Oct 01 2026 21:11:17 GMT+0900 (한국 표준시)"
"2026","2","골프산업학과","127563","전공","전공선택","전선","골프클럽구성및피팅","BVHK61136","7899","01","3","3","3","한근호","월1630-1800(건국체육관 003), 화1630-1800(건국체육관 003)","","골프지도전공, 골프산업전공, 골프산업학과","정상","","","","골프산업학과","https://kupis.kku.ac.kr/wsugang/core?attribute=timeMain","Thu Oct 01 2026 21:11:17 GMT+0900 (한국 표준시)"
"2026","2","골프산업학과","127563","전공","전공선택","전선","신체컨디셔닝과훈련법","BVHK52414","7894","01","2","2","3","이재우","목1500-1800(생명과학관 322)","","골프지도전공, 골프산업전공, 골프산업학과","정상","","","","골프산업학과","https://kupis.kku.ac.kr/wsugang/core?attribute=timeMain","Thu Oct 01 2026 21:11:17 GMT+0900 (한국 표준시)"
"2026","2","골프산업학과","127563","전공","전공선택","전선","퍼팅","BVHK52477","7896","01","2","3","3","박찬희","화1500-1800(골프연습장 110)","","골프지도전공, 골프산업전공, 골프산업학과","정상","","","","골프산업학과","https://kupis.kku.ac.kr/wsugang/core?attribute=timeMain","Thu Oct 01 2026 21:11:17 GMT+0900 (한국 표준시)"
"2026","2","골프산업학과","127563","전공","전공선택","전선","K-Project","BVHK62441","K004","01","1","1","1.5","박찬희","금1200-1800(골프연습장 110)","4주(9-12주)","골프지도전공, 골프산업전공, 골프산업학과","정상","","","","골프산업학과","https://kupis.kku.ac.kr/wsugang/core?attribute=timeMain","Thu Oct 01 2026 21:11:17 GMT+0900 (한국 표준시)"
"2026","2","골프산업학과","127563","전공","전공선택","전선","Nano-LAB기초2(골프산업)","BVHK67598","N007","01","2","1","1","한근호","금1400-1800(건국체육관 004)","4주(9-12주)","골프지도전공, 골프산업전공, 골프산업학과","정상","","","","골프산업학과","https://kupis.kku.ac.kr/wsugang/core?attribute=timeMain","Thu Oct 01 2026 21:11:17 GMT+0900 (한국 표준시)"
"2026","2","골프산업학과","127563","전공","전공선택","전선","Nano-LAB심화2(골프산업)","BVHK67654","N050","01","3","1","1","임영태","금1400-1800(건국체육관 003)","4주(9-12주)","골프지도전공, 골프산업전공, 골프산업학과","정상","","","","골프산업학과","https://kupis.kku.ac.kr/wsugang/core?attribute=timeMain","Thu Oct 01 2026 21:11:17 GMT+0900 (한국 표준시)"
"2026","2","골프산업학과","127563","전공","전공필수","전필","골프경기실습2","BVHK63366","7900","01","3","3","4","손승범","수0900-1300","","골프지도전공, 골프산업전공, 골프산업학과","정상","","","","골프산업학과","https://kupis.kku.ac.kr/wsugang/core?attribute=timeMain","Thu Oct 01 2026 21:11:17 GMT+0900 (한국 표준시)"
"2026","2","골프산업학과","127563","전공","전공필수","전필","골프이론및실기평가2","BVHK63371","7903","01","4","3","4","한근호","월0900-1300","","골프지도전공, 골프산업전공, 골프산업학과","정상","","","","골프산업학과","https://kupis.kku.ac.kr/wsugang/core?attribute=timeMain","Thu Oct 01 2026 21:11:17 GMT+0900 (한국 표준시)"
"2026","2","골프산업학과","127563","전공","전공필수","전필","골프코스공략법2","BVHK63374","7904","01","2","3","4","임영태","수0900-1300","","골프지도전공, 골프산업전공, 골프산업학과","정상","","","","골프산업학과","https://kupis.kku.ac.kr/wsugang/core?attribute=timeMain","Thu Oct 01 2026 21:11:17 GMT+0900 (한국 표준시)"
"2026","2","골프산업학과","127563","전공","전공필수","전필","실전골프라운드2","BVHK63486","7906","01","1","3","4","박찬희","월0900-1300","","골프지도전공, 골프산업전공, 골프산업학과","정상","","","","골프산업학과","https://kupis.kku.ac.kr/wsugang/core?attribute=timeMain","Thu Oct 01 2026 21:11:17 GMT+0900 (한국 표준시)"
"2026","2","국제경영학과","128123","전공","전공선택","전선","경영과학","BVFI34016","H028","01","3","3","3","박근완","금1200-1500(인문사회관 113-2)","","국제경영학과","정상","","","","국제경영학과","https://kupis.kku.ac.kr/wsugang/core?attribute=timeMain","Thu Oct 01 2026 21:11:17 GMT+0900 (한국 표준시)"
"2026","2","국제경영학과","128123","전공","전공선택","전선","경영정보시스템","BVFI13231","H017","01","2","3","3","한국강","목1200-1500(인문사회관 113-2)","","국제경영학과","정상","","","중국어","국제경영학과","https://kupis.kku.ac.kr/wsugang/core?attribute=timeMain","Thu Oct 01 2026 21:11:17 GMT+0900 (한국 표준시)"
"2026","2","국제경영학과","128123","전공","전공선택","전선","경영통계","BVFI16841","H024","01","1","3","3","장려요","월1500-1630(자연과학관 502), 목1200-1330(글로컬이음관 105)","","국제경영학과","정상","","","중국어","국제경영학과","https://kupis.kku.ac.kr/wsugang/core?attribute=timeMain","Thu Oct 01 2026 21:11:17 GMT+0900 (한국 표준시)"
"2026","2","국제경영학과","128123","전공","전공선택","전선","경영통계","BVFI16841","H025","02","1","3","3","장려요","화1500-1630(자연과학관 504), 목1330-1500(글로컬이음관 105)","","국제경영학과","정상","","","중국어","국제경영학과","https://kupis.kku.ac.kr/wsugang/core?attribute=timeMain","Thu Oct 01 2026 21:11:17 GMT+0900 (한국 표준시)"
"2026","2","국제경영학과","128123","전공","전공선택","전선","경영학원론","BVFI10884","H014","01","1","3","3","장려요","월1030-1200(글로컬이음관 105), 화1030-1200(글로컬이음관 105)","","국제경영학과","정상","","","중국어","국제경영학과","https://kupis.kku.ac.kr/wsugang/core?attribute=timeMain","Thu Oct 01 2026 21:11:17 GMT+0900 (한국 표준시)"
"2026","2","국제경영학과","128123","전공","전공선택","전선","고객관계관리","BVFI26343","H026","01","4","3","3","한국강","목1500-1800(인문사회관 113-2)","","국제경영학과","정상","","","중국어","국제경영학과","https://kupis.kku.ac.kr/wsugang/core?attribute=timeMain","Thu Oct 01 2026 21:11:17 GMT+0900 (한국 표준시)"
"2026","2","국제경영학과","128123","전공","전공선택","전선","관리회계","BVFI13244","H018","01","3","3","3","장려요","수1030-1200(글로컬이음관 105), 목1030-1200(글로컬이음관 105)","","국제경영학과","정상","","","중국어","국제경영학과","https://kupis.kku.ac.kr/wsugang/core?attribute=timeMain","Thu Oct 01 2026 21:11:17 GMT+0900 (한국 표준시)"
"2026","2","국제경영학과","128123","전공","전공선택","전선","관리회계","BVFI13244","H019","02","3","3","3","김성룡","금1500-1800(글로컬이음관 105)","","국제경영학과","정상","","","중국어","국제경영학과","https://kupis.kku.ac.kr/wsugang/core?attribute=timeMain","Thu Oct 01 2026 21:11:17 GMT+0900 (한국 표준시)"
"2026","2","국제경영학과","128123","전공","전공선택","전선","광고와프로모션","BVFI65399","H030","01","3","3","3","증지수","월1500-1800(글로컬이음관 105)","","국제경영학과","정상","","","","국제경영학과","https://kupis.kku.ac.kr/wsugang/core?attribute=timeMain","Thu Oct 01 2026 21:11:17 GMT+0900 (한국 표준시)"
"2026","2","국제경영학과","128123","전공","전공선택","전선","기업가정신","BVFI38658","H029","01","1","3","3","송덕근","금0900-1200(글로컬이음관 105)","","국제경영학과","정상","","","","국제경영학과","https://kupis.kku.ac.kr/wsugang/core?attribute=timeMain","Thu Oct 01 2026 21:11:17 GMT+0900 (한국 표준시)"
"2026","2","국제경영학과","128123","전공","전공선택","전선","기업가치분석","BVFI69006","H031","01","4","3","3","장려요","월1630-1800(자연과학관 502), 화1630-1800(자연과학관 504)","","국제경영학과","정상","","","","국제경영학과","https://kupis.kku.ac.kr/wsugang/core?attribute=timeMain","Thu Oct 01 2026 21:11:17 GMT+0900 (한국 표준시)"
"2026","2","국제경영학과","128123","전공","전공선택","전선","노사관계론","BVFI13254","H020","01","4","3","3","이지정","화1500-1800(글로컬이음관 105)","","국제경영학과","정상","","","중국어","국제경영학과","https://kupis.kku.ac.kr/wsugang/core?attribute=timeMain","Thu Oct 01 2026 21:11:17 GMT+0900 (한국 표준시)"
"2026","2","국제경영학과","128123","전공","전공선택","전선","마케팅","BVFI09271","H013","01","2","3","3","증지수","월1200-1500(글로컬이음관 105)","","국제경영학과","정상","","","중국어","국제경영학과","https://kupis.kku.ac.kr/wsugang/core?attribute=timeMain","Thu Oct 01 2026 21:11:17 GMT+0900 (한국 표준시)"
"2026","2","국제경영학과","128123","전공","전공선택","전선","운영전략","BVFI11876","H016","01","4","3","3","박근완","금1500-1800(인문사회관 113-2)","","국제경영학과","정상","","","","국제경영학과","https://kupis.kku.ac.kr/wsugang/core?attribute=timeMain","Thu Oct 01 2026 21:11:17 GMT+0900 (한국 표준시)"
"2026","2","국제경영학과","128123","전공","전공선택","전선","인적자원관리","BVFI13286","H021","01","2","3","3","이지정","화1200-1500(글로컬이음관 105)","","국제경영학과","정상","","","중국어","국제경영학과","https://kupis.kku.ac.kr/wsugang/core?attribute=timeMain","Thu Oct 01 2026 21:11:17 GMT+0900 (한국 표준시)"
"2026","2","국제경영학과","128123","전공","전공선택","전선","전략경영론","BVFI11778","H015","01","4","3","3","오유겸","월0900-1030(글로컬이음관 105), 수0900-1030(글로컬이음관 105)","","국제경영학과","정상","","","","국제경영학과","https://kupis.kku.ac.kr/wsugang/core?attribute=timeMain","Thu Oct 01 2026 21:11:17 GMT+0900 (한국 표준시)"
"2026","2","국제경영학과","128123","전공","전공선택","전선","회계이론","BVFI13307","H128","01","4","3","3","김성룡","금1200-1500(글로컬이음관 105)","","국제경영학과","정상","","","중국어","국제경영학과","https://kupis.kku.ac.kr/wsugang/core?attribute=timeMain","Thu Oct 01 2026 21:11:17 GMT+0900 (한국 표준시)"
"2026","2","국제경영학과","128123","전공","전공선택","전선","GLOBAL BUSINESS ENGLISH 2","BVFI68997","H119","01","1","3","3","이효신","월1030-1200(글로컬이음관 408), 목1030-1200(글로컬이음관 408)","","국제경영학과","정상","","","영어","국제경영학과","https://kupis.kku.ac.kr/wsugang/core?attribute=timeMain","Thu Oct 01 2026 21:11:17 GMT+0900 (한국 표준시)"
"2026","2","녹색기술융합학과","127556","전공","전공선택","전선","그린빌딩창업스튜디오","NDGB60354","8179","01","3","3","3","주진희","월0900-1200(자연과학관 313)","","녹색기술융합학과, 녹색환경시스템전공, 녹색기술융합학과","정상","","","","녹색기술융합학과","https://kupis.kku.ac.kr/wsugang/core?attribute=timeMain","Thu Oct 01 2026 21:11:17 GMT+0900 (한국 표준시)"
"2026","2","녹색기술융합학과","127556","전공","전공선택","전선","녹색도시계획과디자인","NDBA67696","8156","01","3","3","3","오득균","수0900-1200(자연과학관 513)","","녹색기술융합학과, 녹색환경시스템전공, 녹색기술융합학과","정상","","","","녹색기술융합학과","https://kupis.kku.ac.kr/wsugang/core?attribute=timeMain","Thu Oct 01 2026 21:11:17 GMT+0900 (한국 표준시)"
"2026","2","녹색기술융합학과","127556","전공","전공선택","전선","녹색자원조사방법론","NDGB63388","8180","01","2","3","3","오득균","목1400-1700(자연과학관 513)","","녹색기술융합학과, 녹색환경시스템전공, 녹색기술융합학과","정상","","","","녹색기술융합학과","https://kupis.kku.ac.kr/wsugang/core?attribute=timeMain","Thu Oct 01 2026 21:11:17 GMT+0900 (한국 표준시)"
"2026","2","녹색기술융합학과","127556","전공","전공선택","전선","녹색환경설계및실습","NDGB63390","8181","01","2","3","3","주진희","금0900-1200(자연과학관 305)","","녹색기술융합학과, 녹색환경시스템전공, 녹색기술융합학과","정상","","","","녹색기술융합학과","https://kupis.kku.ac.kr/wsugang/core?attribute=timeMain","Thu Oct 01 2026 21:11:17 GMT+0900 (한국 표준시)"
"2026","2","녹색기술융합학과","127556","전공","전공선택","전선","도시공원녹지재생계획론","NDGB63396","8182","01","2","3","3","김정호","수0900-1200(자연과학관 506)","","녹색기술융합학과, 녹색환경시스템전공, 녹색기술융합학과","정상","","","","녹색기술융합학과","https://kupis.kku.ac.kr/wsugang/core?attribute=timeMain","Thu Oct 01 2026 21:11:17 GMT+0900 (한국 표준시)"
"2026","2","녹색기술융합학과","127556","전공","전공선택","전선","디자인과적산","NDGB60353","8178","01","3","3","3","박승환","월1300-1600(자연과학관 313)","","녹색기술융합학과, 녹색환경시스템전공, 녹색기술융합학과","정상","","","","녹색기술융합학과","https://kupis.kku.ac.kr/wsugang/core?attribute=timeMain","Thu Oct 01 2026 21:11:17 GMT+0900 (한국 표준시)"
"2026","2","녹색기술융합학과","127556","전공","전공선택","전선","보호지역계획및관리","NDGB63431","8183","01","3","3","3","김정호","화1400-1700(자연과학관 506)","","녹색기술융합학과, 녹색환경시스템전공, 녹색기술융합학과","정상","","","","녹색기술융합학과","https://kupis.kku.ac.kr/wsugang/core?attribute=timeMain","Thu Oct 01 2026 21:11:17 GMT+0900 (한국 표준시)"
"2026","2","녹색기술융합학과","127556","전공","전공선택","전선","빅데이터공간정보시스템","NDBA66870","8153","01","4","3","3","김정호","목1400-1700(자연과학관 204)","","녹색기술융합학과, 녹색환경시스템전공, 녹색기술융합학과","정상","","","","녹색기술융합학과","https://kupis.kku.ac.kr/wsugang/core?attribute=timeMain","Thu Oct 01 2026 21:11:17 GMT+0900 (한국 표준시)"
"2026","2","녹색기술융합학과","127556","전공","전공선택","전선","수목진료및토양관리","NDBA67692","8154","01","2","3","3","김정호","목0900-1200(자연과학관 506)","","녹색기술융합학과, 녹색환경시스템전공, 녹색기술융합학과","정상","","","","녹색기술융합학과","https://kupis.kku.ac.kr/wsugang/core?attribute=timeMain","Thu Oct 01 2026 21:11:17 GMT+0900 (한국 표준시)"
"2026","2","녹색기술융합학과","127556","전공","전공선택","전선","정원디자인종합설계","NDBA64595","8151","01","4","3","3","서수현","수1300-1600(자연과학관 313)","","녹색기술융합학과, 녹색환경시스템전공, 녹색기술융합학과","정상","","","","녹색기술융합학과","https://kupis.kku.ac.kr/wsugang/core?attribute=timeMain","Thu Oct 01 2026 21:11:17 GMT+0900 (한국 표준시)"
"2026","2","녹색기술융합학과","127556","전공","전공선택","전선","지역계획과토지이용","NDBA67695","8155","01","3","3","3","오득균","목0900-1200(자연과학관 513)","","녹색기술융합학과, 녹색환경시스템전공, 녹색기술융합학과","정상","","","","녹색기술융합학과","https://kupis.kku.ac.kr/wsugang/core?attribute=timeMain","Thu Oct 01 2026 21:11:17 GMT+0900 (한국 표준시)"
"2026","2","녹색기술융합학과","127556","전공","전공선택","전선","지피식물학","NDBA67735","8158","01","2","3","3","주진희","화1400-1600(자연과학관 302), 목1300-1400(자연과학관 302)","","녹색기술융합학과, 녹색환경시스템전공, 녹색기술융합학과","정상","","","","녹색기술융합학과","https://kupis.kku.ac.kr/wsugang/core?attribute=timeMain","Thu Oct 01 2026 21:11:17 GMT+0900 (한국 표준시)"
"2026","2","녹색기술융합학과","127556","전공","전공선택","전선","환경생태계획종합설계","NDBA65578","8152","01","4","3","3","오득균","화1400-1700(자연과학관 513)","","녹색기술융합학과, 녹색환경시스템전공, 녹색기술융합학과","정상","","","","녹색기술융합학과","https://kupis.kku.ac.kr/wsugang/core?attribute=timeMain","Thu Oct 01 2026 21:11:17 GMT+0900 (한국 표준시)"
"2026","2","녹색기술융합학과","127556","전공","전공선택","전선","환경영향평가비즈니스론","NDGB63579","8184","01","3","3","3","김정호","월0900-1200(자연과학관 506)","","녹색기술융합학과, 녹색환경시스템전공, 녹색기술융합학과","정상","","","","녹색기술융합학과","https://kupis.kku.ac.kr/wsugang/core?attribute=timeMain","Thu Oct 01 2026 21:11:17 GMT+0900 (한국 표준시)"
"2026","2","녹색기술융합학과","127556","전공","전공선택","전선","환경정보및계획학실습","NDBA67736","8159","01","2","3","3","오득균","화0900-1200(자연과학관 204)","","녹색기술융합학과, 녹색환경시스템전공, 녹색기술융합학과","정상","","","","녹색기술융합학과","https://kupis.kku.ac.kr/wsugang/core?attribute=timeMain","Thu Oct 01 2026 21:11:17 GMT+0900 (한국 표준시)"
"2026","2","녹색기술융합학과","127556","전공","전공선택","전선","K-Project","NDGB62441","K005","01","1","1","1.5","주진희","수1400-1530(자연과학관 302)","","녹색기술융합학과, 녹색환경시스템전공, 녹색기술융합학과","정상","","","","녹색기술융합학과","https://kupis.kku.ac.kr/wsugang/core?attribute=timeMain","Thu Oct 01 2026 21:11:17 GMT+0900 (한국 표준시)"
"2026","2","녹색기술융합학과","127556","전공","전공선택","전선","K-Project","NDGB62441","K006","02","1","1","1.5","오득균","금0900-1500(자연과학관 513)","4주(9-12주)","녹색기술융합학과, 녹색환경시스템전공, 녹색기술융합학과","정상","","","","녹색기술융합학과","https://kupis.kku.ac.kr/wsugang/core?attribute=timeMain","Thu Oct 01 2026 21:11:17 GMT+0900 (한국 표준시)"
"2026","2","녹색기술융합학과","127556","전공","전공선택","전선","Nano-LAB기초2(녹색기술융합)","NDBA67590","N008","01","2","1","1","김정호","금0900-1300(자연과학관 506)","4주(9-12주)","녹색기술융합학과, 녹색환경시스템전공, 녹색기술융합학과","정상","","","","녹색기술융합학과","https://kupis.kku.ac.kr/wsugang/core?attribute=timeMain","Thu Oct 01 2026 21:11:17 GMT+0900 (한국 표준시)"
"2026","2","녹색기술융합학과","127556","전공","전공선택","전선","Nano-LAB심화2(녹색기술융합)","NDBA67646","N051","01","3","1","1","주진희","수1600-1800(자연과학관 302)","8주(9-16주)","녹색기술융합학과, 녹색환경시스템전공, 녹색기술융합학과","정상","","","","녹색기술융합학과","https://kupis.kku.ac.kr/wsugang/core?attribute=timeMain","Thu Oct 01 2026 21:11:17 GMT+0900 (한국 표준시)"
"2026","2","녹색기술융합학과","127556","전공","전공필수","전필","녹색식물학개론","NDGB53624","8176","01","1","3","3","주진희","화1600-1700(자연과학관 313), 수0900-1100(자연과학관 313)","","녹색기술융합학과, 녹색환경시스템전공, 녹색기술융합학과, KU자유전공학부","정상","","","","녹색기술융합학과","https://kupis.kku.ac.kr/wsugang/core?attribute=timeMain","Thu Oct 01 2026 21:11:17 GMT+0900 (한국 표준시)"
"2026","2","녹색기술융합학과","127556","전공","전공필수","전필","친환경에콜로지입문","NDGB60345","8177","01","1","3","3","김정호","화0900-1200(자연과학관 506)","","녹색기술융합학과, 녹색환경시스템전공, 녹색기술융합학과, KU자유전공학부","정상","","","","녹색기술융합학과","https://kupis.kku.ac.kr/wsugang/core?attribute=timeMain","Thu Oct 01 2026 21:11:17 GMT+0900 (한국 표준시)"
"2026","2","다문화·한국어교육전공","127948","전공","전공선택","전선","국제이주와노동정책","BVEN56846","H033","01","3","3","3","김세준","금1900-2200(실시간온라인)","","다문화언어소통학전공, 다문화·한국어교육전공","정상","","","","다문화·한국어교육전공","https://kupis.kku.ac.kr/wsugang/core?attribute=timeMain","Thu Oct 01 2026 21:11:17 GMT+0900 (한국 표준시)"
"2026","2","다문화·한국어교육전공","127948","전공","전공선택","전선","국제이주와사회통합","BVEN66448","H037","01","2","3","3","류경란","목1900-2200(실시간온라인)","","다문화언어소통학전공, 다문화·한국어교육전공","정상","","","","다문화·한국어교육전공","https://kupis.kku.ac.kr/wsugang/core?attribute=timeMain","Thu Oct 01 2026 21:11:17 GMT+0900 (한국 표준시)"
"2026","2","다문화·한국어교육전공","127948","전공","전공선택","전선","외국어습득론","BVEN66469","H042","01","3","3","3","김낙훈","월1900-2200(실시간온라인)","","다문화언어소통학전공, 다문화·한국어교육전공","정상","","","","다문화·한국어교육전공","https://kupis.kku.ac.kr/wsugang/core?attribute=timeMain","Thu Oct 01 2026 21:11:17 GMT+0900 (한국 표준시)"
"2026","2","다문화·한국어교육전공","127948","전공","전공선택","전선","지역사회와사회통합","BVEN56847","H034","01","1","3","3","김세준","토0900-1200(글로컬이음관 405)","","다문화언어소통학전공, 다문화·한국어교육전공","정상","","","","다문화·한국어교육전공","https://kupis.kku.ac.kr/wsugang/core?attribute=timeMain","Thu Oct 01 2026 21:11:17 GMT+0900 (한국 표준시)"
"2026","2","다문화·한국어교육전공","127948","전공","전공선택","전선","한국어교육과정및교수요목설계","BVEN68839","H043","01","3","3","3","이소영","토0900-1200(글로컬이음관 406)","","다문화언어소통학전공, 다문화·한국어교육전공","정상","","","","다문화·한국어교육전공","https://kupis.kku.ac.kr/wsugang/core?attribute=timeMain","Thu Oct 01 2026 21:11:17 GMT+0900 (한국 표준시)"
"2026","2","다문화·한국어교육전공","127948","전공","전공선택","전선","한국어교재론","BVEN66463","H040","01","3","3","3","고경민","화1900-2200(실시간온라인)","","다문화언어소통학전공, 다문화·한국어교육전공","정상","","","","다문화·한국어교육전공","https://kupis.kku.ac.kr/wsugang/core?attribute=timeMain","Thu Oct 01 2026 21:11:17 GMT+0900 (한국 표준시)"
"2026","2","다문화·한국어교육전공","127948","전공","전공선택","전선","한국어문법론","BVEN66454","H038","01","2","3","3","고경민","토0900-1200(글로컬이음관 407)","","다문화언어소통학전공, 다문화·한국어교육전공","정상","","","","다문화·한국어교육전공","https://kupis.kku.ac.kr/wsugang/core?attribute=timeMain","Thu Oct 01 2026 21:11:17 GMT+0900 (한국 표준시)"
"2026","2","다문화·한국어교육전공","127948","전공","전공선택","전선","한국어이해교육론","BVEN66462","H039","01","2","3","3","고경민","","","다문화언어소통학전공, 다문화·한국어교육전공","정상","","","","다문화·한국어교육전공 | 이러닝","https://kupis.kku.ac.kr/wsugang/core?attribute=timeMain","Thu Oct 01 2026 21:11:17 GMT+0900 (한국 표준시)"
"2026","2","다문화·한국어교육전공","127948","전공","전공선택","전선","한국어학개론","BVEN50836","H032","01","1","3","3","이소영","월1900-2200(실시간온라인)","","다문화언어소통학전공, 다문화·한국어교육전공","정상","","","","다문화·한국어교육전공","https://kupis.kku.ac.kr/wsugang/core?attribute=timeMain","Thu Oct 01 2026 21:11:17 GMT+0900 (한국 표준시)"
"2026","2","다문화·한국어교육전공","127948","전공","전공선택","전선","한국의현대문화론","BVEN66467","H041","01","2","3","3","김세준","수1900-2200(실시간온라인)","","다문화언어소통학전공, 다문화·한국어교육전공","정상","","","","다문화·한국어교육전공","https://kupis.kku.ac.kr/wsugang/core?attribute=timeMain","Thu Oct 01 2026 21:11:17 GMT+0900 (한국 표준시)"
"2026","2","다문화·한국어교육전공","127948","전공","전공필수","전필","이민법제론","BVEN66445","H035","01","1","3","3","권용수","화1900-2200(실시간온라인)","","다문화언어소통학전공, 다문화·한국어교육전공","정상","","","","다문화·한국어교육전공","https://kupis.kku.ac.kr/wsugang/core?attribute=timeMain","Thu Oct 01 2026 21:11:17 GMT+0900 (한국 표준시)"
"2026","2","다문화·한국어교육전공","127948","전공","전공필수","전필","이민정책론","BVEN66446","H036","01","1","3","3","고경민","","","다문화언어소통학전공, 다문화·한국어교육전공","정상","","","","다문화·한국어교육전공 | 이러닝","https://kupis.kku.ac.kr/wsugang/core?attribute=timeMain","Thu Oct 01 2026 21:11:17 GMT+0900 (한국 표준시)"
"2026","2","도시디자인융합전공","127954","전공","전공선택","전선","공공디자인","BVDQ47561","H044","01","3","3","3","손동주","목1200-1500(글로컬이음관 407)","","도시디자인융합전공","정상","","","","도시디자인융합전공","https://kupis.kku.ac.kr/wsugang/core?attribute=timeMain","Thu Oct 01 2026 21:11:17 GMT+0900 (한국 표준시)"
"2026","2","도시디자인융합전공","127954","전공","전공선택","전선","도시건축연구","BVDQ65481","H046","01","4","3","3","문형준","화1300-1600(자연과학관 414)","","도시디자인융합전공","정상","","","","도시디자인융합전공","https://kupis.kku.ac.kr/wsugang/core?attribute=timeMain","Thu Oct 01 2026 21:11:17 GMT+0900 (한국 표준시)"
"2026","2","도시디자인융합전공","127954","전공","전공선택","전선","도시공간구조플래닝","BVDQ69124","H052","01","4","3","3","윤성원","금0900-1200(국제교육관 301-B)","","도시디자인융합전공","정상","","","","도시디자인융합전공","https://kupis.kku.ac.kr/wsugang/core?attribute=timeMain","Thu Oct 01 2026 21:11:17 GMT+0900 (한국 표준시)"
"2026","2","도시디자인융합전공","127954","전공","전공선택","전선","도시디자인조형성연구","BVDQ67856","H050","01","2","3","3","윤명한","월0900-1200(글로컬이음관 407)","","도시디자인융합전공","정상","","","","도시디자인융합전공","https://kupis.kku.ac.kr/wsugang/core?attribute=timeMain","Thu Oct 01 2026 21:11:17 GMT+0900 (한국 표준시)"
"2026","2","도시디자인융합전공","127954","전공","전공선택","전선","도시안전디자인(셉테드디자인)","BVDQ66572","H047","01","2","3","3","문형준","목0900-1200(글로컬이음관 407)","","도시디자인융합전공","정상","","","","도시디자인융합전공","https://kupis.kku.ac.kr/wsugang/core?attribute=timeMain","Thu Oct 01 2026 21:11:17 GMT+0900 (한국 표준시)"
"2026","2","도시디자인융합전공","127954","전공","전공선택","전선","도시재생","BVDQ62811","H045","01","4","3","3","문형준","수0900-1200(글로컬이음관 407)","","도시디자인융합전공","정상","","","","도시디자인융합전공","https://kupis.kku.ac.kr/wsugang/core?attribute=timeMain","Thu Oct 01 2026 21:11:17 GMT+0900 (한국 표준시)"
"2026","2","도시디자인융합전공","127954","전공","전공선택","전선","미래융합환경디자인","BVDQ68905","H051","01","3","3","3","윤명한","금1300-1430(실시간온라인)(b-러닝), 금1430-1600(글로컬이음관 407)(b-러닝)","","도시디자인융합전공","정상","","","","도시디자인융합전공","https://kupis.kku.ac.kr/wsugang/core?attribute=timeMain","Thu Oct 01 2026 21:11:17 GMT+0900 (한국 표준시)"
"2026","2","도시디자인융합전공","127954","전공","전공선택","전선","지역관광콘텐츠디자인연구","BVDQ66573","H048","01","3","3","3","손동주","목1500-1800(글로컬이음관 407)","","도시디자인융합전공","정상","","","","도시디자인융합전공","https://kupis.kku.ac.kr/wsugang/core?attribute=timeMain","Thu Oct 01 2026 21:11:17 GMT+0900 (한국 표준시)"
"2026","2","도시디자인융합전공","127954","전공","전공선택","전선","AI·디자인시뮬레이션","BVDQ67855","H049","01","2","3","3","주학곤","월1300-1600(실시간온라인)","","도시디자인융합전공","정상","","","","도시디자인융합전공","https://kupis.kku.ac.kr/wsugang/core?attribute=timeMain","Thu Oct 01 2026 21:11:17 GMT+0900 (한국 표준시)"
"2026","2","동화·한국어문화학과","127551","전공","전공선택","전선","고전소설론","BRIO12400","7469","01","3","3","3","허원기","화1030-1200(인문사회관 206), 목1030-1200(인문사회관 206)","","동화미디어콘텐츠학과, 커뮤니케이션문화학부, 한국어문학전공, 미디어문예창작전공, 동화미디어콘텐츠전공, 한국어문콘텐츠전공, 동화·한국어문화전공, 동화·한국어문화학과","정상","","","","동화·한국어문화학과","https://kupis.kku.ac.kr/wsugang/core?attribute=timeMain","Thu Oct 01 2026 21:11:17 GMT+0900 (한국 표준시)"
"2026","2","동화·한국어문화학과","127551","전공","전공선택","전선","고전캐릭터OSMU캡스톤디자인","BRIO57658","7475","01","4","3","3","허원기","화1330-1500(인문사회관 206), 목1330-1500(인문사회관 206)","","동화미디어콘텐츠학과, 커뮤니케이션문화학부, 한국어문학전공, 미디어문예창작전공, 동화미디어콘텐츠전공, 한국어문콘텐츠전공, 동화·한국어문화전공, 동화·한국어문화학과","정상","","","","동화·한국어문화학과","https://kupis.kku.ac.kr/wsugang/core?attribute=timeMain","Thu Oct 01 2026 21:11:17 GMT+0900 (한국 표준시)"
"2026","2","동화·한국어문화학과","127551","전공","전공선택","전선","국문학개론","BRIO00535","7468","01","1","3","3","허원기","월1500-1630(인문사회관 113-1), 수1500-1630(인문사회관 206)","","동화미디어콘텐츠학과, 커뮤니케이션문화학부, 한국어문학전공, 미디어문예창작전공, 동화미디어콘텐츠전공, 한국어문콘텐츠전공, 동화·한국어문화전공, 동화·한국어문화학과, KU자유전공학부","정상","","","","동화·한국어문화학과","https://kupis.kku.ac.kr/wsugang/core?attribute=timeMain","Thu Oct 01 2026 21:11:17 GMT+0900 (한국 표준시)"
"2026","2","동화·한국어문화학과","127551","전공","전공선택","전선","국어학개론","BRIO12425","7470","01","2","3","3","허원욱","화1500-1800(인문사회관 407)","","동화미디어콘텐츠학과, 커뮤니케이션문화학부, 한국어문학전공, 미디어문예창작전공, 동화미디어콘텐츠전공, 한국어문콘텐츠전공, 동화·한국어문화전공, 동화·한국어문화학과","정상","","","","동화·한국어문화학과","https://kupis.kku.ac.kr/wsugang/core?attribute=timeMain","Thu Oct 01 2026 21:11:17 GMT+0900 (한국 표준시)"
"2026","2","동화·한국어문화학과","127551","전공","전공선택","전선","동화영화의이해","BRIO57655","7474","01","3","3","3","김명옥","월0900-1200(인문사회관 206)","","동화미디어콘텐츠학과, 커뮤니케이션문화학부, 한국어문학전공, 미디어문예창작전공, 동화미디어콘텐츠전공, 한국어문콘텐츠전공, 동화·한국어문화전공, 동화·한국어문화학과","정상","","","","동화·한국어문화학과","https://kupis.kku.ac.kr/wsugang/core?attribute=timeMain","Thu Oct 01 2026 21:11:17 GMT+0900 (한국 표준시)"
"2026","2","동화·한국어문화학과","127551","전공","전공선택","전선","동화읽기","BRIO46059","7473","01","1","3","3","이미정","화1630-1800(인문사회관 301), 수1630-1800(인문사회관 407)","","동화미디어콘텐츠학과, 커뮤니케이션문화학부, 한국어문학전공, 미디어문예창작전공, 동화미디어콘텐츠전공, 한국어문콘텐츠전공, 동화·한국어문화전공, 동화·한국어문화학과, KU자유전공학부","정상","","","","동화·한국어문화학과","https://kupis.kku.ac.kr/wsugang/core?attribute=timeMain","Thu Oct 01 2026 21:11:17 GMT+0900 (한국 표준시)"
"2026","2","동화·한국어문화학과","127551","전공","전공선택","전선","동화창작실습","BRIO65402","7481","01","4","3","3","김명옥","월1200-1500(인문사회관 206)","","동화미디어콘텐츠학과, 커뮤니케이션문화학부, 한국어문학전공, 미디어문예창작전공, 동화미디어콘텐츠전공, 한국어문콘텐츠전공, 동화·한국어문화전공, 동화·한국어문화학과","정상","","","","동화·한국어문화학과","https://kupis.kku.ac.kr/wsugang/core?attribute=timeMain","Thu Oct 01 2026 21:11:17 GMT+0900 (한국 표준시)"
"2026","2","동화·한국어문화학과","127551","전공","전공선택","전선","드라마창작실습","BRIO59459","7476","01","3","3","3","이광욱","화1630-1800(인문사회관 416), 목1630-1800(인문사회관 416)","","동화미디어콘텐츠학과, 커뮤니케이션문화학부, 한국어문학전공, 미디어문예창작전공, 동화미디어콘텐츠전공, 한국어문콘텐츠전공, 동화·한국어문화전공, 동화·한국어문화학과","정상","","","","동화·한국어문화학과","https://kupis.kku.ac.kr/wsugang/core?attribute=timeMain","Thu Oct 01 2026 21:11:17 GMT+0900 (한국 표준시)"
"2026","2","동화·한국어문화학과","127551","전공","전공선택","전선","미디어문예창작캡스톤디자인","BRIO68910","7482","01","4","3","3","장성규","화1630-1800(인문사회관 211), 수0900-1030(인문사회관 206)","","동화미디어콘텐츠학과, 커뮤니케이션문화학부, 한국어문학전공, 미디어문예창작전공, 동화미디어콘텐츠전공, 한국어문콘텐츠전공, 동화·한국어문화전공, 동화·한국어문화학과","정상","","","","동화·한국어문화학과","https://kupis.kku.ac.kr/wsugang/core?attribute=timeMain","Thu Oct 01 2026 21:11:17 GMT+0900 (한국 표준시)"
"2026","2","동화·한국어문화학과","127551","전공","전공선택","전선","방송창작실습","BRIO59460","7477","01","4","3","3","이광욱","화1500-1630(인문사회관 416), 금1300-1430(인문사회관 416)","","동화미디어콘텐츠학과, 커뮤니케이션문화학부, 한국어문학전공, 미디어문예창작전공, 동화미디어콘텐츠전공, 한국어문콘텐츠전공, 동화·한국어문화전공, 동화·한국어문화학과","정상","","","","동화·한국어문화학과","https://kupis.kku.ac.kr/wsugang/core?attribute=timeMain","Thu Oct 01 2026 21:11:17 GMT+0900 (한국 표준시)"
"2026","2","동화·한국어문화학과","127551","전공","전공선택","전선","옛이야기의이해","BRIO65361","7479","01","2","3","3","이미정","화1330-1500(인문사회관 211), 목1500-1630(인문사회관 301)","","동화미디어콘텐츠학과, 커뮤니케이션문화학부, 한국어문학전공, 미디어문예창작전공, 동화미디어콘텐츠전공, 한국어문콘텐츠전공, 동화·한국어문화전공, 동화·한국어문화학과","정상","","","","동화·한국어문화학과","https://kupis.kku.ac.kr/wsugang/core?attribute=timeMain","Thu Oct 01 2026 21:11:17 GMT+0900 (한국 표준시)"
"2026","2","동화·한국어문화학과","127551","전공","전공선택","전선","현대동화작품세미나","BRIO65363","7480","01","3","3","3","김문숙","목1500-1800(인문사회관 407)","","동화미디어콘텐츠학과, 커뮤니케이션문화학부, 한국어문학전공, 미디어문예창작전공, 동화미디어콘텐츠전공, 한국어문콘텐츠전공, 동화·한국어문화전공, 동화·한국어문화학과","정상","","","","동화·한국어문화학과","https://kupis.kku.ac.kr/wsugang/core?attribute=timeMain","Thu Oct 01 2026 21:11:17 GMT+0900 (한국 표준시)"
"2026","2","동화·한국어문화학과","127551","전공","전공선택","전선","현대소설론","BRIO12455","7472","01","2","3","3","장성규","월1630-1800(인문사회관 211), 수1030-1200(인문사회관 206)","","동화미디어콘텐츠학과, 커뮤니케이션문화학부, 한국어문학전공, 미디어문예창작전공, 동화미디어콘텐츠전공, 한국어문콘텐츠전공, 동화·한국어문화전공, 동화·한국어문화학과","정상","","","","동화·한국어문화학과","https://kupis.kku.ac.kr/wsugang/core?attribute=timeMain","Thu Oct 01 2026 21:11:17 GMT+0900 (한국 표준시)"
"2026","2","동화·한국어문화학과","127551","전공","전공선택","전선","K-Project","BRIO62441","K008","01","1","1","1.5","이광욱","수1200-1500(인문사회관 206)","8주(9-16주)","동화미디어콘텐츠학과, 커뮤니케이션문화학부, 한국어문학전공, 미디어문예창작전공, 동화미디어콘텐츠전공, 한국어문콘텐츠전공, 동화·한국어문화전공, 동화·한국어문화학과","정상","","","","동화·한국어문화학과","https://kupis.kku.ac.kr/wsugang/core?attribute=timeMain","Thu Oct 01 2026 21:11:17 GMT+0900 (한국 표준시)"
"2026","2","동화·한국어문화학과","127551","전공","전공선택","전선","Nano-LAB기초2(동화·한국어문화)","BRIO67585","N010","01","2","1","1","이광욱","목1500-1600(인문사회관 105)","","동화미디어콘텐츠학과, 커뮤니케이션문화학부, 한국어문학전공, 미디어문예창작전공, 동화미디어콘텐츠전공, 한국어문콘텐츠전공, 동화·한국어문화전공, 동화·한국어문화학과","정상","","","","동화·한국어문화학과","https://kupis.kku.ac.kr/wsugang/core?attribute=timeMain","Thu Oct 01 2026 21:11:17 GMT+0900 (한국 표준시)"
"2026","2","동화·한국어문화학과","127551","전공","전공필수","전필","비평론","BRIO12438","7471","01","3","3","3","장성규","월1500-1630(인문사회관 211), 화1500-1630(인문사회관 211)","","동화미디어콘텐츠학과, 커뮤니케이션문화학부, 한국어문학전공, 미디어문예창작전공, 동화미디어콘텐츠전공, 한국어문콘텐츠전공, 동화·한국어문화전공, 동화·한국어문화학과","정상","","","","동화·한국어문화학과","https://kupis.kku.ac.kr/wsugang/core?attribute=timeMain","Thu Oct 01 2026 21:11:17 GMT+0900 (한국 표준시)"
"2026","2","동화·한국어문화학과","127551","전공","전공필수","전필","판타지동화심리연구","BRIO63583","7478","01","2","3","3","이수경","월1500-1630(인문사회관 407), 수1500-1630(인문사회관 407)","","동화미디어콘텐츠학과, 커뮤니케이션문화학부, 한국어문학전공, 미디어문예창작전공, 동화미디어콘텐츠전공, 한국어문콘텐츠전공, 동화·한국어문화전공, 동화·한국어문화학과","정상","","","","동화·한국어문화학과","https://kupis.kku.ac.kr/wsugang/core?attribute=timeMain","Thu Oct 01 2026 21:11:17 GMT+0900 (한국 표준시)"
"2026","2","디자인대학","122126","전공","전공필수","전필","포토샵과일러스트레이터","BWAA58115","7907","01","1","2","2","정유경","화0900-1100(국제교육관 306-2)","","디자인대학","정상","","","","디자인대학","https://kupis.kku.ac.kr/wsugang/core?attribute=timeMain","Thu Oct 01 2026 21:11:17 GMT+0900 (한국 표준시)"
"2026","2","디자인대학","122126","전공","전공필수","전필","포토샵과일러스트레이터","BWAA58115","7908","02","1","2","2","정유경","화1130-1330(국제교육관 306-2)","","디자인대학","정상","","","","디자인대학","https://kupis.kku.ac.kr/wsugang/core?attribute=timeMain","Thu Oct 01 2026 21:11:17 GMT+0900 (한국 표준시)"
"2026","2","디자인대학","122126","전공","전공필수","전필","포토샵과일러스트레이터","BWAA58115","7909","03","1","2","2","정유경","화1330-1530(국제교육관 306-2)","","디자인대학","정상","","","","디자인대학","https://kupis.kku.ac.kr/wsugang/core?attribute=timeMain","Thu Oct 01 2026 21:11:17 GMT+0900 (한국 표준시)"
"2026","2","디자인대학","122126","전공","전공필수","전필","포토샵과일러스트레이터","BWAA58115","7910","04","1","2","2","민미경","수1000-1200(국제교육관 306-2)","","디자인대학","정상","","","","디자인대학","https://kupis.kku.ac.kr/wsugang/core?attribute=timeMain","Thu Oct 01 2026 21:11:17 GMT+0900 (한국 표준시)"
"2026","2","디자인대학","122126","전공","전공필수","전필","포토샵과일러스트레이터","BWAA58115","7911","05","1","2","2","민미경","수1200-1400(국제교육관 306-2)","","디자인대학","정상","","","","디자인대학","https://kupis.kku.ac.kr/wsugang/core?attribute=timeMain","Thu Oct 01 2026 21:11:17 GMT+0900 (한국 표준시)"
"2026","2","디자인대학","122126","전공","전공필수","전필","포토샵과일러스트레이터","BWAA58115","7912","06","1","2","2","민미경","수1430-1630(국제교육관 306-2)","","디자인대학","정상","","","","디자인대학","https://kupis.kku.ac.kr/wsugang/core?attribute=timeMain","Thu Oct 01 2026 21:11:17 GMT+0900 (한국 표준시)"
"2026","2","메카트로닉스공학과","127553","전공","전공선택","전선","고체역학","NDGD05232","8202","01","2","3","3","홍성경","수1500-1800(자연과학관 502)","","나노전자기계공학과, 나노전자기계공학전공, 기계전자전공, 메카트로닉스공학과","정상","","","","메카트로닉스공학과","https://kupis.kku.ac.kr/wsugang/core?attribute=timeMain","Thu Oct 01 2026 21:11:17 GMT+0900 (한국 표준시)"
"2026","2","메카트로닉스공학과","127553","전공","전공선택","전선","공학수학1","NDGD45470","8208","01","1","3","3","노광모","월0900-1200(국제교육관 007)","","나노전자기계공학과, 나노전자기계공학전공, 기계전자전공, 메카트로닉스공학과","정상","","","","메카트로닉스공학과","https://kupis.kku.ac.kr/wsugang/core?attribute=timeMain","Thu Oct 01 2026 21:11:17 GMT+0900 (한국 표준시)"
"2026","2","메카트로닉스공학과","127553","전공","전공선택","전선","공학수학1","NDGD45470","8209","02","1","3","3","노광모","화1300-1600(국제교육관 007)","","나노전자기계공학과, 나노전자기계공학전공, 기계전자전공, 메카트로닉스공학과","정상","","","","메카트로닉스공학과","https://kupis.kku.ac.kr/wsugang/core?attribute=timeMain","Thu Oct 01 2026 21:11:17 GMT+0900 (한국 표준시)"
"2026","2","메카트로닉스공학과","127553","전공","전공선택","전선","기계공학실험","NDDB65411","8172","01","3","3","3","기석간","월1500-1800(자연과학관 102)","","나노전자기계공학과, 나노전자기계공학전공, 기계전자전공, 메카트로닉스공학과","정상","","","","메카트로닉스공학과","https://kupis.kku.ac.kr/wsugang/core?attribute=timeMain","Thu Oct 01 2026 21:11:17 GMT+0900 (한국 표준시)"
"2026","2","메카트로닉스공학과","127553","전공","전공선택","전선","기초회로설계및실습","NDDB65394","8168","01","2","3","4","정현준","금0900-1300(국제교육관 103)","","나노전자기계공학과, 나노전자기계공학전공, 기계전자전공, 메카트로닉스공학과","정상","","","","메카트로닉스공학과","https://kupis.kku.ac.kr/wsugang/core?attribute=timeMain","Thu Oct 01 2026 21:11:17 GMT+0900 (한국 표준시)"
"2026","2","메카트로닉스공학과","127553","전공","전공선택","전선","기초회로설계및실습","NDDB65394","8169","02","2","3","4","정현준","금1300-1700(국제교육관 103)","","나노전자기계공학과, 나노전자기계공학전공, 기계전자전공, 메카트로닉스공학과","정상","","","","메카트로닉스공학과","https://kupis.kku.ac.kr/wsugang/core?attribute=timeMain","Thu Oct 01 2026 21:11:17 GMT+0900 (한국 표준시)"
"2026","2","메카트로닉스공학과","127553","전공","전공선택","전선","동역학","NDGD06333","8203","01","2","3","3","이은모","목1300-1600(국제교육관 007)","","나노전자기계공학과, 나노전자기계공학전공, 기계전자전공, 메카트로닉스공학과","정상","","","","메카트로닉스공학과","https://kupis.kku.ac.kr/wsugang/core?attribute=timeMain","Thu Oct 01 2026 21:11:17 GMT+0900 (한국 표준시)"
"2026","2","메카트로닉스공학과","127553","전공","전공선택","전선","디지털회로","NDGD15816","8206","01","2","3","3","이영배","월1600-1800(국제교육관 205), 화1500-1600(국제교육관 205)","","나노전자기계공학과, 나노전자기계공학전공, 기계전자전공, 메카트로닉스공학과","정상","","","","메카트로닉스공학과","https://kupis.kku.ac.kr/wsugang/core?attribute=timeMain","Thu Oct 01 2026 21:11:17 GMT+0900 (한국 표준시)"
"2026","2","메카트로닉스공학과","127553","전공","전공선택","전선","미래모빌리티","NDDB65398","8170","01","4","3","3","방승호","월1300-1430(국제교육관 007), 수1030-1200(국제교육관 402)","","나노전자기계공학과, 나노전자기계공학전공, 기계전자전공, 메카트로닉스공학과","정상","","","","메카트로닉스공학과","https://kupis.kku.ac.kr/wsugang/core?attribute=timeMain","Thu Oct 01 2026 21:11:17 GMT+0900 (한국 표준시)"
"2026","2","메카트로닉스공학과","127553","전공","전공선택","전선","센서신호처리","NDGD56231","8210","01","3","3","3","이영배","월1200-1300(국제교육관 007), 화1600-1800(국제교육관 205)","","나노전자기계공학과, 나노전자기계공학전공, 기계전자전공, 메카트로닉스공학과","정상","","","","메카트로닉스공학과","https://kupis.kku.ac.kr/wsugang/core?attribute=timeMain","Thu Oct 01 2026 21:11:17 GMT+0900 (한국 표준시)"
"2026","2","메카트로닉스공학과","127553","전공","전공선택","전선","스마트팩토리현장실습","NDDB67683","8174","01","4","3","3","방승호","목1200-1500(국제교육관 103)","","나노전자기계공학과, 나노전자기계공학전공, 기계전자전공, 메카트로닉스공학과","정상","","","","메카트로닉스공학과","https://kupis.kku.ac.kr/wsugang/core?attribute=timeMain","Thu Oct 01 2026 21:11:17 GMT+0900 (한국 표준시)"
"2026","2","메카트로닉스공학과","127553","전공","전공선택","전선","열전달","NDDB05287","8160","01","3","3","3","기석간","화1300-1430(국제교육관 205), 목1300-1430(국제교육관 205)","","나노전자기계공학과, 나노전자기계공학전공, 기계전자전공, 메카트로닉스공학과","정상","","","","메카트로닉스공학과","https://kupis.kku.ac.kr/wsugang/core?attribute=timeMain","Thu Oct 01 2026 21:11:17 GMT+0900 (한국 표준시)"
"2026","2","메카트로닉스공학과","127553","전공","전공선택","전선","일반물리실험","NDDB65410","8171","01","1","3","3","김미란","금0900-1200(자연과학관 102)","","나노전자기계공학과, 나노전자기계공학전공, 기계전자전공, 메카트로닉스공학과","정상","","","","메카트로닉스공학과","https://kupis.kku.ac.kr/wsugang/core?attribute=timeMain","Thu Oct 01 2026 21:11:17 GMT+0900 (한국 표준시)"
"2026","2","메카트로닉스공학과","127553","전공","전공선택","전선","일반물리실험","NDDB65410","8280","02","1","3","3","","","","나노전자기계공학과, 나노전자기계공학전공, 기계전자전공, 메카트로닉스공학과","폐강","","","","메카트로닉스공학과","https://kupis.kku.ac.kr/wsugang/core?attribute=timeMain","Thu Oct 01 2026 21:11:17 GMT+0900 (한국 표준시)"
"2026","2","메카트로닉스공학과","127553","전공","전공선택","전선","전자공학과융합기술","NDDB67680","8173","01","1","3","3","김형식","화1030-1200(국제교육관 205), 수1500-1630(국제교육관 205)","","나노전자기계공학과, 나노전자기계공학전공, 기계전자전공, 메카트로닉스공학과, KU자유전공학부","정상","","","","메카트로닉스공학과","https://kupis.kku.ac.kr/wsugang/core?attribute=timeMain","Thu Oct 01 2026 21:11:17 GMT+0900 (한국 표준시)"
"2026","2","메카트로닉스공학과","127553","전공","전공선택","전선","전자기학","NDGD15948","8207","01","3","3","3","김태영","수1300-1600(국제교육관 007)","","나노전자기계공학과, 나노전자기계공학전공, 기계전자전공, 메카트로닉스공학과","정상","","","","메카트로닉스공학과","https://kupis.kku.ac.kr/wsugang/core?attribute=timeMain","Thu Oct 01 2026 21:11:17 GMT+0900 (한국 표준시)"
"2026","2","메카트로닉스공학과","127553","전공","전공선택","전선","전자융합디바이스","NDGD61105","8213","01","3","3","3","정현준","목0900-1200(국제교육관 103)","","나노전자기계공학과, 나노전자기계공학전공, 기계전자전공, 메카트로닉스공학과","정상","","","","메카트로닉스공학과","https://kupis.kku.ac.kr/wsugang/core?attribute=timeMain","Thu Oct 01 2026 21:11:17 GMT+0900 (한국 표준시)"
"2026","2","메카트로닉스공학과","127553","전공","전공선택","전선","전자회로1","NDGD61102","8212","01","2","3","3","김형식","월1030-1200(국제교육관 205), 목0900-1030(국제교육관 205)","","나노전자기계공학과, 나노전자기계공학전공, 기계전자전공, 메카트로닉스공학과","정상","","","","메카트로닉스공학과","https://kupis.kku.ac.kr/wsugang/core?attribute=timeMain","Thu Oct 01 2026 21:11:17 GMT+0900 (한국 표준시)"
"2026","2","메카트로닉스공학과","127553","전공","전공선택","전선","지능로봇공학및실습","NDGD57538","8211","01","4","3","3","김원곤","화0900-1030(국제교육관 205), 수1600-1730(국제교육관 402)","","나노전자기계공학과, 나노전자기계공학전공, 기계전자전공, 메카트로닉스공학과","정상","","","","메카트로닉스공학과","https://kupis.kku.ac.kr/wsugang/core?attribute=timeMain","Thu Oct 01 2026 21:11:17 GMT+0900 (한국 표준시)"
"2026","2","메카트로닉스공학과","127553","전공","전공선택","전선","캡스톤디자인2","NDDB54351","8163","01","4","3","3","김형식","화1500-1800(국제교육관 103)","","나노전자기계공학과, 나노전자기계공학전공, 기계전자전공, 메카트로닉스공학과","정상","","","","메카트로닉스공학과","https://kupis.kku.ac.kr/wsugang/core?attribute=timeMain","Thu Oct 01 2026 21:11:17 GMT+0900 (한국 표준시)"
"2026","2","메카트로닉스공학과","127553","전공","전공선택","전선","캡스톤디자인2","NDDB54351","8164","02","4","3","3","기석간","화1500-1600(국제교육관 402), 금1600-1800(국제교육관 007)","","나노전자기계공학과, 나노전자기계공학전공, 기계전자전공, 메카트로닉스공학과","정상","","","","메카트로닉스공학과","https://kupis.kku.ac.kr/wsugang/core?attribute=timeMain","Thu Oct 01 2026 21:11:17 GMT+0900 (한국 표준시)"
"2026","2","메카트로닉스공학과","127553","전공","전공선택","전선","캡스톤디자인2","NDDB54351","8165","03","4","3","3","김원곤","목0900-1200(국제교육관 402)","","나노전자기계공학과, 나노전자기계공학전공, 기계전자전공, 메카트로닉스공학과","정상","","","","메카트로닉스공학과","https://kupis.kku.ac.kr/wsugang/core?attribute=timeMain","Thu Oct 01 2026 21:11:17 GMT+0900 (한국 표준시)"
"2026","2","메카트로닉스공학과","127553","전공","전공선택","전선","캡스톤디자인2","NDDB54351","8166","04","4","3","3","방승호","화1200-1500(국제교육관 402)","","나노전자기계공학과, 나노전자기계공학전공, 기계전자전공, 메카트로닉스공학과","정상","","","","메카트로닉스공학과","https://kupis.kku.ac.kr/wsugang/core?attribute=timeMain","Thu Oct 01 2026 21:11:17 GMT+0900 (한국 표준시)"
"2026","2","메카트로닉스공학과","127553","전공","전공선택","전선","캡스톤디자인2","NDDB54351","8167","05","4","3","3","정현준","화1200-1500(국제교육관 103)","","나노전자기계공학과, 나노전자기계공학전공, 기계전자전공, 메카트로닉스공학과","정상","","","","메카트로닉스공학과","https://kupis.kku.ac.kr/wsugang/core?attribute=timeMain","Thu Oct 01 2026 21:11:17 GMT+0900 (한국 표준시)"
"2026","2","메카트로닉스공학과","127553","전공","전공선택","전선","Nano-LAB심화2(메카트로닉스)","NDDB67643","N052","01","3","1","1","김형식","수0900-1100(국제교육관 103)","8주(1-8주)","나노전자기계공학과, 나노전자기계공학전공, 기계전자전공, 메카트로닉스공학과","정상","","","","메카트로닉스공학과","https://kupis.kku.ac.kr/wsugang/core?attribute=timeMain","Thu Oct 01 2026 21:11:17 GMT+0900 (한국 표준시)"
"2026","2","메카트로닉스공학과","127553","전공","전공필수","전필","기계제도및실습","NDGD14066","8204","01","2","3","3","김원곤","월1230-1430(국제교육관 205), 화1100-1200(국제교육관 402)","","나노전자기계공학과, 나노전자기계공학전공, 기계전자전공, 메카트로닉스공학과","정상","","","","메카트로닉스공학과","https://kupis.kku.ac.kr/wsugang/core?attribute=timeMain","Thu Oct 01 2026 21:11:17 GMT+0900 (한국 표준시)"
"2026","2","메카트로닉스공학과","127553","전공","전공필수","전필","기계제도및실습","NDGD14066","8205","02","2","3","3","김원곤","화1600-1700(국제교육관 402), 수0900-1100(국제교육관 205)","","나노전자기계공학과, 나노전자기계공학전공, 기계전자전공, 메카트로닉스공학과","정상","","","","메카트로닉스공학과","https://kupis.kku.ac.kr/wsugang/core?attribute=timeMain","Thu Oct 01 2026 21:11:17 GMT+0900 (한국 표준시)"
"2026","2","메카트로닉스공학과","127553","전공","전공필수","전필","일반물리학2","NDDB49144","8161","01","1","3","3","이은모","목0900-1200(국제교육관 007)","","나노전자기계공학과, 나노전자기계공학전공, 기계전자전공, 메카트로닉스공학과, KU자유전공학부","정상","","","","메카트로닉스공학과","https://kupis.kku.ac.kr/wsugang/core?attribute=timeMain","Thu Oct 01 2026 21:11:17 GMT+0900 (한국 표준시)"
"2026","2","메카트로닉스공학과","127553","전공","전공필수","전필","일반물리학2","NDDB49144","8162","02","1","3","3","김태영","수0900-1200(국제교육관 007)","","나노전자기계공학과, 나노전자기계공학전공, 기계전자전공, 메카트로닉스공학과, KU자유전공학부","정상","","","","메카트로닉스공학과","https://kupis.kku.ac.kr/wsugang/core?attribute=timeMain","Thu Oct 01 2026 21:11:17 GMT+0900 (한국 표준시)"
"2026","2","문헌정보학과","127250","전공","전공선택","전선","관종별도서관운영론","BRIV50241","7581","01","3","3","3","노우진","목1030-1330(인문사회관 113-1)","","문헌정보학과, 문헌정보학과","정상","","","","문헌정보학과","https://kupis.kku.ac.kr/wsugang/core?attribute=timeMain","Thu Oct 01 2026 21:11:17 GMT+0900 (한국 표준시)"
"2026","2","문헌정보학과","127250","전공","전공선택","전선","데이터시각화","BRIV58338","7587","01","3","3","3","김성훈","화1330-1500(인문사회관 202), 목1330-1500(인문사회관 202)","","문헌정보학과, 문헌정보학과","정상","","","","문헌정보학과","https://kupis.kku.ac.kr/wsugang/core?attribute=timeMain","Thu Oct 01 2026 21:11:17 GMT+0900 (한국 표준시)"
"2026","2","문헌정보학과","127250","전공","전공선택","전선","독서지도론","BRIV12761","7578","01","1","3","3","이세나","목1500-1800(인문사회관 113-1)","","문헌정보학과, 문헌정보학과, KU자유전공학부","정상","","","","문헌정보학과","https://kupis.kku.ac.kr/wsugang/core?attribute=timeMain","Thu Oct 01 2026 21:11:17 GMT+0900 (한국 표준시)"
"2026","2","문헌정보학과","127250","전공","전공선택","전선","디지털큐레이션","BRIV63409","7588","01","1","3","3","김성훈","화0900-1030(인문사회관 101), 목0900-1030(인문사회관 101)","","문헌정보학과, 문헌정보학과, KU자유전공학부","정상","","","","문헌정보학과","https://kupis.kku.ac.kr/wsugang/core?attribute=timeMain","Thu Oct 01 2026 21:11:17 GMT+0900 (한국 표준시)"
"2026","2","문헌정보학과","127250","전공","전공선택","전선","색인초록과데이터베이스","BRIV67706","7591","01","3","3","3","김성훈","화1500-1630(인문사회관 113-1), 목1500-1630(인문사회관 202)","","문헌정보학과, 문헌정보학과","정상","","","","문헌정보학과","https://kupis.kku.ac.kr/wsugang/core?attribute=timeMain","Thu Oct 01 2026 21:11:17 GMT+0900 (한국 표준시)"
"2026","2","문헌정보학과","127250","전공","전공선택","전선","장서개발론","BRIV51409","7583","01","2","3","3","나경식","월1630-1800(인문사회관 202), 화1630-1800(인문사회관 202)","","문헌정보학과, 문헌정보학과","정상","","","","문헌정보학과","https://kupis.kku.ac.kr/wsugang/core?attribute=timeMain","Thu Oct 01 2026 21:11:17 GMT+0900 (한국 표준시)"
"2026","2","문헌정보학과","127250","전공","전공선택","전선","전문사서와주제별정보원","BRIV54913","7584","01","2","3","3","노영희","화1030-1330(인문사회관 202)","","문헌정보학과, 문헌정보학과","정상","","","","문헌정보학과","https://kupis.kku.ac.kr/wsugang/core?attribute=timeMain","Thu Oct 01 2026 21:11:17 GMT+0900 (한국 표준시)"
"2026","2","문헌정보학과","127250","전공","전공선택","전선","전자기록관리론","BRIV67708","7592","01","4","3","3","","","","문헌정보학과, 문헌정보학과","폐강","","","","문헌정보학과","https://kupis.kku.ac.kr/wsugang/core?attribute=timeMain","Thu Oct 01 2026 21:11:17 GMT+0900 (한국 표준시)"
"2026","2","문헌정보학과","127250","전공","전공선택","전선","정보리터러시","BRIV12791","7579","01","2","3","3","노영희","월0900-1200(실시간온라인)","","문헌정보학과, 문헌정보학과","정상","","","","문헌정보학과","https://kupis.kku.ac.kr/wsugang/core?attribute=timeMain","Thu Oct 01 2026 21:11:17 GMT+0900 (한국 표준시)"
"2026","2","문헌정보학과","127250","전공","전공선택","전선","정보통신테크놀로지","BRIV56596","7586","01","2","3","3","나경식","월1500-1630(인문사회관 202), 화1500-1630(인문사회관 202)","","문헌정보학과, 문헌정보학과","정상","","","","문헌정보학과","https://kupis.kku.ac.kr/wsugang/core?attribute=timeMain","Thu Oct 01 2026 21:11:17 GMT+0900 (한국 표준시)"
"2026","2","문헌정보학과","127250","전공","전공선택","전선","지식정보취약계층도서관서비스","BRIV54915","7585","01","4","3","3","노정원","금1030-1330(인문사회관 113-1)","","문헌정보학과, 문헌정보학과","정상","","","","문헌정보학과","https://kupis.kku.ac.kr/wsugang/core?attribute=timeMain","Thu Oct 01 2026 21:11:17 GMT+0900 (한국 표준시)"
"2026","2","문헌정보학과","127250","전공","전공선택","전선","지역전문가특강과도서관(특강)","BRIV67922","7593","01","4","3","3","노영희","월1200-1500(인문사회관 113-1)","","문헌정보학과, 문헌정보학과","정상","","","","문헌정보학과","https://kupis.kku.ac.kr/wsugang/core?attribute=timeMain","Thu Oct 01 2026 21:11:17 GMT+0900 (한국 표준시)"
"2026","2","문헌정보학과","127250","전공","전공선택","전선","차세대디지털도서관","BRIV63533","7589","01","3","3","3","노영희","화0900-1030(인문사회관 202), 수0900-1030(인문사회관 202)","","문헌정보학과, 문헌정보학과","정상","","","","문헌정보학과","https://kupis.kku.ac.kr/wsugang/core?attribute=timeMain","Thu Oct 01 2026 21:11:17 GMT+0900 (한국 표준시)"
"2026","2","문헌정보학과","127250","전공","전공선택","전선","학술정보웹사이트구축론","BRIV51407","7582","01","3","3","3","김호원","금1030-1330(인문사회관 202)","","문헌정보학과, 문헌정보학과","정상","","","","문헌정보학과","https://kupis.kku.ac.kr/wsugang/core?attribute=timeMain","Thu Oct 01 2026 21:11:17 GMT+0900 (한국 표준시)"
"2026","2","문헌정보학과","127250","전공","전공선택","전선","K-Project","BRIV62441","K009","01","1","1","1.5","노영희","목1030-1200(인문사회관 202)","","문헌정보학과, 문헌정보학과","정상","","","","문헌정보학과","https://kupis.kku.ac.kr/wsugang/core?attribute=timeMain","Thu Oct 01 2026 21:11:17 GMT+0900 (한국 표준시)"
"2026","2","문헌정보학과","127250","전공","전공선택","전선","K-Project","BRIV62441","K010","02","1","1","1.5","나경식","수1030-1330(인문사회관 113-1)","8주(1-8주)","문헌정보학과, 문헌정보학과","정상","","","","문헌정보학과","https://kupis.kku.ac.kr/wsugang/core?attribute=timeMain","Thu Oct 01 2026 21:11:17 GMT+0900 (한국 표준시)"
"2026","2","문헌정보학과","127250","전공","전공선택","전선","K-Project","BRIV62441","K011","03","1","1","1.5","김성훈","수1500-1800(인문사회관 101)","8주(1-8주)","문헌정보학과, 문헌정보학과","정상","","","","문헌정보학과","https://kupis.kku.ac.kr/wsugang/core?attribute=timeMain","Thu Oct 01 2026 21:11:17 GMT+0900 (한국 표준시)"
"2026","2","문헌정보학과","127250","전공","전공선택","전선","Nano-LAB기초2(문헌정보)","BRIV67581","N011","01","2","1","1","노영희","수1500-1700(교수연구동 217)","8주(1-8주)","문헌정보학과, 문헌정보학과","정상","","","","문헌정보학과","https://kupis.kku.ac.kr/wsugang/core?attribute=timeMain","Thu Oct 01 2026 21:11:17 GMT+0900 (한국 표준시)"
"2026","2","문헌정보학과","127250","전공","전공선택","전선","Nano-LAB기초2(문헌정보)","BRIV67581","N012","02","2","1","1","나경식","수1500-1700(인문사회관 202)","8주(1-8주)","문헌정보학과, 문헌정보학과","정상","","","","문헌정보학과","https://kupis.kku.ac.kr/wsugang/core?attribute=timeMain","Thu Oct 01 2026 21:11:17 GMT+0900 (한국 표준시)"
"2026","2","문헌정보학과","127250","전공","전공선택","전선","Nano-LAB기초2(문헌정보)","BRIV67581","N013","03","2","1","1","김성훈","수1500-1700(인문사회관 202)","8주(9-16주)","문헌정보학과, 문헌정보학과","정상","","","","문헌정보학과","https://kupis.kku.ac.kr/wsugang/core?attribute=timeMain","Thu Oct 01 2026 21:11:17 GMT+0900 (한국 표준시)"
"2026","2","문헌정보학과","127250","전공","전공필수","전필","목록학","BRIV67704","7590","01","2","3","3","나경식","금0900-1200(실시간온라인)","","문헌정보학과, 문헌정보학과","정상","","","","문헌정보학과","https://kupis.kku.ac.kr/wsugang/core?attribute=timeMain","Thu Oct 01 2026 21:11:17 GMT+0900 (한국 표준시)"
"2026","2","문헌정보학과","127250","전공","전공필수","전필","인턴쉽","BRIV14969","7580","01","4","3","3","노영희","금1330-1630(인문사회관 113-1)","","문헌정보학과, 문헌정보학과","정상","","","","문헌정보학과","https://kupis.kku.ac.kr/wsugang/core?attribute=timeMain","Thu Oct 01 2026 21:11:17 GMT+0900 (한국 표준시)"
"2026","2","미디어영상학과","128124","전공","전공선택","전선","문화간커뮤니케이션","BVFJ48350","H054","01","2","3","3","반명진","월1030-1330(인문사회관 303)","","미디어영상학과","정상","","","","미디어영상학과","https://kupis.kku.ac.kr/wsugang/core?attribute=timeMain","Thu Oct 01 2026 21:11:17 GMT+0900 (한국 표준시)"
"2026","2","미디어영상학과","128124","전공","전공선택","전선","문화콘텐츠분석","BVFJ67110","H058","01","3","3","3","이유정","화1500-1630(인문사회관 303), 목1500-1630(인문사회관 303)","","미디어영상학과","정상","","","중국어","미디어영상학과","https://kupis.kku.ac.kr/wsugang/core?attribute=timeMain","Thu Oct 01 2026 21:11:17 GMT+0900 (한국 표준시)"
"2026","2","미디어영상학과","128124","전공","전공선택","전선","미디어기획과표현","BVFJ68873","H059","01","1","3","3","청지아홍","금0900-1200(인문사회관 303)","","미디어영상학과","정상","","","","미디어영상학과","https://kupis.kku.ac.kr/wsugang/core?attribute=timeMain","Thu Oct 01 2026 21:11:17 GMT+0900 (한국 표준시)"
"2026","2","미디어영상학과","128124","전공","전공선택","전선","미디어기획과표현","BVFJ68873","H060","02","1","3","3","청지아홍","금1200-1500(인문사회관 303)","","미디어영상학과","정상","","","","미디어영상학과","https://kupis.kku.ac.kr/wsugang/core?attribute=timeMain","Thu Oct 01 2026 21:11:17 GMT+0900 (한국 표준시)"
"2026","2","미디어영상학과","128124","전공","전공선택","전선","미디어이슈와토론","BVFJ68891","H063","01","4","3","3","이유정","화1330-1500(인문사회관 303), 목1330-1500(인문사회관 303)","","미디어영상학과","정상","","","중국어","미디어영상학과","https://kupis.kku.ac.kr/wsugang/core?attribute=timeMain","Thu Oct 01 2026 21:11:17 GMT+0900 (한국 표준시)"
"2026","2","미디어영상학과","128124","전공","전공선택","전선","미디어테크놀로지와문화","BVFJ65963","H057","01","2","3","3","반명진","월1500-1800(인문사회관 303)","","미디어영상학과","정상","","","","미디어영상학과","https://kupis.kku.ac.kr/wsugang/core?attribute=timeMain","Thu Oct 01 2026 21:11:17 GMT+0900 (한국 표준시)"
"2026","2","미디어영상학과","128124","전공","전공선택","전선","미디어효과이론","BVFJ55682","H055","01","3","3","3","김영은","수1500-1800(인문사회관 303)","","미디어영상학과","정상","","","","미디어영상학과","https://kupis.kku.ac.kr/wsugang/core?attribute=timeMain","Thu Oct 01 2026 21:11:17 GMT+0900 (한국 표준시)"
"2026","2","미디어영상학과","128124","전공","전공선택","전선","영화의이해","BVFJ11228","H053","01","2","3","3","이유정","월0900-1030(인문사회관 303), 수0900-1030(인문사회관 303)","","미디어영상학과","정상","","","","미디어영상학과","https://kupis.kku.ac.kr/wsugang/core?attribute=timeMain","Thu Oct 01 2026 21:11:17 GMT+0900 (한국 표준시)"
"2026","2","미디어영상학과","128124","전공","전공선택","전선","저널리즘글쓰기","BVFJ63064","H056","01","1","3","3","김영은","수1030-1330(인문사회관 303)","","미디어영상학과","정상","","","","미디어영상학과","https://kupis.kku.ac.kr/wsugang/core?attribute=timeMain","Thu Oct 01 2026 21:11:17 GMT+0900 (한국 표준시)"
"2026","2","미디어영상학과","128124","전공","전공선택","전선","트랜스미디어스토리텔링","BVFJ68890","H062","01","4","3","3","김동환","금1500-1800(인문사회관 303)","","미디어영상학과","정상","","","","미디어영상학과","https://kupis.kku.ac.kr/wsugang/core?attribute=timeMain","Thu Oct 01 2026 21:11:17 GMT+0900 (한국 표준시)"
"2026","2","미디어영상학과","128124","전공","전공선택","전선","한국의대중문화와미디어","BVFJ68874","H061","01","1","3","3","이유정","화1200-1330(인문사회관 303), 목1200-1330(인문사회관 303)","","미디어영상학과","정상","","","","미디어영상학과","https://kupis.kku.ac.kr/wsugang/core?attribute=timeMain","Thu Oct 01 2026 21:11:17 GMT+0900 (한국 표준시)"
"2026","2","미디어콘텐츠학과","127546","전공","전공선택","전선","3D애니메이션","BWLC53590","8078","01","2","3","3","이승엽","월1000-1300(교수연구동 103)","","다이나믹미디어학과, 방송영상전공, 광고홍보전공, 다이나믹미디어전공, 미디어콘텐츠전공, 미디어콘텐츠학과","정상","","","","미디어콘텐츠학과","https://kupis.kku.ac.kr/wsugang/core?attribute=timeMain","Thu Oct 01 2026 21:11:17 GMT+0900 (한국 표준시)"
"2026","2","미디어콘텐츠학과","127546","전공","전공선택","전선","3D애니메이션","BWLC53590","8079","02","2","3","3","이승엽","월1430-1730(교수연구동 103)","","다이나믹미디어학과, 방송영상전공, 광고홍보전공, 다이나믹미디어전공, 미디어콘텐츠전공, 미디어콘텐츠학과","정상","","","","미디어콘텐츠학과","https://kupis.kku.ac.kr/wsugang/core?attribute=timeMain","Thu Oct 01 2026 21:11:17 GMT+0900 (한국 표준시)"
"2026","2","미디어콘텐츠학과","127546","전공","전공선택","전선","게임콘텐츠","BWLC63362","8092","01","2","3","3","홍상화","화0900-1200(교수연구동 105)","","다이나믹미디어학과, 방송영상전공, 광고홍보전공, 다이나믹미디어전공, 미디어콘텐츠전공, 미디어콘텐츠학과","정상","","","","미디어콘텐츠학과","https://kupis.kku.ac.kr/wsugang/core?attribute=timeMain","Thu Oct 01 2026 21:11:17 GMT+0900 (한국 표준시)"
"2026","2","미디어콘텐츠학과","127546","전공","전공선택","전선","기초디자인공학","BWLC67824","8101","01","1","3","3","홍상화","수0900-1200(국제교육관 008-1)","","다이나믹미디어학과, 방송영상전공, 광고홍보전공, 다이나믹미디어전공, 미디어콘텐츠전공, 미디어콘텐츠학과","정상","","","","미디어콘텐츠학과","https://kupis.kku.ac.kr/wsugang/core?attribute=timeMain","Thu Oct 01 2026 21:11:17 GMT+0900 (한국 표준시)"
"2026","2","미디어콘텐츠학과","127546","전공","전공선택","전선","디지털페인팅","BWLC64574","8098","01","2","3","3","최일","화1330-1630(복합실습동 103)","","다이나믹미디어학과, 방송영상전공, 광고홍보전공, 다이나믹미디어전공, 미디어콘텐츠전공, 미디어콘텐츠학과","정상","","","","미디어콘텐츠학과","https://kupis.kku.ac.kr/wsugang/core?attribute=timeMain","Thu Oct 01 2026 21:11:17 GMT+0900 (한국 표준시)"
"2026","2","미디어콘텐츠학과","127546","전공","전공선택","전선","디지털페인팅","BWLC64574","8099","02","2","3","3","최일","목1330-1630(복합실습동 103)","","다이나믹미디어학과, 방송영상전공, 광고홍보전공, 다이나믹미디어전공, 미디어콘텐츠전공, 미디어콘텐츠학과","정상","","","","미디어콘텐츠학과","https://kupis.kku.ac.kr/wsugang/core?attribute=timeMain","Thu Oct 01 2026 21:11:17 GMT+0900 (한국 표준시)"
"2026","2","미디어콘텐츠학과","127546","전공","전공선택","전선","만화콘텐츠2","BWLC59689","8081","01","1","3","3","신명환","화1330-1630(교수연구동 104)","","다이나믹미디어학과, 방송영상전공, 광고홍보전공, 다이나믹미디어전공, 미디어콘텐츠전공, 미디어콘텐츠학과","정상","","","","미디어콘텐츠학과","https://kupis.kku.ac.kr/wsugang/core?attribute=timeMain","Thu Oct 01 2026 21:11:17 GMT+0900 (한국 표준시)"
"2026","2","미디어콘텐츠학과","127546","전공","전공선택","전선","무대영상","BWLC59690","8082","01","2","3","3","류윤희","수0900-1200(교수연구동 105)","","다이나믹미디어학과, 방송영상전공, 광고홍보전공, 다이나믹미디어전공, 미디어콘텐츠전공, 미디어콘텐츠학과","정상","","","","미디어콘텐츠학과","https://kupis.kku.ac.kr/wsugang/core?attribute=timeMain","Thu Oct 01 2026 21:11:17 GMT+0900 (한국 표준시)"
"2026","2","미디어콘텐츠학과","127546","전공","전공선택","전선","무대영상","BWLC59690","8083","02","2","3","3","류윤희","수1330-1630(교수연구동 105)","","다이나믹미디어학과, 방송영상전공, 광고홍보전공, 다이나믹미디어전공, 미디어콘텐츠전공, 미디어콘텐츠학과","정상","","","","미디어콘텐츠학과","https://kupis.kku.ac.kr/wsugang/core?attribute=timeMain","Thu Oct 01 2026 21:11:17 GMT+0900 (한국 표준시)"
"2026","2","미디어콘텐츠학과","127546","전공","전공선택","전선","문화기획(특강)","BWLC68029","8103","01","3","3","3","최원석","수0900-1030(복합실습동 103), 수1100-1230(복합실습동 103)","","다이나믹미디어학과, 방송영상전공, 광고홍보전공, 다이나믹미디어전공, 미디어콘텐츠전공, 미디어콘텐츠학과","정상","","","","미디어콘텐츠학과","https://kupis.kku.ac.kr/wsugang/core?attribute=timeMain","Thu Oct 01 2026 21:11:17 GMT+0900 (한국 표준시)"
"2026","2","미디어콘텐츠학과","127546","전공","전공선택","전선","미디어아트2","BWLC59699","8085","01","3","3","3","오민정","월1330-1630(교수연구동 104)","","다이나믹미디어학과, 방송영상전공, 광고홍보전공, 다이나믹미디어전공, 미디어콘텐츠전공, 미디어콘텐츠학과","정상","","","","미디어콘텐츠학과","https://kupis.kku.ac.kr/wsugang/core?attribute=timeMain","Thu Oct 01 2026 21:11:17 GMT+0900 (한국 표준시)"
"2026","2","미디어콘텐츠학과","127546","전공","전공선택","전선","미디어콘텐츠유통서비스","BWLC59758","8088","01","4","3","3","홍상화","월1330-1630(교수연구동 105)","","다이나믹미디어학과, 방송영상전공, 광고홍보전공, 다이나믹미디어전공, 미디어콘텐츠전공, 미디어콘텐츠학과","정상","","","","미디어콘텐츠학과","https://kupis.kku.ac.kr/wsugang/core?attribute=timeMain","Thu Oct 01 2026 21:11:17 GMT+0900 (한국 표준시)"
"2026","2","미디어콘텐츠학과","127546","전공","전공선택","전선","미디어콘텐츠제작종합설계","BWLC59705","8087","01","4","3","3","권아람","수0900-1200(교수연구동 104)","","다이나믹미디어학과, 방송영상전공, 광고홍보전공, 다이나믹미디어전공, 미디어콘텐츠전공, 미디어콘텐츠학과","정상","","","","미디어콘텐츠학과","https://kupis.kku.ac.kr/wsugang/core?attribute=timeMain","Thu Oct 01 2026 21:11:17 GMT+0900 (한국 표준시)"
"2026","2","미디어콘텐츠학과","127546","전공","전공선택","전선","사진&이미지","BWLC63440","8093","01","1","3","3","최원석","화0900-1030(교수연구동 102), 화1030-1200(교수연구동 103)","","다이나믹미디어학과, 방송영상전공, 광고홍보전공, 다이나믹미디어전공, 미디어콘텐츠전공, 미디어콘텐츠학과","정상","","","","미디어콘텐츠학과","https://kupis.kku.ac.kr/wsugang/core?attribute=timeMain","Thu Oct 01 2026 21:11:17 GMT+0900 (한국 표준시)"
"2026","2","미디어콘텐츠학과","127546","전공","전공선택","전선","사진&이미지","BWLC63440","8094","02","1","3","3","최원석","목0900-1030(교수연구동 102), 목1030-1200(교수연구동 103)","","다이나믹미디어학과, 방송영상전공, 광고홍보전공, 다이나믹미디어전공, 미디어콘텐츠전공, 미디어콘텐츠학과","정상","","","","미디어콘텐츠학과","https://kupis.kku.ac.kr/wsugang/core?attribute=timeMain","Thu Oct 01 2026 21:11:17 GMT+0900 (한국 표준시)"
"2026","2","미디어콘텐츠학과","127546","전공","전공선택","전선","영상그래픽VFX","BWLC63493","8095","01","3","3","3","성민정","수0900-1030(교수연구동 102), 수1030-1200(교수연구동 103)","","다이나믹미디어학과, 방송영상전공, 광고홍보전공, 다이나믹미디어전공, 미디어콘텐츠전공, 미디어콘텐츠학과","정상","","","","미디어콘텐츠학과","https://kupis.kku.ac.kr/wsugang/core?attribute=timeMain","Thu Oct 01 2026 21:11:17 GMT+0900 (한국 표준시)"
"2026","2","미디어콘텐츠학과","127546","전공","전공선택","전선","영상음향","BWLC59688","8080","01","2","3","3","유태선","목0900-1200(교수연구동 104)","","다이나믹미디어학과, 방송영상전공, 광고홍보전공, 다이나믹미디어전공, 미디어콘텐츠전공, 미디어콘텐츠학과","정상","","","","미디어콘텐츠학과","https://kupis.kku.ac.kr/wsugang/core?attribute=timeMain","Thu Oct 01 2026 21:11:17 GMT+0900 (한국 표준시)"
"2026","2","미디어콘텐츠학과","127546","전공","전공선택","전선","영화콘텐츠","BWLC59695","8084","01","3","3","3","신승주","월0900-1200(교수연구동 104)","","다이나믹미디어학과, 방송영상전공, 광고홍보전공, 다이나믹미디어전공, 미디어콘텐츠전공, 미디어콘텐츠학과","정상","","","","미디어콘텐츠학과","https://kupis.kku.ac.kr/wsugang/core?attribute=timeMain","Thu Oct 01 2026 21:11:17 GMT+0900 (한국 표준시)"
"2026","2","미디어콘텐츠학과","127546","전공","전공선택","전선","원천콘텐츠제작종합설계","BWLC59791","8090","01","4","3","3","최일","금0900-1200(복합실습동 103)","","다이나믹미디어학과, 방송영상전공, 광고홍보전공, 다이나믹미디어전공, 미디어콘텐츠전공, 미디어콘텐츠학과","정상","","","","미디어콘텐츠학과","https://kupis.kku.ac.kr/wsugang/core?attribute=timeMain","Thu Oct 01 2026 21:11:17 GMT+0900 (한국 표준시)"
"2026","2","미디어콘텐츠학과","127546","전공","전공선택","전선","융복합영상프로젝트","BWLC64577","8100","01","3","3","3","신승주","월1330-1630(교수연구동 102)","","다이나믹미디어학과, 방송영상전공, 광고홍보전공, 다이나믹미디어전공, 미디어콘텐츠전공, 미디어콘텐츠학과","정상","","","","미디어콘텐츠학과","https://kupis.kku.ac.kr/wsugang/core?attribute=timeMain","Thu Oct 01 2026 21:11:17 GMT+0900 (한국 표준시)"
"2026","2","미디어콘텐츠학과","127546","전공","전공선택","전선","이용자제작콘텐츠","BWLC59700","8086","01","3","3","3","홍상화","목0900-1200(국제교육관 008-1)","","다이나믹미디어학과, 방송영상전공, 광고홍보전공, 다이나믹미디어전공, 미디어콘텐츠전공, 미디어콘텐츠학과","정상","","","","미디어콘텐츠학과","https://kupis.kku.ac.kr/wsugang/core?attribute=timeMain","Thu Oct 01 2026 21:11:17 GMT+0900 (한국 표준시)"
"2026","2","미디어콘텐츠학과","127546","전공","전공선택","전선","자유전공실습2","BWLC68036","8104","01","1","3","3","권아람","화1330-1630(교수연구동 103)","","다이나믹미디어학과, 방송영상전공, 광고홍보전공, 다이나믹미디어전공, 미디어콘텐츠전공, 미디어콘텐츠학과","정상","","","","미디어콘텐츠학과","https://kupis.kku.ac.kr/wsugang/core?attribute=timeMain","Thu Oct 01 2026 21:11:17 GMT+0900 (한국 표준시)"
"2026","2","미디어콘텐츠학과","127546","전공","전공선택","전선","차세대콘텐츠제작종합설계","BWLC59790","8089","01","4","3","3","최원석","화1330-1630(교수연구동 105)","","다이나믹미디어학과, 방송영상전공, 광고홍보전공, 다이나믹미디어전공, 미디어콘텐츠전공, 미디어콘텐츠학과","정상","","","","미디어콘텐츠학과","https://kupis.kku.ac.kr/wsugang/core?attribute=timeMain","Thu Oct 01 2026 21:11:17 GMT+0900 (한국 표준시)"
"2026","2","미디어콘텐츠학과","127546","전공","전공선택","전선","특수촬영","BWLC63562","8097","01","2","3","3","이순일","금0900-1200(교수연구동 103)","","다이나믹미디어학과, 방송영상전공, 광고홍보전공, 다이나믹미디어전공, 미디어콘텐츠전공, 미디어콘텐츠학과","정상","","","","미디어콘텐츠학과","https://kupis.kku.ac.kr/wsugang/core?attribute=timeMain","Thu Oct 01 2026 21:11:17 GMT+0900 (한국 표준시)"
"2026","2","미디어콘텐츠학과","127546","전공","전공선택","전선","K-Project","BWLC62441","K012","01","1","1","1.5","홍상화","수1500-1800(복합실습동 103)","8주(1-8주)","다이나믹미디어학과, 방송영상전공, 광고홍보전공, 다이나믹미디어전공, 미디어콘텐츠전공, 미디어콘텐츠학과","정상","","","","미디어콘텐츠학과","https://kupis.kku.ac.kr/wsugang/core?attribute=timeMain","Thu Oct 01 2026 21:11:17 GMT+0900 (한국 표준시)"
"2026","2","미디어콘텐츠학과","127546","전공","전공선택","전선","K-Project","BWLC62441","K013","02","1","1","1.5","최일","수1500-1800(복합실습동 103)","8주(9-16주)","다이나믹미디어학과, 방송영상전공, 광고홍보전공, 다이나믹미디어전공, 미디어콘텐츠전공, 미디어콘텐츠학과","정상","","","","미디어콘텐츠학과","https://kupis.kku.ac.kr/wsugang/core?attribute=timeMain","Thu Oct 01 2026 21:11:17 GMT+0900 (한국 표준시)"
"2026","2","미디어콘텐츠학과","127546","전공","전공선택","전선","Nano-LAB심화2(미디어콘텐츠)","BWLC67631","N053","01","3","1","1","권아람","금0900-1300(교수연구동 104)","4주(5-8주)","다이나믹미디어학과, 방송영상전공, 광고홍보전공, 다이나믹미디어전공, 미디어콘텐츠전공, 미디어콘텐츠학과","정상","","","","미디어콘텐츠학과","https://kupis.kku.ac.kr/wsugang/core?attribute=timeMain","Thu Oct 01 2026 21:11:17 GMT+0900 (한국 표준시)"
"2026","2","미디어콘텐츠학과","127546","전공","전공선택","전선","Nano-LAB심화2(미디어콘텐츠)","BWLC67631","N054","02","3","1","1","최원석","금0900-1300(교수연구동 105)","4주(5-8주)","다이나믹미디어학과, 방송영상전공, 광고홍보전공, 다이나믹미디어전공, 미디어콘텐츠전공, 미디어콘텐츠학과","정상","","","","미디어콘텐츠학과","https://kupis.kku.ac.kr/wsugang/core?attribute=timeMain","Thu Oct 01 2026 21:11:17 GMT+0900 (한국 표준시)"
"2026","2","미디어콘텐츠학과","127546","전공","전공선택","전선","VR/AR/XR콘텐츠","BWLC63357","8091","01","3","3","3","유남규","수1330-1630(교수연구동 103)","","다이나믹미디어학과, 방송영상전공, 광고홍보전공, 다이나믹미디어전공, 미디어콘텐츠전공, 미디어콘텐츠학과","정상","","","","미디어콘텐츠학과","https://kupis.kku.ac.kr/wsugang/core?attribute=timeMain","Thu Oct 01 2026 21:11:17 GMT+0900 (한국 표준시)"
"2026","2","미디어콘텐츠학과","127546","전공","전공필수","전필","미디어큐레이션","BWLC67825","8102","01","2","3","3","권아람","월1330-1630(창의예술관 204호)","","다이나믹미디어학과, 방송영상전공, 광고홍보전공, 다이나믹미디어전공, 미디어콘텐츠전공, 미디어콘텐츠학과","정상","","","","미디어콘텐츠학과","https://kupis.kku.ac.kr/wsugang/core?attribute=timeMain","Thu Oct 01 2026 21:11:17 GMT+0900 (한국 표준시)"
"2026","2","미디어콘텐츠학과","127546","전공","전공필수","전필","영상편집","BWLC39630","8075","01","2","3","3","인진미","목0900-1200(교수연구동 105)","","다이나믹미디어학과, 방송영상전공, 광고홍보전공, 다이나믹미디어전공, 미디어콘텐츠전공, 미디어콘텐츠학과","정상","","","","미디어콘텐츠학과","https://kupis.kku.ac.kr/wsugang/core?attribute=timeMain","Thu Oct 01 2026 21:11:17 GMT+0900 (한국 표준시)"
"2026","2","미디어콘텐츠학과","127546","전공","전공필수","전필","영상편집","BWLC39630","8076","02","2","3","3","인진미","목1200-1500(교수연구동 105)","","다이나믹미디어학과, 방송영상전공, 광고홍보전공, 다이나믹미디어전공, 미디어콘텐츠전공, 미디어콘텐츠학과","정상","","","","미디어콘텐츠학과","https://kupis.kku.ac.kr/wsugang/core?attribute=timeMain","Thu Oct 01 2026 21:11:17 GMT+0900 (한국 표준시)"
"2026","2","미디어콘텐츠학과","127546","전공","전공필수","전필","영상편집","BWLC39630","8077","03","2","3","3","인진미","목1500-1800(교수연구동 105)","","다이나믹미디어학과, 방송영상전공, 광고홍보전공, 다이나믹미디어전공, 미디어콘텐츠전공, 미디어콘텐츠학과","정상","","","","미디어콘텐츠학과","https://kupis.kku.ac.kr/wsugang/core?attribute=timeMain","Thu Oct 01 2026 21:11:17 GMT+0900 (한국 표준시)"
"2026","2","바이오메디컬공학과","127555","전공","전공선택","전선","생체신호처리","BVBA15825","7672","01","3","3","3","이정환","화1030-1200(생명과학관 513), 목1030-1200(생명과학관 513)","","의학공, 의용전자, 의용메카트로닉스, 의학공학전공, 바이오메디컬공학과","정상","","","","바이오메디컬공학과","https://kupis.kku.ac.kr/wsugang/core?attribute=timeMain","Thu Oct 01 2026 21:11:17 GMT+0900 (한국 표준시)"
"2026","2","바이오메디컬공학과","127555","전공","전공선택","전선","생체역학2","BVBA15932","7675","01","3","3","3","최진승","화0900-1030(생명과학관 404), 수1030-1200(생명과학관 404)","","의학공, 의용전자, 의용메카트로닉스, 의학공학전공, 바이오메디컬공학과","정상","","","","바이오메디컬공학과","https://kupis.kku.ac.kr/wsugang/core?attribute=timeMain","Thu Oct 01 2026 21:11:17 GMT+0900 (한국 표준시)"
"2026","2","바이오메디컬공학과","127555","전공","전공선택","전선","의공학진로설계","BVBA67791","7692","01","3","3","3","최진승","목1500-1800(생명과학관 501)","","의학공, 의용전자, 의용메카트로닉스, 의학공학전공, 바이오메디컬공학과","정상","","","","바이오메디컬공학과","https://kupis.kku.ac.kr/wsugang/core?attribute=timeMain","Thu Oct 01 2026 21:11:17 GMT+0900 (한국 표준시)"
"2026","2","바이오메디컬공학과","127555","전공","전공선택","전선","의료기기의원리와이해2","BVBA59583","7690","01","3","3","3","권유리","수1200-1330(생명과학관 404), 목1330-1500(생명과학관 513)","","의학공, 의용전자, 의용메카트로닉스, 의학공학전공, 바이오메디컬공학과","정상","","","","바이오메디컬공학과","https://kupis.kku.ac.kr/wsugang/core?attribute=timeMain","Thu Oct 01 2026 21:11:17 GMT+0900 (한국 표준시)"
"2026","2","바이오메디컬공학과","127555","전공","전공선택","전선","의료기기의원리와이해2","BVBA59583","7691","02","3","3","3","권유리","수1330-1500(생명과학관 404), 목1200-1330(생명과학관 513)","","의학공, 의용전자, 의용메카트로닉스, 의학공학전공, 바이오메디컬공학과","정상","","","","바이오메디컬공학과","https://kupis.kku.ac.kr/wsugang/core?attribute=timeMain","Thu Oct 01 2026 21:11:17 GMT+0900 (한국 표준시)"
"2026","2","바이오메디컬공학과","127555","전공","전공선택","전선","의료기기인허가2","BVBA67794","7693","01","4","3","3","최미현","수1030-1200(생명과학관 501), 목1030-1200(생명과학관 501)","","의학공, 의용전자, 의용메카트로닉스, 의학공학전공, 바이오메디컬공학과","정상","","","","바이오메디컬공학과","https://kupis.kku.ac.kr/wsugang/core?attribute=timeMain","Thu Oct 01 2026 21:11:17 GMT+0900 (한국 표준시)"
"2026","2","바이오메디컬공학과","127555","전공","전공선택","전선","의료빅데이터분석","BVBA59575","7689","01","2","3","3","김경섭","수1300-1600(생명과학관 513)","","의학공, 의용전자, 의용메카트로닉스, 의학공학전공, 바이오메디컬공학과","정상","","","","바이오메디컬공학과","https://kupis.kku.ac.kr/wsugang/core?attribute=timeMain","Thu Oct 01 2026 21:11:17 GMT+0900 (한국 표준시)"
"2026","2","바이오메디컬공학과","127555","전공","전공선택","전선","의용디지털시스템입문","BVBA59573","7687","01","2","3","3","심현준","화1200-1330(생명과학관 404), 목1100-1230(생명과학관 404)","","의학공, 의용전자, 의용메카트로닉스, 의학공학전공, 바이오메디컬공학과","정상","","","","바이오메디컬공학과","https://kupis.kku.ac.kr/wsugang/core?attribute=timeMain","Thu Oct 01 2026 21:11:17 GMT+0900 (한국 표준시)"
"2026","2","바이오메디컬공학과","127555","전공","전공선택","전선","의용재료","BVBA15943","7676","01","4","3","3","전재훈","화1330-1500(생명과학관 404), 목1330-1500(생명과학관 404)","","의학공, 의용전자, 의용메카트로닉스, 의학공학전공, 바이오메디컬공학과","정상","","","","바이오메디컬공학과","https://kupis.kku.ac.kr/wsugang/core?attribute=timeMain","Thu Oct 01 2026 21:11:17 GMT+0900 (한국 표준시)"
"2026","2","바이오메디컬공학과","127555","전공","전공선택","전선","의용전자회로1","BVBA59574","7688","01","2","3","3","심현준","화1030-1200(생명과학관 404), 목0930-1100(생명과학관 404)","","의학공, 의용전자, 의용메카트로닉스, 의학공학전공, 바이오메디컬공학과","정상","","","","바이오메디컬공학과","https://kupis.kku.ac.kr/wsugang/core?attribute=timeMain","Thu Oct 01 2026 21:11:17 GMT+0900 (한국 표준시)"
"2026","2","바이오메디컬공학과","127555","전공","전공선택","전선","의학영상시스템","BVBA57545","7684","01","4","3","3","손원경","월1500-1630(생명과학관 404), 수0900-1030(생명과학관 501)","","의학공, 의용전자, 의용메카트로닉스, 의학공학전공, 바이오메디컬공학과","정상","","","","바이오메디컬공학과","https://kupis.kku.ac.kr/wsugang/core?attribute=timeMain","Thu Oct 01 2026 21:11:17 GMT+0900 (한국 표준시)"
"2026","2","바이오메디컬공학과","127555","전공","전공선택","전선","일반물리학의이해","BVBA68865","7695","01","1","3","3","최미현","화1300-1430(생명과학관 501), 목1300-1430(생명과학관 501)","","의학공, 의용전자, 의용메카트로닉스, 의학공학전공, 바이오메디컬공학과, KU자유전공학부","정상","","","","바이오메디컬공학과","https://kupis.kku.ac.kr/wsugang/core?attribute=timeMain","Thu Oct 01 2026 21:11:17 GMT+0900 (한국 표준시)"
"2026","2","바이오메디컬공학과","127555","전공","전공선택","전선","일반물리학의이해","BVBA68865","7696","02","1","3","3","손원경","화1500-1630(생명과학관 404), 목1030-1200(생명과학관 402)","","의학공, 의용전자, 의용메카트로닉스, 의학공학전공, 바이오메디컬공학과, KU자유전공학부","정상","","","","바이오메디컬공학과","https://kupis.kku.ac.kr/wsugang/core?attribute=timeMain","Thu Oct 01 2026 21:11:17 GMT+0900 (한국 표준시)"
"2026","2","바이오메디컬공학과","127555","전공","전공선택","전선","질병과의료기기","BVBA68864","7694","01","1","3","3","엄광문","수1600-1730(생명과학관 501), 목0900-1030(생명과학관 501)","","의학공, 의용전자, 의용메카트로닉스, 의학공학전공, 바이오메디컬공학과","정상","","","","바이오메디컬공학과","https://kupis.kku.ac.kr/wsugang/core?attribute=timeMain","Thu Oct 01 2026 21:11:17 GMT+0900 (한국 표준시)"
"2026","2","바이오메디컬공학과","127555","전공","전공선택","전선","창의적의공학종합설계II","BVBA56094","7677","01","4","3","3","엄광문","금0930-1230(생명과학관 513)","","의학공, 의용전자, 의용메카트로닉스, 의학공학전공, 바이오메디컬공학과","정상","","","","바이오메디컬공학과","https://kupis.kku.ac.kr/wsugang/core?attribute=timeMain","Thu Oct 01 2026 21:11:17 GMT+0900 (한국 표준시)"
"2026","2","바이오메디컬공학과","127555","전공","전공선택","전선","창의적의공학종합설계II","BVBA56094","7678","02","4","3","3","정순철","목0900-1200(자연과학관 104)","","의학공, 의용전자, 의용메카트로닉스, 의학공학전공, 바이오메디컬공학과","정상","","","","바이오메디컬공학과","https://kupis.kku.ac.kr/wsugang/core?attribute=timeMain","Thu Oct 01 2026 21:11:17 GMT+0900 (한국 표준시)"
"2026","2","바이오메디컬공학과","127555","전공","전공선택","전선","창의적의공학종합설계II","BVBA56094","7679","03","4","3","3","전재훈","금1000-1300(생명과학관 404)","","의학공, 의용전자, 의용메카트로닉스, 의학공학전공, 바이오메디컬공학과","정상","","","","바이오메디컬공학과","https://kupis.kku.ac.kr/wsugang/core?attribute=timeMain","Thu Oct 01 2026 21:11:17 GMT+0900 (한국 표준시)"
"2026","2","바이오메디컬공학과","127555","전공","전공선택","전선","창의적의공학종합설계II","BVBA56094","7680","04","4","3","3","이정환","목1300-1600(생명과학관 402)","","의학공, 의용전자, 의용메카트로닉스, 의학공학전공, 바이오메디컬공학과","정상","","","","바이오메디컬공학과","https://kupis.kku.ac.kr/wsugang/core?attribute=timeMain","Thu Oct 01 2026 21:11:17 GMT+0900 (한국 표준시)"
"2026","2","바이오메디컬공학과","127555","전공","전공선택","전선","창의적의공학종합설계II","BVBA56094","7681","05","4","3","3","심현준","금0930-1230(자연과학관 104)","","의학공, 의용전자, 의용메카트로닉스, 의학공학전공, 바이오메디컬공학과","정상","","","","바이오메디컬공학과","https://kupis.kku.ac.kr/wsugang/core?attribute=timeMain","Thu Oct 01 2026 21:11:17 GMT+0900 (한국 표준시)"
"2026","2","바이오메디컬공학과","127555","전공","전공선택","전선","회로이론2","BVBA15888","7673","01","2","3","3","정순철","월1030-1200(생명과학관 501), 화1430-1600(생명과학관 501)","","의학공, 의용전자, 의용메카트로닉스, 의학공학전공, 바이오메디컬공학과","정상","","","","바이오메디컬공학과","https://kupis.kku.ac.kr/wsugang/core?attribute=timeMain","Thu Oct 01 2026 21:11:17 GMT+0900 (한국 표준시)"
"2026","2","바이오메디컬공학과","127555","전공","전공선택","전선","회로이론2","BVBA15888","7674","02","2","3","3","정순철","월1430-1600(생명과학관 501), 화1630-1800(생명과학관 501)","","의학공, 의용전자, 의용메카트로닉스, 의학공학전공, 바이오메디컬공학과","정상","","","","바이오메디컬공학과","https://kupis.kku.ac.kr/wsugang/core?attribute=timeMain","Thu Oct 01 2026 21:11:17 GMT+0900 (한국 표준시)"
"2026","2","바이오메디컬공학과","127555","전공","전공선택","전선","AI원리와 활용법","BVBA68866","7697","01","3","3","3","탁계래","화1330-1630(생명과학관 513)","","의학공, 의용전자, 의용메카트로닉스, 의학공학전공, 바이오메디컬공학과","정상","","","","바이오메디컬공학과","https://kupis.kku.ac.kr/wsugang/core?attribute=timeMain","Thu Oct 01 2026 21:11:17 GMT+0900 (한국 표준시)"
"2026","2","바이오메디컬공학과","127555","전공","전공선택","전선","K-Project","BVBA62441","K014","01","1","1","1.5","정순철","수1000-1300(자연과학관 104)","8주(1-8주)","의학공, 의용전자, 의용메카트로닉스, 의학공학전공, 바이오메디컬공학과","정상","","","","바이오메디컬공학과","https://kupis.kku.ac.kr/wsugang/core?attribute=timeMain","Thu Oct 01 2026 21:11:17 GMT+0900 (한국 표준시)"
"2026","2","바이오메디컬공학과","127555","전공","전공선택","전선","K-Project","BVBA62441","K015","02","1","1","1.5","이정환","수1100-1230(생명과학관 513)","","의학공, 의용전자, 의용메카트로닉스, 의학공학전공, 바이오메디컬공학과","정상","","","","바이오메디컬공학과","https://kupis.kku.ac.kr/wsugang/core?attribute=timeMain","Thu Oct 01 2026 21:11:17 GMT+0900 (한국 표준시)"
"2026","2","바이오메디컬공학과","127555","전공","전공선택","전선","K-Project","BVBA62441","K016","03","1","1","1.5","최진승","수1500-1800(자연과학관 104)","8주(1-8주)","의학공, 의용전자, 의용메카트로닉스, 의학공학전공, 바이오메디컬공학과","정상","","","","바이오메디컬공학과","https://kupis.kku.ac.kr/wsugang/core?attribute=timeMain","Thu Oct 01 2026 21:11:17 GMT+0900 (한국 표준시)"
"2026","2","바이오메디컬공학과","127555","전공","전공선택","전선","K-Project","BVBA62441","K017","04","1","1","1.5","김지원","수1000-1300(생명과학관 402)","8주(1-8주)","의학공, 의용전자, 의용메카트로닉스, 의학공학전공, 바이오메디컬공학과","정상","","","","바이오메디컬공학과","https://kupis.kku.ac.kr/wsugang/core?attribute=timeMain","Thu Oct 01 2026 21:11:17 GMT+0900 (한국 표준시)"
"2026","2","바이오메디컬공학과","127555","전공","전공선택","전선","Nano-LAB기초2(바이오메디컬공학)","BVBA67589","N014","01","2","1","1","김지원","수1500-1700(생명과학관 402)","8주(1-8주)","의학공, 의용전자, 의용메카트로닉스, 의학공학전공, 바이오메디컬공학과","정상","","","","바이오메디컬공학과","https://kupis.kku.ac.kr/wsugang/core?attribute=timeMain","Thu Oct 01 2026 21:11:17 GMT+0900 (한국 표준시)"
"2026","2","바이오메디컬공학과","127555","전공","전공선택","전선","Nano-LAB기초2(바이오메디컬공학)","BVBA67589","N077","02","2","1","1","김지원","수1000-1200(생명과학관 402)","8주(9-16주)","의학공, 의용전자, 의용메카트로닉스, 의학공학전공, 바이오메디컬공학과","정상","","","","바이오메디컬공학과","https://kupis.kku.ac.kr/wsugang/core?attribute=timeMain","Thu Oct 01 2026 21:11:17 GMT+0900 (한국 표준시)"
"2026","2","바이오메디컬공학과","127555","전공","전공선택","전선","Nano-LAB심화2(바이오메디컬공학)","BVBA67645","N055","01","3","1","1","전재훈","수1500-1700(생명과학관 404)","8주(9-16주)","의학공, 의용전자, 의용메카트로닉스, 의학공학전공, 바이오메디컬공학과","정상","","","","바이오메디컬공학과","https://kupis.kku.ac.kr/wsugang/core?attribute=timeMain","Thu Oct 01 2026 21:11:17 GMT+0900 (한국 표준시)"
"2026","2","바이오메디컬공학과","127555","전공","전공선택","전선","Nano-LAB심화2(바이오메디컬공학)","BVBA67645","N056","02","3","1","1","심현준","수0930-1130(자연과학관 304)","8주(1-8주)","의학공, 의용전자, 의용메카트로닉스, 의학공학전공, 바이오메디컬공학과","정상","","","","바이오메디컬공학과","https://kupis.kku.ac.kr/wsugang/core?attribute=timeMain","Thu Oct 01 2026 21:11:17 GMT+0900 (한국 표준시)"
"2026","2","바이오메디컬공학과","127555","전공","전공선택","전선","Nano-LAB심화2(바이오메디컬공학)","BVBA67645","N057","03","3","1","1","김지원","수1500-1700(생명과학관 401)","8주(9-16주)","의학공, 의용전자, 의용메카트로닉스, 의학공학전공, 바이오메디컬공학과","정상","","","","바이오메디컬공학과","https://kupis.kku.ac.kr/wsugang/core?attribute=timeMain","Thu Oct 01 2026 21:11:17 GMT+0900 (한국 표준시)"
"2026","2","바이오메디컬공학과","127555","전공","전공필수","전필","공학수학","BVBA07678","7668","01","1","3","3","최진승","월1200-1330(생명과학관 404), 수0900-1030(생명과학관 404)","","의학공, 의용전자, 의용메카트로닉스, 의학공학전공, 바이오메디컬공학과","정상","","","","바이오메디컬공학과","https://kupis.kku.ac.kr/wsugang/core?attribute=timeMain","Thu Oct 01 2026 21:11:17 GMT+0900 (한국 표준시)"
"2026","2","바이오메디컬공학과","127555","전공","전공필수","전필","공학수학","BVBA07678","7669","02","1","3","3","탁계래","월1330-1630(생명과학관 513)","","의학공, 의용전자, 의용메카트로닉스, 의학공학전공, 바이오메디컬공학과","정상","","","","바이오메디컬공학과","https://kupis.kku.ac.kr/wsugang/core?attribute=timeMain","Thu Oct 01 2026 21:11:17 GMT+0900 (한국 표준시)"
"2026","2","바이오메디컬공학과","127555","전공","전공필수","전필","기초회로실험","BVBA15812","7670","01","2","3","4","김지원","월1000-1400(국제교육관 401)","","의학공, 의용전자, 의용메카트로닉스, 의학공학전공, 바이오메디컬공학과","정상","","","","바이오메디컬공학과","https://kupis.kku.ac.kr/wsugang/core?attribute=timeMain","Thu Oct 01 2026 21:11:17 GMT+0900 (한국 표준시)"
"2026","2","바이오메디컬공학과","127555","전공","전공필수","전필","기초회로실험","BVBA15812","7671","02","2","3","4","김지원","월1400-1800(국제교육관 401)","","의학공, 의용전자, 의용메카트로닉스, 의학공학전공, 바이오메디컬공학과","정상","","","","바이오메디컬공학과","https://kupis.kku.ac.kr/wsugang/core?attribute=timeMain","Thu Oct 01 2026 21:11:17 GMT+0900 (한국 표준시)"
"2026","2","바이오메디컬공학과","127555","전공","전공필수","전필","의공종합설계및실습1","BVBA57543","7682","01","3","3","5","이정환","월1300-1800(생명과학관 402)","","의학공, 의용전자, 의용메카트로닉스, 의학공학전공, 바이오메디컬공학과","정상","","","영어","바이오메디컬공학과","https://kupis.kku.ac.kr/wsugang/core?attribute=timeMain","Thu Oct 01 2026 21:11:17 GMT+0900 (한국 표준시)"
"2026","2","바이오메디컬공학과","127555","전공","전공필수","전필","의공종합설계및실습1","BVBA57543","7683","02","3","3","5","최진승","화1300-1800(생명과학관 402)","","의학공, 의용전자, 의용메카트로닉스, 의학공학전공, 바이오메디컬공학과","정상","","","","바이오메디컬공학과","https://kupis.kku.ac.kr/wsugang/core?attribute=timeMain","Thu Oct 01 2026 21:11:17 GMT+0900 (한국 표준시)"
"2026","2","바이오메디컬공학과","127555","전공","전공필수","전필","의공학기반해부생리학","BVBA59572","7685","01","1","3","3","최미현","월1030-1200(생명과학관 404), 화1030-1200(생명과학관 501)","","의학공, 의용전자, 의용메카트로닉스, 의학공학전공, 바이오메디컬공학과, KU자유전공학부","정상","","","","바이오메디컬공학과","https://kupis.kku.ac.kr/wsugang/core?attribute=timeMain","Thu Oct 01 2026 21:11:17 GMT+0900 (한국 표준시)"
"2026","2","바이오메디컬공학과","127555","전공","전공필수","전필","의공학기반해부생리학","BVBA59572","7686","02","1","3","3","최미현","월1200-1330(생명과학관 501), 화0900-1030(생명과학관 501)","","의학공, 의용전자, 의용메카트로닉스, 의학공학전공, 바이오메디컬공학과, KU자유전공학부","정상","","","","바이오메디컬공학과","https://kupis.kku.ac.kr/wsugang/core?attribute=timeMain","Thu Oct 01 2026 21:11:17 GMT+0900 (한국 표준시)"
"2026","2","바이오융합학과","128104","전공","전공선택","전선","메디컬에스테틱","BVDV64896","H135","01","전체","3","3","미배정","월1900-2200(실시간온라인)","","천연물바이오융합학과, 천연물바이오융합학과, 바이오융합학과, 천연물바이오융합전공","정상","","","","바이오융합학과","https://kupis.kku.ac.kr/wsugang/core?attribute=timeMain","Thu Oct 01 2026 21:11:17 GMT+0900 (한국 표준시)"
"2026","2","바이오융합학과","128104","전공","전공선택","전선","바이오헬스용어","BVFC69087","H131","01","전체","3","3","","","","바이오융합학과","폐강","","","","바이오융합학과","https://kupis.kku.ac.kr/wsugang/core?attribute=timeMain","Thu Oct 01 2026 21:11:17 GMT+0900 (한국 표준시)"
"2026","2","바이오융합학과","128104","전공","전공선택","전선","바이오헬스AI실무","BVFC69088","H134","01","전체","3","3","미배정","화1800-2100(실시간온라인)","","바이오융합학과","정상","","","","바이오융합학과","https://kupis.kku.ac.kr/wsugang/core?attribute=timeMain","Thu Oct 01 2026 21:11:17 GMT+0900 (한국 표준시)"
"2026","2","바이오융합학과","128104","전공","전공선택","전선","생체역학","BVDW15826","H137","01","전체","3","3","미배정","금1000-1300(실시간온라인)","","바이오융합학과","정상","","","","바이오융합학과","https://kupis.kku.ac.kr/wsugang/core?attribute=timeMain","Thu Oct 01 2026 21:11:17 GMT+0900 (한국 표준시)"
"2026","2","바이오융합학과","128104","전공","전공선택","전선","의료기기설계및제조실무","BVDW68260","H136","01","전체","3","4","미배정","화1800-2200(실시간온라인)","","제약바이오융합학과, 천연물바이오융합학과, 바이오융합학과","정상","","","","바이오융합학과","https://kupis.kku.ac.kr/wsugang/core?attribute=timeMain","Thu Oct 01 2026 21:11:17 GMT+0900 (한국 표준시)"
"2026","2","바이오융합학과","128104","전공","전공선택","전선","의약품QC&QA","BVDU68268","H132","01","전체","3","3","김영준","금1800-2100(실시간온라인)","","제약바이오융합학과, 바이오융합학과, 제약바이오융합전공","정상","","","","바이오융합학과","https://kupis.kku.ac.kr/wsugang/core?attribute=timeMain","Thu Oct 01 2026 21:11:17 GMT+0900 (한국 표준시)"
"2026","2","바이오융합학과","128104","전공","전공선택","전선","천연물가공공정","BVDV68274","H133","01","전체","3","4","미배정","목1800-2200(실시간온라인)","","천연물바이오융합학과, 바이오융합학과, 천연물바이오융합전공","정상","","","","바이오융합학과","https://kupis.kku.ac.kr/wsugang/core?attribute=timeMain","Thu Oct 01 2026 21:11:17 GMT+0900 (한국 표준시)"
"2026","2","바이오융합학과","128104","전공","전공선택","전선","첨단의약품2","BVFC69099","H138","01","전체","3","3","미배정","수1800-2100(실시간온라인)","","바이오융합학과","정상","","","","바이오융합학과","https://kupis.kku.ac.kr/wsugang/core?attribute=timeMain","Thu Oct 01 2026 21:11:17 GMT+0900 (한국 표준시)"
"2026","2","바이오의약학과","127558","전공","전공선택","전선","건강기능성식품학","BVHB56761","7729","01","3","3","3","임병우","월1330-1500(상허연구동 412-1), 화1500-1630(상허연구동 412-1)","","응용생화학, 의생명화학과, 응용생화학전공, 의생명화학전공, 바이오의약학전공, 바이오의약학과","정상","","","","바이오의약학과","https://kupis.kku.ac.kr/wsugang/core?attribute=timeMain","Thu Oct 01 2026 21:11:17 GMT+0900 (한국 표준시)"
"2026","2","바이오의약학과","127558","전공","전공선택","전선","대학생물학","BVHB59523","7732","01","1","3","3","박혜란","월0900-1200(생명과학관 502)","","응용생화학, 의생명화학과, 응용생화학전공, 의생명화학전공, 바이오의약학전공, 바이오의약학과, KU자유전공학부","정상","","","","바이오의약학과","https://kupis.kku.ac.kr/wsugang/core?attribute=timeMain","Thu Oct 01 2026 21:11:17 GMT+0900 (한국 표준시)"
"2026","2","바이오의약학과","127558","전공","전공선택","전선","대학생물학","BVHB59523","8287","02","1","3","3","박혜란","금0900-1200(생명과학관 502)","","응용생화학, 의생명화학과, 응용생화학전공, 의생명화학전공, 바이오의약학전공, 바이오의약학과, KU자유전공학부","정상","","","","바이오의약학과","https://kupis.kku.ac.kr/wsugang/core?attribute=timeMain","Thu Oct 01 2026 21:11:17 GMT+0900 (한국 표준시)"
"2026","2","바이오의약학과","127558","전공","전공선택","전선","대학화학","BVHB59524","7733","01","1","3","3","김영준","화1300-1430(상허연구동 420), 목1300-1430(상허연구동 420)","","응용생화학, 의생명화학과, 응용생화학전공, 의생명화학전공, 바이오의약학전공, 바이오의약학과, KU자유전공학부","정상","","","","바이오의약학과","https://kupis.kku.ac.kr/wsugang/core?attribute=timeMain","Thu Oct 01 2026 21:11:17 GMT+0900 (한국 표준시)"
"2026","2","바이오의약학과","127558","전공","전공선택","전선","면역학개론","BVHB47721","7726","01","2","3","3","임병우","화1330-1500(상허연구동 324), 수1630-1800(상허연구동 324)","","응용생화학, 의생명화학과, 응용생화학전공, 의생명화학전공, 바이오의약학전공, 바이오의약학과","정상","","","","바이오의약학과","https://kupis.kku.ac.kr/wsugang/core?attribute=timeMain","Thu Oct 01 2026 21:11:17 GMT+0900 (한국 표준시)"
"2026","2","바이오의약학과","127558","전공","전공선택","전선","미생물공정학","BVHB59759","7734","01","4","3","3","박영진","화1500-1630(상허연구동 324), 목1500-1630(상허연구동 324)","","응용생화학, 의생명화학과, 응용생화학전공, 의생명화학전공, 바이오의약학전공, 바이오의약학과","정상","","","","바이오의약학과","https://kupis.kku.ac.kr/wsugang/core?attribute=timeMain","Thu Oct 01 2026 21:11:17 GMT+0900 (한국 표준시)"
"2026","2","바이오의약학과","127558","전공","전공선택","전선","미생물학및실험2","BVHB16013","7724","01","2","3","3","박영진","화1030-1200(상허연구동 117), 수1500-1630(상허연구동 324)","","응용생화학, 의생명화학과, 응용생화학전공, 의생명화학전공, 바이오의약학전공, 바이오의약학과","정상","","","","바이오의약학과","https://kupis.kku.ac.kr/wsugang/core?attribute=timeMain","Thu Oct 01 2026 21:11:17 GMT+0900 (한국 표준시)"
"2026","2","바이오의약학과","127558","전공","전공선택","전선","바이오의약학심화","BVHB67742","7741","01","4","3","3","임지홍","월1030-1200(상허연구동 324), 수1030-1200(상허연구동 324)","","응용생화학, 의생명화학과, 응용생화학전공, 의생명화학전공, 바이오의약학전공, 바이오의약학과","정상","","","","바이오의약학과","https://kupis.kku.ac.kr/wsugang/core?attribute=timeMain","Thu Oct 01 2026 21:11:17 GMT+0900 (한국 표준시)"
"2026","2","바이오의약학과","127558","전공","전공선택","전선","바이오제품연구개발방법론","BVHB63425","7736","01","4","3","3","허수학","금1300-1600(생명과학관 502)","","응용생화학, 의생명화학과, 응용생화학전공, 의생명화학전공, 바이오의약학전공, 바이오의약학과","정상","","","","바이오의약학과","https://kupis.kku.ac.kr/wsugang/core?attribute=timeMain","Thu Oct 01 2026 21:11:17 GMT+0900 (한국 표준시)"
"2026","2","바이오의약학과","127558","전공","전공선택","전선","바이오제품품질관리프로젝트","BVHB63426","7737","01","4","3","3","박혜란","월1300-1600(생명과학관 502)","","응용생화학, 의생명화학과, 응용생화학전공, 의생명화학전공, 바이오의약학전공, 바이오의약학과","정상","","","","바이오의약학과","https://kupis.kku.ac.kr/wsugang/core?attribute=timeMain","Thu Oct 01 2026 21:11:17 GMT+0900 (한국 표준시)"
"2026","2","바이오의약학과","127558","전공","전공선택","전선","바이오헬스산업혁신전략","BVHB65864","7739","01","4","3","3","안경익","화0900-1030(상허연구동 412-1), 목1300-1430(상허연구동 412-1)","","응용생화학, 의생명화학과, 응용생화학전공, 의생명화학전공, 바이오의약학전공, 바이오의약학과","정상","","","","바이오의약학과","https://kupis.kku.ac.kr/wsugang/core?attribute=timeMain","Thu Oct 01 2026 21:11:17 GMT+0900 (한국 표준시)"
"2026","2","바이오의약학과","127558","전공","전공선택","전선","생리활성물질개발캡스톤디자인","BVHB57946","7730","01","3","3","3","안경익","월1030-1200(생명과학관 415), 수0900-1030(생명과학관 415)","","응용생화학, 의생명화학과, 응용생화학전공, 의생명화학전공, 바이오의약학전공, 바이오의약학과","정상","","","","바이오의약학과","https://kupis.kku.ac.kr/wsugang/core?attribute=timeMain","Thu Oct 01 2026 21:11:17 GMT+0900 (한국 표준시)"
"2026","2","바이오의약학과","127558","전공","전공선택","전선","생물산업기술개발및창업","BVHB56643","7728","01","4","3","3","","","","응용생화학, 의생명화학과, 응용생화학전공, 의생명화학전공, 바이오의약학전공, 바이오의약학과","폐강","","","","바이오의약학과","https://kupis.kku.ac.kr/wsugang/core?attribute=timeMain","Thu Oct 01 2026 21:11:17 GMT+0900 (한국 표준시)"
"2026","2","바이오의약학과","127558","전공","전공선택","전선","생체방어학","BVHB61471","7735","01","4","3","3","임병우","월0900-1030(실시간온라인), 금1030-1200(실시간온라인)","","응용생화학, 의생명화학과, 응용생화학전공, 의생명화학전공, 바이오의약학전공, 바이오의약학과","정상","","","","바이오의약학과","https://kupis.kku.ac.kr/wsugang/core?attribute=timeMain","Thu Oct 01 2026 21:11:17 GMT+0900 (한국 표준시)"
"2026","2","바이오의약학과","127558","전공","전공선택","전선","생화학2","BVHB14684","7723","01","2","3","3","임지홍","월0900-1030(상허연구동 324), 수0900-1030(상허연구동 324)","","응용생화학, 의생명화학과, 응용생화학전공, 의생명화학전공, 바이오의약학전공, 바이오의약학과","정상","","","","바이오의약학과","https://kupis.kku.ac.kr/wsugang/core?attribute=timeMain","Thu Oct 01 2026 21:11:17 GMT+0900 (한국 표준시)"
"2026","2","바이오의약학과","127558","전공","전공선택","전선","세포생물학","BVHB10261","7722","01","2","3","3","임지홍","월1500-1800(상허연구동 324)","","응용생화학, 의생명화학과, 응용생화학전공, 의생명화학전공, 바이오의약학전공, 바이오의약학과","정상","","","","바이오의약학과","https://kupis.kku.ac.kr/wsugang/core?attribute=timeMain","Thu Oct 01 2026 21:11:17 GMT+0900 (한국 표준시)"
"2026","2","바이오의약학과","127558","전공","전공선택","전선","시스템생리학","BVHB68867","7742","01","3","3","3","임병우","화1030-1200(상허연구동 412-1), 수1500-1630(상허연구동 412-1)","","응용생화학, 의생명화학과, 응용생화학전공, 의생명화학전공, 바이오의약학전공, 바이오의약학과","정상","","","","바이오의약학과","https://kupis.kku.ac.kr/wsugang/core?attribute=timeMain","Thu Oct 01 2026 21:11:17 GMT+0900 (한국 표준시)"
"2026","2","바이오의약학과","127558","전공","전공선택","전선","시스템생물학기초","BVHB49649","7727","01","3","3","3","안경익","화1330-1500(생명과학관 502), 수1200-1330(상허연구동 324)","","응용생화학, 의생명화학과, 응용생화학전공, 의생명화학전공, 바이오의약학전공, 바이오의약학과","정상","","","","바이오의약학과","https://kupis.kku.ac.kr/wsugang/core?attribute=timeMain","Thu Oct 01 2026 21:11:17 GMT+0900 (한국 표준시)"
"2026","2","바이오의약학과","127558","전공","전공선택","전선","유기화학및실험2","BVHB16029","7725","01","2","3","3","김영준","화1530-1700(상허연구동 420), 목1530-1700(상허연구동 420)","","응용생화학, 의생명화학과, 응용생화학전공, 의생명화학전공, 바이오의약학전공, 바이오의약학과","정상","","","영어","바이오의약학과","https://kupis.kku.ac.kr/wsugang/core?attribute=timeMain","Thu Oct 01 2026 21:11:17 GMT+0900 (한국 표준시)"
"2026","2","바이오의약학과","127558","전공","전공선택","전선","유전및유전체학","BVHB57947","7731","01","3","3","3","박영진","수1030-1200(상허연구동 420), 목1300-1430(상허연구동 117)","","응용생화학, 의생명화학과, 응용생화학전공, 의생명화학전공, 바이오의약학전공, 바이오의약학과","정상","","","","바이오의약학과","https://kupis.kku.ac.kr/wsugang/core?attribute=timeMain","Thu Oct 01 2026 21:11:17 GMT+0900 (한국 표준시)"
"2026","2","바이오의약학과","127558","전공","전공선택","전선","의료분자화학및실험","BVHB66566","7740","01","3","3","3","","","","응용생화학, 의생명화학과, 응용생화학전공, 의생명화학전공, 바이오의약학전공, 바이오의약학과","폐강","","","","바이오의약학과","https://kupis.kku.ac.kr/wsugang/core?attribute=timeMain","Thu Oct 01 2026 21:11:17 GMT+0900 (한국 표준시)"
"2026","2","바이오의약학과","127558","전공","전공선택","전선","제약바이오품질분석기기학","BVHB63809","7738","01","3","3","3","김영준","금0900-1200(상허연구동 324)","","응용생화학, 의생명화학과, 응용생화학전공, 의생명화학전공, 바이오의약학전공, 바이오의약학과","정상","","","","바이오의약학과","https://kupis.kku.ac.kr/wsugang/core?attribute=timeMain","Thu Oct 01 2026 21:11:17 GMT+0900 (한국 표준시)"
"2026","2","바이오의약학과","127558","전공","전공선택","전선","K-Project","BVHB62441","K018","01","1","1","1.5","임병우","목0900-1200(상허연구동 412-1)","8주(9-16주)","응용생화학, 의생명화학과, 응용생화학전공, 의생명화학전공, 바이오의약학전공, 바이오의약학과","정상","","","","바이오의약학과","https://kupis.kku.ac.kr/wsugang/core?attribute=timeMain","Thu Oct 01 2026 21:11:17 GMT+0900 (한국 표준시)"
"2026","2","바이오의약학과","127558","전공","전공선택","전선","K-Project","BVHB62441","K019","02","1","1","1.5","김영준","목0900-1200(상허연구동 320)","8주(9-16주)","응용생화학, 의생명화학과, 응용생화학전공, 의생명화학전공, 바이오의약학전공, 바이오의약학과","정상","","","","바이오의약학과","https://kupis.kku.ac.kr/wsugang/core?attribute=timeMain","Thu Oct 01 2026 21:11:17 GMT+0900 (한국 표준시)"
"2026","2","바이오의약학과","127558","전공","전공선택","전선","K-Project","BVHB62441","K020","03","1","1","1.5","박영진","목0900-1200(상허연구동 117)","8주(9-16주)","응용생화학, 의생명화학과, 응용생화학전공, 의생명화학전공, 바이오의약학전공, 바이오의약학과","정상","","","","바이오의약학과","https://kupis.kku.ac.kr/wsugang/core?attribute=timeMain","Thu Oct 01 2026 21:11:17 GMT+0900 (한국 표준시)"
"2026","2","바이오의약학과","127558","전공","전공선택","전선","K-Project","BVHB62441","K021","04","1","1","1.5","임지홍","목0900-1500(상허연구동 324)","4주(1-4주)","응용생화학, 의생명화학과, 응용생화학전공, 의생명화학전공, 바이오의약학전공, 바이오의약학과","정상","","","","바이오의약학과","https://kupis.kku.ac.kr/wsugang/core?attribute=timeMain","Thu Oct 01 2026 21:11:17 GMT+0900 (한국 표준시)"
"2026","2","바이오의약학과","127558","전공","전공선택","전선","Nano-LAB기초2(바이오의약)","BVHB67593","N015","01","2","1","1","임병우","목0900-1300(상허연구동 412-1)","4주(1-4주)","응용생화학, 의생명화학과, 응용생화학전공, 의생명화학전공, 바이오의약학전공, 바이오의약학과","정상","","","","바이오의약학과","https://kupis.kku.ac.kr/wsugang/core?attribute=timeMain","Thu Oct 01 2026 21:11:17 GMT+0900 (한국 표준시)"
"2026","2","바이오의약학과","127558","전공","전공선택","전선","Nano-LAB기초2(바이오의약)","BVHB67593","N016","02","2","1","1","김영준","목0900-1300(상허연구동 320)","4주(5-8주)","응용생화학, 의생명화학과, 응용생화학전공, 의생명화학전공, 바이오의약학전공, 바이오의약학과","정상","","","","바이오의약학과","https://kupis.kku.ac.kr/wsugang/core?attribute=timeMain","Thu Oct 01 2026 21:11:17 GMT+0900 (한국 표준시)"
"2026","2","바이오의약학과","127558","전공","전공선택","전선","Nano-LAB기초2(바이오의약)","BVHB67593","N017","03","2","1","1","박영진","목0900-1300(상허연구동 117)","4주(1-4주)","응용생화학, 의생명화학과, 응용생화학전공, 의생명화학전공, 바이오의약학전공, 바이오의약학과","정상","","","","바이오의약학과","https://kupis.kku.ac.kr/wsugang/core?attribute=timeMain","Thu Oct 01 2026 21:11:17 GMT+0900 (한국 표준시)"
"2026","2","바이오의약학과","127558","전공","전공선택","전선","Nano-LAB기초2(바이오의약)","BVHB67593","N078","04","2","1","1","이담희","목0900-1300(생명과학관 403)","4주(5-8주)","응용생화학, 의생명화학과, 응용생화학전공, 의생명화학전공, 바이오의약학전공, 바이오의약학과","정상","","","","바이오의약학과","https://kupis.kku.ac.kr/wsugang/core?attribute=timeMain","Thu Oct 01 2026 21:11:17 GMT+0900 (한국 표준시)"
"2026","2","바이오의약학과","127558","전공","전공선택","전선","Nano-LAB심화2(바이오의약)","BVHB67649","N058","01","3","1","1","임병우","목0900-1300(상허연구동 412-1)","4주(5-8주)","응용생화학, 의생명화학과, 응용생화학전공, 의생명화학전공, 바이오의약학전공, 바이오의약학과","정상","","","","바이오의약학과","https://kupis.kku.ac.kr/wsugang/core?attribute=timeMain","Thu Oct 01 2026 21:11:17 GMT+0900 (한국 표준시)"
"2026","2","바이오의약학과","127558","전공","전공선택","전선","Nano-LAB심화2(바이오의약)","BVHB67649","N059","02","3","1","1","김영준","목0900-1300(상허연구동 320)","4주(1-4주)","응용생화학, 의생명화학과, 응용생화학전공, 의생명화학전공, 바이오의약학전공, 바이오의약학과","정상","","","","바이오의약학과","https://kupis.kku.ac.kr/wsugang/core?attribute=timeMain","Thu Oct 01 2026 21:11:17 GMT+0900 (한국 표준시)"
"2026","2","바이오의약학과","127558","전공","전공선택","전선","Nano-LAB심화2(바이오의약)","BVHB67649","N060","03","3","1","1","박영진","목0900-1300(상허연구동 117)","4주(5-8주)","응용생화학, 의생명화학과, 응용생화학전공, 의생명화학전공, 바이오의약학전공, 바이오의약학과","정상","","","","바이오의약학과","https://kupis.kku.ac.kr/wsugang/core?attribute=timeMain","Thu Oct 01 2026 21:11:17 GMT+0900 (한국 표준시)"
"2026","2","바이오의약학과","127558","전공","전공선택","전선","Nano-LAB심화2(바이오의약)","BVHB67649","N061","04","3","1","1","임지홍","목0900-1300(상허연구동 324)","4주(5-8주)","응용생화학, 의생명화학과, 응용생화학전공, 의생명화학전공, 바이오의약학전공, 바이오의약학과","정상","","","","바이오의약학과","https://kupis.kku.ac.kr/wsugang/core?attribute=timeMain","Thu Oct 01 2026 21:11:17 GMT+0900 (한국 표준시)"
"2026","2","반려동물융합전공","127951","전공","전공선택","전선","4차산업혁명시대의창업전략","BVDF60707","H064","01","3","3","3","송덕근","월1000-1300(실시간온라인)","","반려동물융합전공","정상","","","","반려동물융합전공","https://kupis.kku.ac.kr/wsugang/core?attribute=timeMain","Thu Oct 01 2026 21:11:17 GMT+0900 (한국 표준시)"
"2026","2","반려동물융합전공","127951","전공","전공선택","전선","반려동물사료","BVDF61577","H065","01","3","3","3","이은채","금1330-1630(실시간온라인)","","반려동물융합전공","정상","","","","반려동물융합전공","https://kupis.kku.ac.kr/wsugang/core?attribute=timeMain","Thu Oct 01 2026 21:11:17 GMT+0900 (한국 표준시)"
"2026","2","반려동물융합전공","127951","전공","전공선택","전선","반려동물사양","BVDF61579","H066","01","3","3","3","이정익","목0900-1200(실시간온라인)","","반려동물융합전공","정상","","","","반려동물융합전공","https://kupis.kku.ac.kr/wsugang/core?attribute=timeMain","Thu Oct 01 2026 21:11:17 GMT+0900 (한국 표준시)"
"2026","2","배터리반도체융합산업전공","128302","전공","전공선택","전선","물리화학개론","BVFD66549","H074","01","2","3","3","한성건","월1900-2200(실시간온라인)","","반도체전공, 이차전지전공, 배터리반도체융합산업전공","정상","","","","배터리반도체융합산업전공","https://kupis.kku.ac.kr/wsugang/core?attribute=timeMain","Thu Oct 01 2026 21:11:17 GMT+0900 (한국 표준시)"
"2026","2","배터리반도체융합산업전공","128302","전공","전공선택","전선","분광분석개론","BVFD66555","H075","01","4","3","3","장호현","","","반도체전공, 이차전지전공, 배터리반도체융합산업전공","정상","","","","배터리반도체융합산업전공 | 이러닝","https://kupis.kku.ac.kr/wsugang/core?attribute=timeMain","Thu Oct 01 2026 21:11:17 GMT+0900 (한국 표준시)"
"2026","2","배터리반도체융합산업전공","128302","전공","전공선택","전선","분석화학2","BVFD10618","H069","01","2","3","3","김영준","","","반도체전공, 이차전지전공, 배터리반도체융합산업전공","정상","","","","배터리반도체융합산업전공 | 이러닝","https://kupis.kku.ac.kr/wsugang/core?attribute=timeMain","Thu Oct 01 2026 21:11:17 GMT+0900 (한국 표준시)"
"2026","2","배터리반도체융합산업전공","128302","전공","전공선택","전선","분석화학실험","BVFD01428","H067","01","2","2","4","장호현","토1300-1700(자연과학관 105)","","반도체전공, 이차전지전공, 배터리반도체융합산업전공","정상","","","","배터리반도체융합산업전공","https://kupis.kku.ac.kr/wsugang/core?attribute=timeMain","Thu Oct 01 2026 21:11:17 GMT+0900 (한국 표준시)"
"2026","2","배터리반도체융합산업전공","128302","전공","전공선택","전선","열역학개론","BVFD66547","H073","01","1","3","3","한성건","수1900-2200(실시간온라인)","","반도체전공, 이차전지전공, 배터리반도체융합산업전공","정상","","","","배터리반도체융합산업전공","https://kupis.kku.ac.kr/wsugang/core?attribute=timeMain","Thu Oct 01 2026 21:11:17 GMT+0900 (한국 표준시)"
"2026","2","배터리반도체융합산업전공","128302","전공","전공선택","전선","유기화학2","BVFD10634","H070","01","2","3","3","장호현","수2100-2230(실시간온라인), 금1800-1930(실시간온라인)","","반도체전공, 이차전지전공, 배터리반도체융합산업전공","정상","","","","배터리반도체융합산업전공","https://kupis.kku.ac.kr/wsugang/core?attribute=timeMain","Thu Oct 01 2026 21:11:17 GMT+0900 (한국 표준시)"
"2026","2","배터리반도체융합산업전공","128302","전공","전공선택","전선","응용열역학","BVFD06363","H068","01","2","3","3","기석간","월1800-2100(실시간온라인)","","반도체전공, 이차전지전공, 배터리반도체융합산업전공","정상","","","","배터리반도체융합산업전공","https://kupis.kku.ac.kr/wsugang/core?attribute=timeMain","Thu Oct 01 2026 21:11:17 GMT+0900 (한국 표준시)"
"2026","2","배터리반도체융합산업전공","128302","전공","전공선택","전선","일반화학2","BVFD46559","H071","01","1","3","3","장호현","목2100-2230(실시간온라인), 금1930-2100(실시간온라인)","","반도체전공, 이차전지전공, 배터리반도체융합산업전공","정상","","","","배터리반도체융합산업전공","https://kupis.kku.ac.kr/wsugang/core?attribute=timeMain","Thu Oct 01 2026 21:11:17 GMT+0900 (한국 표준시)"
"2026","2","배터리반도체융합산업전공","128302","전공","전공선택","전선","일반화학실험2","BVFD55893","H072","01","1","1","2","","","","반도체전공, 이차전지전공, 배터리반도체융합산업전공","폐강","","","","배터리반도체융합산업전공","https://kupis.kku.ac.kr/wsugang/core?attribute=timeMain","Thu Oct 01 2026 21:11:17 GMT+0900 (한국 표준시)"
"2026","2","배터리반도체융합산업전공","128302","전공","전공선택","전선","전기구동계설계","BVFD68860","H076","01","4","3","3","김원곤","","","반도체전공, 이차전지전공, 배터리반도체융합산업전공","정상","","","","배터리반도체융합산업전공 | 이러닝","https://kupis.kku.ac.kr/wsugang/core?attribute=timeMain","Thu Oct 01 2026 21:11:17 GMT+0900 (한국 표준시)"
"2026","2","배터리산업학과","127985","전공","전공선택","전선","배터리화학","BVER67892","H141","01","전체","3","3","미배정","화1800-2100(실시간온라인)","","배터리산업학과, 배터리산업학과","정상","","","","배터리산업학과","https://kupis.kku.ac.kr/wsugang/core?attribute=timeMain","Thu Oct 01 2026 21:11:17 GMT+0900 (한국 표준시)"
"2026","2","배터리산업학과","127985","전공","전공선택","전선","이차전지복합재료기초이론","BVER66642","H140","01","전체","3","3","미배정","목1800-2100(실시간온라인)","","배터리산업학과, 배터리산업학과","정상","","","","배터리산업학과","https://kupis.kku.ac.kr/wsugang/core?attribute=timeMain","Thu Oct 01 2026 21:11:17 GMT+0900 (한국 표준시)"
"2026","2","배터리산업학과","127985","전공","전공선택","전선","이차전지이해","BVER66631","H139","01","전체","3","3","미배정","금1900-2200(실시간온라인)","","배터리산업학과, 배터리산업학과","정상","","","","배터리산업학과","https://kupis.kku.ac.kr/wsugang/core?attribute=timeMain","Thu Oct 01 2026 21:11:17 GMT+0900 (한국 표준시)"
"2026","2","배터리산업학과","127985","전공","전공선택","전선","인공지능","BVER15058","H142","01","전체","3","3","미배정","수1800-2100(실시간온라인)","","배터리산업학과, 배터리산업학과","정상","","","","배터리산업학과","https://kupis.kku.ac.kr/wsugang/core?attribute=timeMain","Thu Oct 01 2026 21:11:17 GMT+0900 (한국 표준시)"
"2026","2","배터리산업학과","127985","전공","전공선택","전선","전기화학과이차전지","BVER66646","H144","01","전체","3","3","미배정","월1800-2100(실시간온라인)","","배터리산업학과, 배터리산업학과","정상","","","","배터리산업학과","https://kupis.kku.ac.kr/wsugang/core?attribute=timeMain","Thu Oct 01 2026 21:11:17 GMT+0900 (한국 표준시)"
"2026","2","배터리산업학과","127985","전공","전공선택","전선","첨단산업의이해","BVER66634","H143","01","전체","3","3","","","","배터리산업학과, 배터리산업학과","폐강","","","","배터리산업학과","https://kupis.kku.ac.kr/wsugang/core?attribute=timeMain","Thu Oct 01 2026 21:11:17 GMT+0900 (한국 표준시)"
"2026","2","뷰티화장품학과","127561","전공","전공선택","전선","대학화학","BVHE59524","7782","01","1","3","3","조성관","화1500-1800(생명과학관 502)","","뷰티디자인전공, 뷰티디자인전공, 뷰티화장품전공, 뷰티화장품학과, KU자유전공학부","정상","","","","뷰티화장품학과","https://kupis.kku.ac.kr/wsugang/core?attribute=timeMain","Thu Oct 01 2026 21:11:17 GMT+0900 (한국 표준시)"
"2026","2","뷰티화장품학과","127561","전공","전공선택","전선","뷰티이미지컨설팅","BVHE59540","7783","01","2","3","3","이선주","화1630-1800(국제교육관 406), 수1030-1200(국제교육관 406)","","뷰티디자인전공, 뷰티디자인전공, 뷰티화장품전공, 뷰티화장품학과","정상","","","","뷰티화장품학과","https://kupis.kku.ac.kr/wsugang/core?attribute=timeMain","Thu Oct 01 2026 21:11:17 GMT+0900 (한국 표준시)"
"2026","2","뷰티화장품학과","127561","전공","전공선택","전선","뷰티화장품종합설계","BVHE59768","7784","01","4","3","3","김신희","월1000-1300(국제교육관 406)","","뷰티디자인전공, 뷰티디자인전공, 뷰티화장품전공, 뷰티화장품학과","정상","","","","뷰티화장품학과","https://kupis.kku.ac.kr/wsugang/core?attribute=timeMain","Thu Oct 01 2026 21:11:17 GMT+0900 (한국 표준시)"
"2026","2","뷰티화장품학과","127561","전공","전공선택","전선","뷰티화장품컨설팅","BVHE64580","7792","01","3","3","3","유준현","월1030-1330(국제교육관 407)","","뷰티디자인전공, 뷰티디자인전공, 뷰티화장품전공, 뷰티화장품학과","정상","","","","뷰티화장품학과","https://kupis.kku.ac.kr/wsugang/core?attribute=timeMain","Thu Oct 01 2026 21:11:17 GMT+0900 (한국 표준시)"
"2026","2","뷰티화장품학과","127561","전공","전공선택","전선","뷰티화장품케어","BVHE64578","7791","01","1","3","3","이선주","금0900-1200(실시간온라인)","","뷰티디자인전공, 뷰티디자인전공, 뷰티화장품전공, 뷰티화장품학과, KU자유전공학부","정상","","","","뷰티화장품학과","https://kupis.kku.ac.kr/wsugang/core?attribute=timeMain","Thu Oct 01 2026 21:11:17 GMT+0900 (한국 표준시)"
"2026","2","뷰티화장품학과","127561","전공","전공선택","전선","색조화장품학","BVHE62543","7786","01","2","3","3","이선주","월1630-1800(국제교육관 406), 화1500-1630(국제교육관 406)","","뷰티디자인전공, 뷰티디자인전공, 뷰티화장품전공, 뷰티화장품학과","정상","","","","뷰티화장품학과","https://kupis.kku.ac.kr/wsugang/core?attribute=timeMain","Thu Oct 01 2026 21:11:17 GMT+0900 (한국 표준시)"
"2026","2","뷰티화장품학과","127561","전공","전공선택","전선","생리생화학이론및실습","BVHE67819","7797","01","3","3","3","김경윤","화1300-1600(생명과학관 415)","","뷰티디자인전공, 뷰티디자인전공, 뷰티화장품전공, 뷰티화장품학과","정상","","","","뷰티화장품학과","https://kupis.kku.ac.kr/wsugang/core?attribute=timeMain","Thu Oct 01 2026 21:11:17 GMT+0900 (한국 표준시)"
"2026","2","뷰티화장품학과","127561","전공","전공선택","전선","생명유기화학","BVHE63447","7788","01","2","3","3","이진현","월1330-1500(국제교육관 406), 화1330-1500(국제교육관 406)","","뷰티디자인전공, 뷰티디자인전공, 뷰티화장품전공, 뷰티화장품학과","정상","","","","뷰티화장품학과","https://kupis.kku.ac.kr/wsugang/core?attribute=timeMain","Thu Oct 01 2026 21:11:17 GMT+0900 (한국 표준시)"
"2026","2","뷰티화장품학과","127561","전공","전공선택","전선","세포생물학","BVHE55495","7781","01","4","3","3","김경윤","화0930-1230(생명과학관 415)","","뷰티디자인전공, 뷰티디자인전공, 뷰티화장품전공, 뷰티화장품학과","정상","","","","뷰티화장품학과","https://kupis.kku.ac.kr/wsugang/core?attribute=timeMain","Thu Oct 01 2026 21:11:17 GMT+0900 (한국 표준시)"
"2026","2","뷰티화장품학과","127561","전공","전공선택","전선","이너뷰티","BVHE63808","7790","01","3","3","3","조현정","목1030-1330(생명과학관 415)","","뷰티디자인전공, 뷰티디자인전공, 뷰티화장품전공, 뷰티화장품융합트랙, 뷰티화장품학과","정상","","","","뷰티화장품학과","https://kupis.kku.ac.kr/wsugang/core?attribute=timeMain","Thu Oct 01 2026 21:11:17 GMT+0900 (한국 표준시)"
"2026","2","뷰티화장품학과","127561","전공","전공선택","전선","조향설계","BVHE63343","7787","01","2","3","3","최윤석","월1000-1300(국제교육관 306)","","뷰티디자인전공, 뷰티디자인전공, 뷰티화장품전공, 뷰티화장품학과","정상","","","","뷰티화장품학과","https://kupis.kku.ac.kr/wsugang/core?attribute=timeMain","Thu Oct 01 2026 21:11:17 GMT+0900 (한국 표준시)"
"2026","2","뷰티화장품학과","127561","전공","전공선택","전선","품질관리컨설팅","BVHE61124","7785","01","4","3","3","","","","뷰티디자인전공, 뷰티디자인전공, 뷰티화장품전공, 뷰티화장품학과","폐강","","","","뷰티화장품학과","https://kupis.kku.ac.kr/wsugang/core?attribute=timeMain","Thu Oct 01 2026 21:11:17 GMT+0900 (한국 표준시)"
"2026","2","뷰티화장품학과","127561","전공","전공선택","전선","향과웰니스","BVHE63570","7789","01","1","3","3","양해심","목1030-1330(국제교육관 406)","","뷰티디자인전공, 뷰티디자인전공, 뷰티화장품전공, 뷰티화장품학과","정상","","","","뷰티화장품학과","https://kupis.kku.ac.kr/wsugang/core?attribute=timeMain","Thu Oct 01 2026 21:11:17 GMT+0900 (한국 표준시)"
"2026","2","뷰티화장품학과","127561","전공","전공선택","전선","향과트리콜로지","BVHE67823","7799","01","4","3","3","신다영","월1400-1700(국제교육관 407)","","뷰티디자인전공, 뷰티디자인전공, 뷰티화장품전공, 뷰티화장품학과","정상","","","","뷰티화장품학과","https://kupis.kku.ac.kr/wsugang/core?attribute=timeMain","Thu Oct 01 2026 21:11:17 GMT+0900 (한국 표준시)"
"2026","2","뷰티화장품학과","127561","전공","전공선택","전선","향기요법","BVHE67812","7794","01","3","3","3","김신희","수0900-1200(국제교육관 306)","","뷰티디자인전공, 뷰티디자인전공, 뷰티화장품전공, 뷰티화장품학과","정상","","","","뷰티화장품학과","https://kupis.kku.ac.kr/wsugang/core?attribute=timeMain","Thu Oct 01 2026 21:11:17 GMT+0900 (한국 표준시)"
"2026","2","뷰티화장품학과","127561","전공","전공선택","전선","향료분석","BVHE67813","7795","01","3","3","3","강미선","목1430-1730(국제교육관 306)","","뷰티디자인전공, 뷰티디자인전공, 뷰티화장품전공, 뷰티화장품학과","정상","","","","뷰티화장품학과","https://kupis.kku.ac.kr/wsugang/core?attribute=timeMain","Thu Oct 01 2026 21:11:17 GMT+0900 (한국 표준시)"
"2026","2","뷰티화장품학과","127561","전공","전공선택","전선","향료화학","BVHE67811","7793","01","2","3","3","강미선","목1130-1430(국제교육관 306)","","뷰티디자인전공, 뷰티디자인전공, 뷰티화장품전공, 뷰티화장품학과","정상","","","","뷰티화장품학과","https://kupis.kku.ac.kr/wsugang/core?attribute=timeMain","Thu Oct 01 2026 21:11:17 GMT+0900 (한국 표준시)"
"2026","2","뷰티화장품학과","127561","전공","전공선택","전선","화장품계면화학이론및실습","BVHE67820","7798","01","3","3","3","이진현","월1500-1630(국제교육관 406), 화1030-1200(국제교육관 406)","","뷰티디자인전공, 뷰티디자인전공, 뷰티화장품전공, 뷰티화장품학과","정상","","","","뷰티화장품학과","https://kupis.kku.ac.kr/wsugang/core?attribute=timeMain","Thu Oct 01 2026 21:11:17 GMT+0900 (한국 표준시)"
"2026","2","뷰티화장품학과","127561","전공","전공선택","전선","화장품제조개론및실습","BVHE67815","8261","01","2","3","3","이윤진","목1500-1800(생명과학관 403)","","뷰티디자인전공, 뷰티디자인전공, 뷰티화장품전공, 뷰티화장품학과","정상","","","","뷰티화장품학과","https://kupis.kku.ac.kr/wsugang/core?attribute=timeMain","Thu Oct 01 2026 21:11:17 GMT+0900 (한국 표준시)"
"2026","2","뷰티화장품학과","127561","전공","전공선택","전선","K-Project","BVHE62441","K022","01","1","1","1.5","이선주","수1200-1800(국제교육관 406)","4주(1-4주)","뷰티디자인전공, 뷰티디자인전공, 뷰티화장품전공, 뷰티화장품학과","정상","","","","뷰티화장품학과","https://kupis.kku.ac.kr/wsugang/core?attribute=timeMain","Thu Oct 01 2026 21:11:17 GMT+0900 (한국 표준시)"
"2026","2","뷰티화장품학과","127561","전공","전공선택","전선","K-Project","BVHE62441","K023","02","1","1","1.5","이진현","수1200-1800(국제교육관 407)","4주(5-8주)","뷰티디자인전공, 뷰티디자인전공, 뷰티화장품전공, 뷰티화장품학과","정상","","","","뷰티화장품학과","https://kupis.kku.ac.kr/wsugang/core?attribute=timeMain","Thu Oct 01 2026 21:11:17 GMT+0900 (한국 표준시)"
"2026","2","뷰티화장품학과","127561","전공","전공선택","전선","K-Project","BVHE62441","K024","03","1","1","1.5","김신희","수1200-1800(국제교육관 306)","4주(5-8주)","뷰티디자인전공, 뷰티디자인전공, 뷰티화장품전공, 뷰티화장품학과","정상","","","","뷰티화장품학과","https://kupis.kku.ac.kr/wsugang/core?attribute=timeMain","Thu Oct 01 2026 21:11:17 GMT+0900 (한국 표준시)"
"2026","2","뷰티화장품학과","127561","전공","전공선택","전선","Nano-LAB기초2(뷰티화장품)","BVHE67596","N018","01","2","1","1","이선주","수1400-1800(국제교육관 406)","4주(5-8주)","뷰티디자인전공, 뷰티디자인전공, 뷰티화장품전공, 뷰티화장품학과","정상","","","","뷰티화장품학과","https://kupis.kku.ac.kr/wsugang/core?attribute=timeMain","Thu Oct 01 2026 21:11:17 GMT+0900 (한국 표준시)"
"2026","2","뷰티화장품학과","127561","전공","전공선택","전선","Nano-LAB기초2(뷰티화장품)","BVHE67596","N019","02","2","1","1","이진현","수1400-1800(국제교육관 406)","4주(9-12주)","뷰티디자인전공, 뷰티디자인전공, 뷰티화장품전공, 뷰티화장품학과","정상","","","","뷰티화장품학과","https://kupis.kku.ac.kr/wsugang/core?attribute=timeMain","Thu Oct 01 2026 21:11:17 GMT+0900 (한국 표준시)"
"2026","2","뷰티화장품학과","127561","전공","전공선택","전선","Nano-LAB기초2(뷰티화장품)","BVHE67596","N020","03","2","1","1","김신희","수1400-1800(국제교육관 306)","4주(1-4주)","뷰티디자인전공, 뷰티디자인전공, 뷰티화장품전공, 뷰티화장품학과","정상","","","","뷰티화장품학과","https://kupis.kku.ac.kr/wsugang/core?attribute=timeMain","Thu Oct 01 2026 21:11:17 GMT+0900 (한국 표준시)"
"2026","2","빅데이터융합전공","127953","전공","전공선택","전선","기초R프로그래밍","BVDP67860","H079","02","3","3","3","김수영","월1500-1800(국제교육관 301-B)","","빅데이터융합전공","정상","","","","빅데이터융합전공","https://kupis.kku.ac.kr/wsugang/core?attribute=timeMain","Thu Oct 01 2026 21:11:17 GMT+0900 (한국 표준시)"
"2026","2","빅데이터융합전공","127953","전공","전공선택","전선","데이터구조","BVDP32353","H077","01","3","3","3","오승홍","수0900-1200(국제교육관 303)","","빅데이터융합전공","정상","","","","빅데이터융합전공","https://kupis.kku.ac.kr/wsugang/core?attribute=timeMain","Thu Oct 01 2026 21:11:17 GMT+0900 (한국 표준시)"
"2026","2","빅데이터융합전공","127953","전공","전공선택","전선","빅데이터처리기술","BVDP67859","H078","01","4","3","3","오승홍","수1300-1600(국제교육관 303)","","빅데이터융합전공","정상","","","","빅데이터융합전공","https://kupis.kku.ac.kr/wsugang/core?attribute=timeMain","Thu Oct 01 2026 21:11:17 GMT+0900 (한국 표준시)"
"2026","2","빅데이터융합전공","127953","전공","전공선택","전선","텍스트마이닝종합설계","BVDP67861","H080","01","4","3","3","남재우","금0900-1200(실시간온라인)","","빅데이터융합전공","정상","","","","빅데이터융합전공","https://kupis.kku.ac.kr/wsugang/core?attribute=timeMain","Thu Oct 01 2026 21:11:17 GMT+0900 (한국 표준시)"
"2026","2","사회복지상담심리전공","127949","전공","전공선택","전선","사회복지실천기술론","BVEO66486","H082","01","2","3","3","남현주","화1800-2100(실시간온라인)","","사회복지상담학전공, 사회복지상담심리전공, 상담심리전공","정상","","","","사회복지상담심리전공","https://kupis.kku.ac.kr/wsugang/core?attribute=timeMain","Thu Oct 01 2026 21:11:17 GMT+0900 (한국 표준시)"
"2026","2","사회복지상담심리전공","127949","전공","전공선택","전선","직업정보론","BVEO66479","H081","01","2","3","3","","","","사회복지상담학전공, 사회복지상담심리전공, 상담심리전공","폐강","","","","사회복지상담심리전공","https://kupis.kku.ac.kr/wsugang/core?attribute=timeMain","Thu Oct 01 2026 21:11:17 GMT+0900 (한국 표준시)"
"2026","2","사회복지상담심리전공","127949","전공","전공선택","전선","청소년복지론","BVEO66485","H129","01","1","3","3","남현주","금1800-2100(실시간온라인)","","사회복지상담학전공, 사회복지상담심리전공","정상","","","","사회복지상담심리전공","https://kupis.kku.ac.kr/wsugang/core?attribute=timeMain","Thu Oct 01 2026 21:11:17 GMT+0900 (한국 표준시)"
"2026","2","사회복지학과","127549","전공","전공선택","전선","가족상담및가족치료","BVHH62557","7865","01","4","3","3","양호정","화1330-1500(KU-Station 101), 목1330-1500(인문사회관 102)","","사회복지학전공, 사회복지학과, 사회복지학과","정상","","","","사회복지학과","https://kupis.kku.ac.kr/wsugang/core?attribute=timeMain","Thu Oct 01 2026 21:11:17 GMT+0900 (한국 표준시)"
"2026","2","사회복지학과","127549","전공","전공선택","전선","노인복지론","BVHH13453","7850","01","2","3","3","이미진","월1330-1500(인문사회관 101), 수1030-1200(인문사회관 101)","","사회복지학전공, 사회복지학과, 사회복지학과","정상","","","","사회복지학과","https://kupis.kku.ac.kr/wsugang/core?attribute=timeMain","Thu Oct 01 2026 21:11:17 GMT+0900 (한국 표준시)"
"2026","2","사회복지학과","127549","전공","전공선택","전선","미술치료","BVHH62555","7864","01","3","3","3","양호정","화1030-1200(KU-Station 101), 목1030-1200(인문사회관 102)","","사회복지학전공, 사회복지학과, 사회복지학과","정상","","","","사회복지학과","https://kupis.kku.ac.kr/wsugang/core?attribute=timeMain","Thu Oct 01 2026 21:11:17 GMT+0900 (한국 표준시)"
"2026","2","사회복지학과","127549","전공","전공선택","전선","복지국가론","BVHH13455","7851","01","4","3","3","이준엽","월1030-1200(인문사회관 416), 수1030-1200(인문사회관 102)","","사회복지학전공, 사회복지학과, 사회복지학과","정상","","","","사회복지학과","https://kupis.kku.ac.kr/wsugang/core?attribute=timeMain","Thu Oct 01 2026 21:11:17 GMT+0900 (한국 표준시)"
"2026","2","사회복지학과","127549","전공","전공선택","전선","사례관리론","BVHH50176","7862","01","3","3","3","백종진","화1500-1800(인문사회관 102)","","사회복지학전공, 사회복지학과, 사회복지학과","정상","","","","사회복지학과","https://kupis.kku.ac.kr/wsugang/core?attribute=timeMain","Thu Oct 01 2026 21:11:17 GMT+0900 (한국 표준시)"
"2026","2","사회복지학과","127549","전공","전공선택","전선","사회복지법제와실천","BVHH62558","7866","01","4","3","3","신유선","월1200-1500(인문사회관 211)","","사회복지학전공, 사회복지학과, 사회복지학과","정상","","","","사회복지학과","https://kupis.kku.ac.kr/wsugang/core?attribute=timeMain","Thu Oct 01 2026 21:11:17 GMT+0900 (한국 표준시)"
"2026","2","사회복지학과","127549","전공","전공선택","전선","사회복지와인권","BVHH63441","7867","01","1","3","3","이은주","화1500-1800(인문사회관 308)","","사회복지학전공, 사회복지학과, 사회복지학과, KU자유전공학부","정상","","","","사회복지학과","https://kupis.kku.ac.kr/wsugang/core?attribute=timeMain","Thu Oct 01 2026 21:11:17 GMT+0900 (한국 표준시)"
"2026","2","사회복지학과","127549","전공","전공선택","전선","사회복지자료분석론","BVHH13475","7853","01","2","3","3","김정숙","수1200-1500(인문사회관 202)","","사회복지학전공, 사회복지학과, 사회복지학과","정상","","","","사회복지학과","https://kupis.kku.ac.kr/wsugang/core?attribute=timeMain","Thu Oct 01 2026 21:11:17 GMT+0900 (한국 표준시)"
"2026","2","사회복지학과","127549","전공","전공선택","전선","사회적기업창업의이해","BVHH56599","7863","01","3","3","3","양호정","월1000-1300(실시간온라인)","","사회복지학전공, 사회복지학과, 사회복지학과","정상","","","","사회복지학과","https://kupis.kku.ac.kr/wsugang/core?attribute=timeMain","Thu Oct 01 2026 21:11:17 GMT+0900 (한국 표준시)"
"2026","2","사회복지학과","127549","전공","전공선택","전선","아동복지론","BVHH13499","7857","01","2","3","3","양호정","화1200-1330(KU-Station 101), 목1200-1330(인문사회관 102)","","사회복지학전공, 사회복지학과, 사회복지학과","정상","","","","사회복지학과","https://kupis.kku.ac.kr/wsugang/core?attribute=timeMain","Thu Oct 01 2026 21:11:17 GMT+0900 (한국 표준시)"
"2026","2","사회복지학과","127549","전공","전공선택","전선","여성복지론","BVHH13500","7858","01","2","3","3","이용우","월1030-1200(KU-Station 101), 목1030-1200(인문사회관 101)","","사회복지학전공, 사회복지학과, 사회복지학과","정상","","","","사회복지학과","https://kupis.kku.ac.kr/wsugang/core?attribute=timeMain","Thu Oct 01 2026 21:11:17 GMT+0900 (한국 표준시)"
"2026","2","사회복지학과","127549","전공","전공선택","전선","의료사회복지론","BVHH44959","7861","01","2","3","3","백민소","월1500-1630(인문사회관 308), 수1500-1630(인문사회관 308)","","사회복지학전공, 사회복지학과, 사회복지학과","정상","","","","사회복지학과","https://kupis.kku.ac.kr/wsugang/core?attribute=timeMain","Thu Oct 01 2026 21:11:17 GMT+0900 (한국 표준시)"
"2026","2","사회복지학과","127549","전공","전공선택","전선","인간행동과사회환경","BVHH13505","7859","01","1","3","3","신준섭","월1330-1500(인문사회관 102), 화1330-1500(인문사회관 102)","","사회복지학전공, 사회복지학과, 사회복지학과, KU자유전공학부","정상","","","","사회복지학과","https://kupis.kku.ac.kr/wsugang/core?attribute=timeMain","Thu Oct 01 2026 21:11:17 GMT+0900 (한국 표준시)"
"2026","2","사회복지학과","127549","전공","전공선택","전선","지역사회복지론","BVHH13513","7860","01","2","3","3","이준엽","화1030-1200(인문사회관 101), 수0900-1030(인문사회관 102)","","사회복지학전공, 사회복지학과, 사회복지학과","정상","","","","사회복지학과","https://kupis.kku.ac.kr/wsugang/core?attribute=timeMain","Thu Oct 01 2026 21:11:17 GMT+0900 (한국 표준시)"
"2026","2","사회복지학과","127549","전공","전공선택","전선","K-Project","BVHH62441","K025","01","1","1","1.5","이용우","금0900-1500(인문사회관 101)","4주(5-8주)","사회복지학전공, 사회복지학과, 사회복지학과","정상","","","","사회복지학과","https://kupis.kku.ac.kr/wsugang/core?attribute=timeMain","Thu Oct 01 2026 21:11:17 GMT+0900 (한국 표준시)"
"2026","2","사회복지학과","127549","전공","전공선택","전선","Nano-LAB기초2(사회복지)","BVHH67583","N021","01","2","1","1","","","4주(1-4주)","사회복지학전공, 사회복지학과, 사회복지학과","폐강","","","","사회복지학과","https://kupis.kku.ac.kr/wsugang/core?attribute=timeMain","Thu Oct 01 2026 21:11:17 GMT+0900 (한국 표준시)"
"2026","2","사회복지학과","127549","전공","전공선택","전선","Nano-LAB심화2(사회복지)","BVHH67639","N062","01","3","1","1","백민소","금1400-1800(인문사회관 308)","4주(5-8주)","사회복지학전공, 사회복지학과, 사회복지학과","정상","","","","사회복지학과","https://kupis.kku.ac.kr/wsugang/core?attribute=timeMain","Thu Oct 01 2026 21:11:17 GMT+0900 (한국 표준시)"
"2026","2","사회복지학과","127549","전공","전공선택","전선","Nano-LAB심화2(사회복지)","BVHH67639","N063","02","3","1","1","양호정","금0900-1300(교수연구동 511)","4주(5-8주)","사회복지학전공, 사회복지학과, 사회복지학과","정상","","","","사회복지학과","https://kupis.kku.ac.kr/wsugang/core?attribute=timeMain","Thu Oct 01 2026 21:11:17 GMT+0900 (한국 표준시)"
"2026","2","사회복지학과","127549","전공","전공필수","전필","사회복지실천론","BVHH13472","7852","01","2","3","3","백민소","월1630-1800(인문사회관 308), 수1630-1800(인문사회관 308)","","사회복지학전공, 사회복지학과, 사회복지학과","정상","","","","사회복지학과","https://kupis.kku.ac.kr/wsugang/core?attribute=timeMain","Thu Oct 01 2026 21:11:17 GMT+0900 (한국 표준시)"
"2026","2","사회복지학과","127549","전공","전공필수","전필","사회복지현장실습1","BVHH13486","7854","01","3","3","3","신준섭","월1500-1700(교수연구동 511), 수1500-1600(교수연구동 511)","","사회복지학전공, 사회복지학과, 사회복지학과","정상","","","","사회복지학과","https://kupis.kku.ac.kr/wsugang/core?attribute=timeMain","Thu Oct 01 2026 21:11:17 GMT+0900 (한국 표준시)"
"2026","2","사회복지학과","127549","전공","전공필수","전필","사회복지현장실습1","BVHH13486","7855","02","3","3","3","이용우","월1500-1700(자연과학관 115), 수1500-1600(인문사회관 102)","","사회복지학전공, 사회복지학과, 사회복지학과","정상","","","","사회복지학과","https://kupis.kku.ac.kr/wsugang/core?attribute=timeMain","Thu Oct 01 2026 21:11:17 GMT+0900 (한국 표준시)"
"2026","2","사회복지학과","127549","전공","전공필수","전필","사회복지현장실습1","BVHH13486","7856","03","3","3","3","이미진","월1500-1700(자연과학관 304), 금1300-1400(교수연구동 511)","","사회복지학전공, 사회복지학과, 사회복지학과","정상","","","","사회복지학과","https://kupis.kku.ac.kr/wsugang/core?attribute=timeMain","Thu Oct 01 2026 21:11:17 GMT+0900 (한국 표준시)"
"2026","2","산업디자인학과","127542","전공","전공선택","전선","2D디지털디자인2","BWCC59665","7920","01","2","2","3","김준수","월0900-1200(창의예술관 503-3)","","산업디자인전공, 산업디자인전공, 산업디자인학과","정상","","","","산업디자인학과","https://kupis.kku.ac.kr/wsugang/core?attribute=timeMain","Thu Oct 01 2026 21:11:17 GMT+0900 (한국 표준시)"
"2026","2","산업디자인학과","127542","전공","전공선택","전선","2D디지털디자인2","BWCC59665","7921","02","2","2","3","김준수","월1330-1630(창의예술관 503-3)","","산업디자인전공, 산업디자인전공, 산업디자인학과","정상","","","","산업디자인학과","https://kupis.kku.ac.kr/wsugang/core?attribute=timeMain","Thu Oct 01 2026 21:11:17 GMT+0900 (한국 표준시)"
"2026","2","산업디자인학과","127542","전공","전공선택","전선","3D디지털디자인2","BWCC67841","7937","01","2","2","3","김상윤","화0900-1200(창의예술관 503-2)","","산업디자인전공, 산업디자인전공, 산업디자인학과","정상","","","","산업디자인학과","https://kupis.kku.ac.kr/wsugang/core?attribute=timeMain","Thu Oct 01 2026 21:11:17 GMT+0900 (한국 표준시)"
"2026","2","산업디자인학과","127542","전공","전공선택","전선","3D디지털디자인2","BWCC67841","7938","02","2","2","3","김상윤","화1330-1630(창의예술관 503-2)","","산업디자인전공, 산업디자인전공, 산업디자인학과","정상","","","","산업디자인학과","https://kupis.kku.ac.kr/wsugang/core?attribute=timeMain","Thu Oct 01 2026 21:11:17 GMT+0900 (한국 표준시)"
"2026","2","산업디자인학과","127542","전공","전공선택","전선","기초제품디자인2","BWCC67840","7935","01","2","2","3","전영준","월0900-1200(창의예술관 205)","","산업디자인전공, 산업디자인전공, 산업디자인학과","정상","","","","산업디자인학과","https://kupis.kku.ac.kr/wsugang/core?attribute=timeMain","Thu Oct 01 2026 21:11:17 GMT+0900 (한국 표준시)"
"2026","2","산업디자인학과","127542","전공","전공선택","전선","기초제품디자인2","BWCC67840","7936","02","2","2","3","전영준","월1330-1630(창의예술관 205)","","산업디자인전공, 산업디자인전공, 산업디자인학과","정상","","","","산업디자인학과","https://kupis.kku.ac.kr/wsugang/core?attribute=timeMain","Thu Oct 01 2026 21:11:17 GMT+0900 (한국 표준시)"
"2026","2","산업디자인학과","127542","전공","전공선택","전선","기초조형2","BWCC67833","7930","01","1","3","3","이상래","금0900-1200(창의예술관 404)","","산업디자인전공, 산업디자인전공, 산업디자인학과","정상","","","","산업디자인학과","https://kupis.kku.ac.kr/wsugang/core?attribute=timeMain","Thu Oct 01 2026 21:11:17 GMT+0900 (한국 표준시)"
"2026","2","산업디자인학과","127542","전공","전공선택","전선","디자인방법론","BWCC67836","7933","01","1","3","3","정안철","월0900-1200(창의예술관 404)","","산업디자인전공, 산업디자인전공, 산업디자인학과","정상","","","","산업디자인학과","https://kupis.kku.ac.kr/wsugang/core?attribute=timeMain","Thu Oct 01 2026 21:11:17 GMT+0900 (한국 표준시)"
"2026","2","산업디자인학과","127542","전공","전공선택","전선","디자인방법론","BWCC67836","7934","02","1","3","3","정안철","월1330-1630(창의예술관 404)","","산업디자인전공, 산업디자인전공, 산업디자인학과","정상","","","","산업디자인학과","https://kupis.kku.ac.kr/wsugang/core?attribute=timeMain","Thu Oct 01 2026 21:11:17 GMT+0900 (한국 표준시)"
"2026","2","산업디자인학과","127542","전공","전공선택","전선","디자인스페셜토픽연구2","BWCC56056","7913","01","2","3","3","문형준","수1330-1630(창의예술관 205)","","산업디자인전공, 산업디자인전공, 산업디자인학과","정상","","","","산업디자인학과","https://kupis.kku.ac.kr/wsugang/core?attribute=timeMain","Thu Oct 01 2026 21:11:17 GMT+0900 (한국 표준시)"
"2026","2","산업디자인학과","127542","전공","전공선택","전선","디자인스페셜토픽연구2","BWCC56056","7914","02","2","3","3","문형준","금0900-1200(창의예술관 205)","","산업디자인전공, 산업디자인전공, 산업디자인학과","정상","","","","산업디자인학과","https://kupis.kku.ac.kr/wsugang/core?attribute=timeMain","Thu Oct 01 2026 21:11:17 GMT+0900 (한국 표준시)"
"2026","2","산업디자인학과","127542","전공","전공선택","전선","모빌리티VR디자인스튜디오2","BWCC66358","7928","01","4","3","3","콩더신","화1330-1630(창의예술관 403)","","산업디자인전공, 산업디자인전공, 산업디자인학과","정상","","","","산업디자인학과","https://kupis.kku.ac.kr/wsugang/core?attribute=timeMain","Thu Oct 01 2026 21:11:17 GMT+0900 (한국 표준시)"
"2026","2","산업디자인학과","127542","전공","전공선택","전선","모빌리티VR디자인스튜디오2","BWCC66358","7929","02","4","3","3","오인균","수0900-1200(창의예술관 205)","","산업디자인전공, 산업디자인전공, 산업디자인학과","정상","","","","산업디자인학과","https://kupis.kku.ac.kr/wsugang/core?attribute=timeMain","Thu Oct 01 2026 21:11:17 GMT+0900 (한국 표준시)"
"2026","2","산업디자인학과","127542","전공","전공선택","전선","모빌리티VR디지털디자인2","BWCC66356","7926","01","3","3","3","김동순","수1330-1630(창의예술관 402)","","산업디자인전공, 산업디자인전공, 산업디자인학과","정상","","","","산업디자인학과","https://kupis.kku.ac.kr/wsugang/core?attribute=timeMain","Thu Oct 01 2026 21:11:17 GMT+0900 (한국 표준시)"
"2026","2","산업디자인학과","127542","전공","전공선택","전선","모빌리티VR디지털디자인2","BWCC66356","7927","02","3","3","3","차성욱","목0900-1200(창의예술관 206)","","산업디자인전공, 산업디자인전공, 산업디자인학과","정상","","","","산업디자인학과","https://kupis.kku.ac.kr/wsugang/core?attribute=timeMain","Thu Oct 01 2026 21:11:17 GMT+0900 (한국 표준시)"
"2026","2","산업디자인학과","127542","전공","전공선택","전선","소비자경험디자인2","BWCC67847","7943","01","3","3","3","윤민영","금0900-1200(창의예술관 402)","","산업디자인전공, 산업디자인전공, 산업디자인학과","정상","","","","산업디자인학과","https://kupis.kku.ac.kr/wsugang/core?attribute=timeMain","Thu Oct 01 2026 21:11:17 GMT+0900 (한국 표준시)"
"2026","2","산업디자인학과","127542","전공","전공선택","전선","소비자경험디자인2","BWCC67847","7944","02","3","3","3","윤민영","금1330-1630(창의예술관 402)","","산업디자인전공, 산업디자인전공, 산업디자인학과","정상","","","","산업디자인학과","https://kupis.kku.ac.kr/wsugang/core?attribute=timeMain","Thu Oct 01 2026 21:11:17 GMT+0900 (한국 표준시)"
"2026","2","산업디자인학과","127542","전공","전공선택","전선","융합환경디자인종합설계2","BWCC59669","7922","01","3","3","3","주학곤","목0900-1200(창의예술관 205)","","산업디자인전공, 산업디자인전공, 산업디자인학과","정상","","","","산업디자인학과","https://kupis.kku.ac.kr/wsugang/core?attribute=timeMain","Thu Oct 01 2026 21:11:17 GMT+0900 (한국 표준시)"
"2026","2","산업디자인학과","127542","전공","전공선택","전선","융합환경디자인종합설계2","BWCC59669","7923","02","3","3","3","주학곤","목1330-1630(창의예술관 205)","","산업디자인전공, 산업디자인전공, 산업디자인학과","정상","","","","산업디자인학과","https://kupis.kku.ac.kr/wsugang/core?attribute=timeMain","Thu Oct 01 2026 21:11:17 GMT+0900 (한국 표준시)"
"2026","2","산업디자인학과","127542","전공","전공선택","전선","자유전공실습2","BWCC68036","7953","01","1","3","3","오인균","화1330-1630(창의예술관 404)","","산업디자인전공, 산업디자인전공, 산업디자인학과","정상","","","","산업디자인학과","https://kupis.kku.ac.kr/wsugang/core?attribute=timeMain","Thu Oct 01 2026 21:11:17 GMT+0900 (한국 표준시)"
"2026","2","산업디자인학과","127542","전공","전공선택","전선","제품서비스디자인2","BWCC67846","7941","01","3","3","3","김성현","화0900-1200(창의예술관 402)","","산업디자인전공, 산업디자인전공, 산업디자인학과","정상","","","","산업디자인학과","https://kupis.kku.ac.kr/wsugang/core?attribute=timeMain","Thu Oct 01 2026 21:11:17 GMT+0900 (한국 표준시)"
"2026","2","산업디자인학과","127542","전공","전공선택","전선","제품서비스디자인2","BWCC67846","7942","02","3","3","3","김성현","화1330-1630(창의예술관 402)","","산업디자인전공, 산업디자인전공, 산업디자인학과","정상","","","","산업디자인학과","https://kupis.kku.ac.kr/wsugang/core?attribute=timeMain","Thu Oct 01 2026 21:11:17 GMT+0900 (한국 표준시)"
"2026","2","산업디자인학과","127542","전공","전공선택","전선","졸업연구캡스톤스튜디오2","BWCC67852","7950","01","4","3","3","오인균","화0900-1200(창의예술관 404)","","산업디자인전공, 산업디자인전공, 산업디자인학과","정상","","","","산업디자인학과","https://kupis.kku.ac.kr/wsugang/core?attribute=timeMain","Thu Oct 01 2026 21:11:17 GMT+0900 (한국 표준시)"
"2026","2","산업디자인학과","127542","전공","전공선택","전선","졸업연구캡스톤스튜디오2","BWCC67852","7951","02","4","3","3","오인균","수1500-1800(창의예술관 403)","","산업디자인전공, 산업디자인전공, 산업디자인학과","정상","","","","산업디자인학과","https://kupis.kku.ac.kr/wsugang/core?attribute=timeMain","Thu Oct 01 2026 21:11:17 GMT+0900 (한국 표준시)"
"2026","2","산업디자인학과","127542","전공","전공선택","전선","졸업연구캡스톤스튜디오2","BWCC67852","7952","03","4","3","3","오인균","목1330-1630(창의예술관 403)","","산업디자인전공, 산업디자인전공, 산업디자인학과","정상","","","","산업디자인학과","https://kupis.kku.ac.kr/wsugang/core?attribute=timeMain","Thu Oct 01 2026 21:11:17 GMT+0900 (한국 표준시)"
"2026","2","산업디자인학과","127542","전공","전공선택","전선","지역개발디자인종합설계2","BWCC56069","7918","01","4","3","3","권순걸","목0900-1200(창의예술관 403)","","산업디자인전공, 산업디자인전공, 산업디자인학과","정상","","","","산업디자인학과","https://kupis.kku.ac.kr/wsugang/core?attribute=timeMain","Thu Oct 01 2026 21:11:17 GMT+0900 (한국 표준시)"
"2026","2","산업디자인학과","127542","전공","전공선택","전선","지역개발디자인종합설계2","BWCC56069","7919","02","4","3","3","권순걸","금0900-1200(창의예술관 403)","","산업디자인전공, 산업디자인전공, 산업디자인학과","정상","","","","산업디자인학과","https://kupis.kku.ac.kr/wsugang/core?attribute=timeMain","Thu Oct 01 2026 21:11:17 GMT+0900 (한국 표준시)"
"2026","2","산업디자인학과","127542","전공","전공선택","전선","캡스톤디자인스타트업2","BWCC63542","7924","01","3","3","3","김성현","수0900-1200(창의예술관 402)","","산업디자인전공, 산업디자인전공, 산업디자인학과","정상","","","","산업디자인학과","https://kupis.kku.ac.kr/wsugang/core?attribute=timeMain","Thu Oct 01 2026 21:11:17 GMT+0900 (한국 표준시)"
"2026","2","산업디자인학과","127542","전공","전공선택","전선","캡스톤디자인스타트업2","BWCC63542","7925","02","3","3","3","정영진","목1330-1630(창의예술관 404)","","산업디자인전공, 산업디자인전공, 산업디자인학과","정상","","","","산업디자인학과","https://kupis.kku.ac.kr/wsugang/core?attribute=timeMain","Thu Oct 01 2026 21:11:17 GMT+0900 (한국 표준시)"
"2026","2","산업디자인학과","127542","전공","전공선택","전선","테크니컬드로잉2","BWCC67842","7939","01","2","2","3","","","","산업디자인전공, 산업디자인전공, 산업디자인학과","폐강","","","","산업디자인학과","https://kupis.kku.ac.kr/wsugang/core?attribute=timeMain","Thu Oct 01 2026 21:11:17 GMT+0900 (한국 표준시)"
"2026","2","산업디자인학과","127542","전공","전공선택","전선","테크니컬드로잉2","BWCC67842","7940","02","2","2","3","차성욱","화1330-1630(창의예술관 205)","","산업디자인전공, 산업디자인전공, 산업디자인학과","정상","","","","산업디자인학과","https://kupis.kku.ac.kr/wsugang/core?attribute=timeMain","Thu Oct 01 2026 21:11:17 GMT+0900 (한국 표준시)"
"2026","2","산업디자인학과","127542","전공","전공선택","전선","K-컬쳐디자인","BWCC67835","7931","01","1","3","3","정영진","수1500-1800(창의예술관 404)","","산업디자인전공, 산업디자인전공, 산업디자인학과","정상","","","","산업디자인학과","https://kupis.kku.ac.kr/wsugang/core?attribute=timeMain","Thu Oct 01 2026 21:11:17 GMT+0900 (한국 표준시)"
"2026","2","산업디자인학과","127542","전공","전공선택","전선","K-컬쳐디자인","BWCC67835","7932","02","1","3","3","정영진","목0900-1200(창의예술관 404)","","산업디자인전공, 산업디자인전공, 산업디자인학과","정상","","","","산업디자인학과","https://kupis.kku.ac.kr/wsugang/core?attribute=timeMain","Thu Oct 01 2026 21:11:17 GMT+0900 (한국 표준시)"
"2026","2","산업디자인학과","127542","전공","전공선택","전선","K-Project","BWCC62441","K026","01","1","1","1.5","콩더신","수1630-1800(창의예술관 304)","","산업디자인전공, 산업디자인전공, 산업디자인학과","정상","","","","산업디자인학과","https://kupis.kku.ac.kr/wsugang/core?attribute=timeMain","Thu Oct 01 2026 21:11:17 GMT+0900 (한국 표준시)"
"2026","2","산업디자인학과","127542","전공","전공선택","전선","K-Project","BWCC62441","K027","02","1","1","1.5","콩더신","금1000-1130(창의예술관 304)","","산업디자인전공, 산업디자인전공, 산업디자인학과","정상","","","","산업디자인학과","https://kupis.kku.ac.kr/wsugang/core?attribute=timeMain","Thu Oct 01 2026 21:11:17 GMT+0900 (한국 표준시)"
"2026","2","산업디자인학과","127542","전공","전공선택","전선","Nano-LAB기초2(산업디자인)","BWCC67571","N022","01","2","1","1","김동순","수1000-1200(창의예술관 404)","8주(1-8주)","산업디자인전공, 산업디자인전공, 산업디자인학과","정상","","","","산업디자인학과","https://kupis.kku.ac.kr/wsugang/core?attribute=timeMain","Thu Oct 01 2026 21:11:17 GMT+0900 (한국 표준시)"
"2026","2","산업디자인학과","127542","전공","전공선택","전선","Nano-LAB심화2(산업디자인)","BWCC67627","N064","01","3","1","1","김동순","수1000-1200(창의예술관 404)","8주(9-16주)","산업디자인전공, 산업디자인전공, 산업디자인학과","정상","","","","산업디자인학과","https://kupis.kku.ac.kr/wsugang/core?attribute=timeMain","Thu Oct 01 2026 21:11:17 GMT+0900 (한국 표준시)"
"2026","2","산업디자인학과","127542","전공","전공선택","전선","UI/UX디자인2","BWCC67848","7945","01","3","3","3","","","","산업디자인전공, 산업디자인전공, 산업디자인학과","폐강","","","","산업디자인학과","https://kupis.kku.ac.kr/wsugang/core?attribute=timeMain","Thu Oct 01 2026 21:11:17 GMT+0900 (한국 표준시)"
"2026","2","산업디자인학과","127542","전공","전공선택","전선","UI/UX디자인2","BWCC67848","7946","02","3","3","3","","","","산업디자인전공, 산업디자인전공, 산업디자인학과","폐강","","","","산업디자인학과","https://kupis.kku.ac.kr/wsugang/core?attribute=timeMain","Thu Oct 01 2026 21:11:17 GMT+0900 (한국 표준시)"
"2026","2","산업디자인학과","127542","전공","전공필수","전필","브랜드경험디자인2","BWCC67851","7947","01","4","3","3","권순걸","월1330-1630(창의예술관 403)","","산업디자인전공, 산업디자인전공, 산업디자인학과","정상","","","","산업디자인학과","https://kupis.kku.ac.kr/wsugang/core?attribute=timeMain","Thu Oct 01 2026 21:11:17 GMT+0900 (한국 표준시)"
"2026","2","산업디자인학과","127542","전공","전공필수","전필","브랜드경험디자인2","BWCC67851","7948","02","4","3","3","권순걸","화0900-1200(창의예술관 403)","","산업디자인전공, 산업디자인전공, 산업디자인학과","정상","","","","산업디자인학과","https://kupis.kku.ac.kr/wsugang/core?attribute=timeMain","Thu Oct 01 2026 21:11:17 GMT+0900 (한국 표준시)"
"2026","2","산업디자인학과","127542","전공","전공필수","전필","브랜드경험디자인2","BWCC67851","7949","03","4","3","3","권순걸","수0900-1200(창의예술관 403)","","산업디자인전공, 산업디자인전공, 산업디자인학과","정상","","","","산업디자인학과","https://kupis.kku.ac.kr/wsugang/core?attribute=timeMain","Thu Oct 01 2026 21:11:17 GMT+0900 (한국 표준시)"
"2026","2","산업디자인학과","127542","전공","전공필수","전필","스페이스종합설계2","BWCC56062","7915","01","4","3","3","정관진","목0900-1200(창의예술관 402)","","산업디자인전공, 산업디자인전공, 산업디자인학과","정상","","","","산업디자인학과","https://kupis.kku.ac.kr/wsugang/core?attribute=timeMain","Thu Oct 01 2026 21:11:17 GMT+0900 (한국 표준시)"
"2026","2","산업디자인학과","127542","전공","전공필수","전필","스페이스종합설계2","BWCC56062","7916","02","4","3","3","정관진","목1200-1500(창의예술관 402)","","산업디자인전공, 산업디자인전공, 산업디자인학과","정상","","","","산업디자인학과","https://kupis.kku.ac.kr/wsugang/core?attribute=timeMain","Thu Oct 01 2026 21:11:17 GMT+0900 (한국 표준시)"
"2026","2","산업디자인학과","127542","전공","전공필수","전필","스페이스종합설계2","BWCC56062","7917","03","4","3","3","정관진","목1500-1800(창의예술관 402)","","산업디자인전공, 산업디자인전공, 산업디자인학과","정상","","","","산업디자인학과","https://kupis.kku.ac.kr/wsugang/core?attribute=timeMain","Thu Oct 01 2026 21:11:17 GMT+0900 (한국 표준시)"
"2026","2","상담심리전공","128304","전공","전공선택","전선","가족의이해와가족상담","BVFF68845","H086","01","3","3","3","박현정","목1800-2100(실시간온라인)","","사회복지상담심리전공, 상담심리전공","정상","","","","상담심리전공","https://kupis.kku.ac.kr/wsugang/core?attribute=timeMain","Thu Oct 01 2026 21:11:17 GMT+0900 (한국 표준시)"
"2026","2","상담심리전공","128304","전공","전공선택","전선","성격심리학","BVFF66476","H085","01","2","3","3","박현정","","","사회복지상담심리전공, 상담심리전공","정상","","","","상담심리전공 | 이러닝","https://kupis.kku.ac.kr/wsugang/core?attribute=timeMain","Thu Oct 01 2026 21:11:17 GMT+0900 (한국 표준시)"
"2026","2","상담심리전공","128304","전공","전공선택","전선","인지행동치료","BVFF68851","H087","01","4","3","3","김정현","월1800-2100(실시간온라인)","","사회복지상담심리전공, 상담심리전공","정상","","","","상담심리전공","https://kupis.kku.ac.kr/wsugang/core?attribute=timeMain","Thu Oct 01 2026 21:11:17 GMT+0900 (한국 표준시)"
"2026","2","상담심리전공","128304","전공","전공선택","전선","직업심리학","BVFF66475","H084","01","3","3","3","강석화","토1000-1300(글로컬이음관 408)","","사회복지상담심리전공, 상담심리전공","정상","","","","상담심리전공","https://kupis.kku.ac.kr/wsugang/core?attribute=timeMain","Thu Oct 01 2026 21:11:17 GMT+0900 (한국 표준시)"
"2026","2","상담심리전공","128304","전공","전공필수","전필","상담이론과실제","BVFF66473","H083","01","1","3","3","박현정","","","사회복지상담심리전공, 상담심리전공","정상","","","","상담심리전공 | 이러닝","https://kupis.kku.ac.kr/wsugang/core?attribute=timeMain","Thu Oct 01 2026 21:11:17 GMT+0900 (한국 표준시)"
"2026","2","생명공학과","127559","전공","전공선택","전선","고급화학","BVHC49250","7752","01","1","3","3","한상우","월1030-1200(생명과학관 403), 화1030-1200(자연과학관 501)","","생명공학과, 생명공학전공, 바이오생명공학전공, 생명공학과, KU자유전공학부","정상","","","","생명공학과","https://kupis.kku.ac.kr/wsugang/core?attribute=timeMain","Thu Oct 01 2026 21:11:17 GMT+0900 (한국 표준시)"
"2026","2","생명공학과","127559","전공","전공선택","전선","단백질공학","BVHC07647","7744","01","3","3","3","원형식","수1500-1630(상허연구동 318), 목1500-1630(상허연구동 318)","","생명공학과, 생명공학전공, 바이오생명공학전공, 생명공학과","정상","","","","생명공학과","https://kupis.kku.ac.kr/wsugang/core?attribute=timeMain","Thu Oct 01 2026 21:11:17 GMT+0900 (한국 표준시)"
"2026","2","생명공학과","127559","전공","전공선택","전선","면역학2","BVFA48043","7717","01","3","3","3","강태봉","화1030-1200(상허연구동 420), 수1030-1200(생명과학관 403)","","생명공학과, 생명공학전공, 바이오생명공학전공, 생명공학과","정상","","","","생명공학과","https://kupis.kku.ac.kr/wsugang/core?attribute=timeMain","Thu Oct 01 2026 21:11:17 GMT+0900 (한국 표준시)"
"2026","2","생명공학과","127559","전공","전공선택","전선","바이오분석화학실험실습","BVFA67664","7720","01","2","3","3","한상우","월1200-1500(상허연구동 117)","","생명공학과, 생명공학전공, 바이오생명공학전공, 생명공학과","정상","","","","생명공학과","https://kupis.kku.ac.kr/wsugang/core?attribute=timeMain","Thu Oct 01 2026 21:11:17 GMT+0900 (한국 표준시)"
"2026","2","생명공학과","127559","전공","전공선택","전선","바이오산업동향","BVFA67665","7721","01","4","3","3","김정년","수1500-1800(생명과학관 403)","","생명공학과, 생명공학전공, 바이오생명공학전공, 생명공학과","정상","","","","생명공학과","https://kupis.kku.ac.kr/wsugang/core?attribute=timeMain","Thu Oct 01 2026 21:11:17 GMT+0900 (한국 표준시)"
"2026","2","생명공학과","127559","전공","전공선택","전선","바이오전공영어","BVHC39874","7750","01","1","2","2","코플라","목1400-1500(생명과학관 403), 금1000-1100(생명과학관 403)","","생명공학과, 생명공학전공, 바이오생명공학전공, 생명공학과","정상","","","","생명공학과","https://kupis.kku.ac.kr/wsugang/core?attribute=timeMain","Thu Oct 01 2026 21:11:17 GMT+0900 (한국 표준시)"
"2026","2","생명공학과","127559","전공","전공선택","전선","분광기기분석학","BVHC52440","7753","01","2","3","3","원형식","금1430-1730(실시간온라인)","","생명공학과, 생명공학전공, 바이오생명공학전공, 생명공학과","정상","","","","생명공학과","https://kupis.kku.ac.kr/wsugang/core?attribute=timeMain","Thu Oct 01 2026 21:11:17 GMT+0900 (한국 표준시)"
"2026","2","생명공학과","127559","전공","전공선택","전선","분석화학","BVHC05561","7743","01","2","3","3","한상우","화1200-1330(상허연구동 318), 수1330-1500(상허연구동 318)","","생명공학과, 생명공학전공, 바이오생명공학전공, 생명공학과","정상","","","","생명공학과","https://kupis.kku.ac.kr/wsugang/core?attribute=timeMain","Thu Oct 01 2026 21:11:17 GMT+0900 (한국 표준시)"
"2026","2","생명공학과","127559","전공","전공선택","전선","분자발생학","BVHC16044","7747","01","3","3","3","정미경","금0900-1200(실시간온라인)","","생명공학과, 생명공학전공, 바이오생명공학전공, 생명공학과","정상","","","","생명공학과","https://kupis.kku.ac.kr/wsugang/core?attribute=timeMain","Thu Oct 01 2026 21:11:17 GMT+0900 (한국 표준시)"
"2026","2","생명공학과","127559","전공","전공선택","전선","분자생물학1","BVFA05837","7716","01","2","3","3","박현정","월1500-1630(상허연구동 318), 화1500-1630(생명과학관 403)","","생명공학과, 생명공학전공, 바이오생명공학전공, 생명공학과","정상","","","","생명공학과","https://kupis.kku.ac.kr/wsugang/core?attribute=timeMain","Thu Oct 01 2026 21:11:17 GMT+0900 (한국 표준시)"
"2026","2","생명공학과","127559","전공","전공선택","전선","생명과학기초실험2","BVHC48023","7751","01","1","3","3","김종보","수1500-1800(상허연구동 117)","","생명공학과, 생명공학전공, 바이오생명공학전공, 생명공학과","정상","","","","생명공학과","https://kupis.kku.ac.kr/wsugang/core?attribute=timeMain","Thu Oct 01 2026 21:11:17 GMT+0900 (한국 표준시)"
"2026","2","생명공학과","127559","전공","전공선택","전선","생물신소재공학및세미나","BVHC63448","7755","01","4","3","3","이호원","수1030-1330(자연과학관 503)","","생명공학과, 생명공학전공, 바이오생명공학전공, 생명공학과","정상","","","","생명공학과","https://kupis.kku.ac.kr/wsugang/core?attribute=timeMain","Thu Oct 01 2026 21:11:17 GMT+0900 (한국 표준시)"
"2026","2","생명공학과","127559","전공","전공선택","전선","생화학2","BVHC14873","7745","01","2","3","3","이윤미","화0900-1200(상허연구동 318)","","생명공학과, 생명공학전공, 바이오생명공학전공, 생명공학과","정상","","","","생명공학과","https://kupis.kku.ac.kr/wsugang/core?attribute=timeMain","Thu Oct 01 2026 21:11:17 GMT+0900 (한국 표준시)"
"2026","2","생명공학과","127559","전공","전공선택","전선","세포생물학2","BVHC57515","7754","01","3","3","3","박현정","월1030-1200(상허연구동 318), 목1030-1200(상허연구동 318)","","생명공학과, 생명공학전공, 바이오생명공학전공, 생명공학과","정상","","","","생명공학과","https://kupis.kku.ac.kr/wsugang/core?attribute=timeMain","Thu Oct 01 2026 21:11:17 GMT+0900 (한국 표준시)"
"2026","2","생명공학과","127559","전공","전공선택","전선","신경분자생물학실험실습","BVFA67659","7718","01","3","3","3","최동국","월1500-1800(상허연구동 117)","","생명공학과, 생명공학전공, 바이오생명공학전공, 생명공학과","정상","","","","생명공학과","https://kupis.kku.ac.kr/wsugang/core?attribute=timeMain","Thu Oct 01 2026 21:11:17 GMT+0900 (한국 표준시)"
"2026","2","생명공학과","127559","전공","전공선택","전선","유전공학","BVHC14887","7746","01","3","3","3","김종보","화1500-1630(상허연구동 318), 목1330-1500(상허연구동 318)","","생명공학과, 생명공학전공, 바이오생명공학전공, 생명공학과","정상","","","","생명공학과","https://kupis.kku.ac.kr/wsugang/core?attribute=timeMain","Thu Oct 01 2026 21:11:17 GMT+0900 (한국 표준시)"
"2026","2","생명공학과","127559","전공","전공선택","전선","유전학","BVHC17251","7748","01","2","3","3","강태봉","월1030-1200(상허연구동 420), 목1030-1200(상허연구동 420)","","생명공학과, 생명공학전공, 바이오생명공학전공, 생명공학과","정상","","","","생명공학과","https://kupis.kku.ac.kr/wsugang/core?attribute=timeMain","Thu Oct 01 2026 21:11:17 GMT+0900 (한국 표준시)"
"2026","2","생명공학과","127559","전공","전공선택","전선","인체생리학","BVHC24187","7749","01","2","3","3","코플라","수1030-1200(생명과학관 415), 목1500-1630(생명과학관 415)","","생명공학과, 생명공학전공, 바이오생명공학전공, 생명공학과","정상","","","","생명공학과","https://kupis.kku.ac.kr/wsugang/core?attribute=timeMain","Thu Oct 01 2026 21:11:17 GMT+0900 (한국 표준시)"
"2026","2","생명공학과","127559","전공","전공선택","전선","인체생명과학","BVFA67661","7719","01","1","3","3","최동국","화1630-1800(상허연구동 318), 수1030-1200(상허연구동 318)","","생명공학과, 생명공학전공, 바이오생명공학전공, 생명공학과, KU자유전공학부","정상","","","","생명공학과","https://kupis.kku.ac.kr/wsugang/core?attribute=timeMain","Thu Oct 01 2026 21:11:17 GMT+0900 (한국 표준시)"
"2026","2","생명공학과","127559","전공","전공선택","전선","K-Project","BVHC62441","K028","01","1","1","1.5","김종보","월1330-1500(상허연구동 318)","","생명공학과, 생명공학전공, 바이오생명공학전공, 생명공학과","정상","","","","생명공학과","https://kupis.kku.ac.kr/wsugang/core?attribute=timeMain","Thu Oct 01 2026 21:11:17 GMT+0900 (한국 표준시)"
"2026","2","생명공학과","127559","전공","전공선택","전선","K-Project","BVHC62441","K029","02","1","1","1.5","전소영","수1200-1500(상허연구동 117)","8주(1-8주)","생명공학과, 생명공학전공, 바이오생명공학전공, 생명공학과","정상","","","","생명공학과","https://kupis.kku.ac.kr/wsugang/core?attribute=timeMain","Thu Oct 01 2026 21:11:17 GMT+0900 (한국 표준시)"
"2026","2","생명공학과","127559","전공","전공선택","전선","K-Project","BVHC62441","K058","03","1","1","1.5","김종보","월1630-1800(상허연구동 318)","","생명공학, 생명공학과, 생명공학전공, 바이오생명공학전공, 생명공학과","정상","","","","생명공학과","https://kupis.kku.ac.kr/wsugang/core?attribute=timeMain","Thu Oct 01 2026 21:11:17 GMT+0900 (한국 표준시)"
"2026","2","생명공학과","127559","전공","전공선택","전선","Nano-LAB기초2(생명공학)","BVFA67594","N026","04","2","1","1","코플라","금1100-1200(생명과학관 403)","","생명공학과, 생명공학전공, 바이오생명공학전공, 생명공학과","정상","","","","생명공학과","https://kupis.kku.ac.kr/wsugang/core?attribute=timeMain","Thu Oct 01 2026 21:11:17 GMT+0900 (한국 표준시)"
"2026","2","생명공학과","127559","전공","전공선택","전선","Nano-LAB심화2(생명공학)","BVFA67650","N065","01","3","1","1","","","","생명공학과, 생명공학전공, 바이오생명공학전공, 생명공학과","폐강","","","","생명공학과","https://kupis.kku.ac.kr/wsugang/core?attribute=timeMain","Thu Oct 01 2026 21:11:17 GMT+0900 (한국 표준시)"
"2026","2","생명공학과","127559","전공","전공선택","전선","Nano-LAB심화2(생명공학)","BVFA67650","N073","02","3","1","1","한상우","목0930-1030(상허연구동 318)","","생명공학과, 생명공학전공, 바이오생명공학전공, 생명공학과","정상","","","","생명공학과","https://kupis.kku.ac.kr/wsugang/core?attribute=timeMain","Thu Oct 01 2026 21:11:17 GMT+0900 (한국 표준시)"
"2026","2","생명공학과","127559","전공","전공선택","전선","Nano-LAB심화2(생명공학)","BVFA67650","N074","03","3","1","1","한상우","목1200-1300(상허연구동 318)","","생명공학과, 생명공학전공, 바이오생명공학전공, 생명공학과","정상","","","","생명공학과","https://kupis.kku.ac.kr/wsugang/core?attribute=timeMain","Thu Oct 01 2026 21:11:17 GMT+0900 (한국 표준시)"
"2026","2","생명공학과","127559","전공","전공선택","전선","Nano-LAB심화2(생명공학)","BVFA67650","N075","04","3","1","1","강태봉","목1200-1300(상허연구동 420)","","생명공학과, 생명공학전공, 바이오생명공학전공, 생명공학과","정상","","","","생명공학과","https://kupis.kku.ac.kr/wsugang/core?attribute=timeMain","Thu Oct 01 2026 21:11:17 GMT+0900 (한국 표준시)"
"2026","2","생명공학과","127559","전공","전공선택","전선","Nano-LAB심화2(생명공학)","BVFA67650","N076","05","3","1","1","박현정","목1200-1300(상허연구동 317)","","생명공학과, 생명공학전공, 바이오생명공학전공, 생명공학과","정상","","","","생명공학과","https://kupis.kku.ac.kr/wsugang/core?attribute=timeMain","Thu Oct 01 2026 21:11:17 GMT+0900 (한국 표준시)"
"2026","2","소방방재융합학과","127510","전공","전공선택","전선","도시방재학","BRIB66349","7437","01","4","3","3","백종진","화1200-1500(자연과학관 501)","","소방방재융합학과","정상","","","","소방방재융합학과","https://kupis.kku.ac.kr/wsugang/core?attribute=timeMain","Thu Oct 01 2026 21:11:17 GMT+0900 (한국 표준시)"
"2026","2","소방방재융합학과","127510","전공","전공선택","전선","방재학개론","BRIB66344","7435","01","1","3","3","한우진","목0900-1200(인문사회관 113-2)","","소방방재융합학과, KU자유전공학부","정상","","","","소방방재융합학과","https://kupis.kku.ac.kr/wsugang/core?attribute=timeMain","Thu Oct 01 2026 21:11:17 GMT+0900 (한국 표준시)"
"2026","2","소방방재융합학과","127510","전공","전공선택","전선","소방경보시스템공학론","BRIB63829","7433","01","3","3","3","김상엽","화1030-1200(인문사회관 102), 수0900-1030(인문사회관 308)","","소방방재융합학과","정상","","","","소방방재융합학과","https://kupis.kku.ac.kr/wsugang/core?attribute=timeMain","Thu Oct 01 2026 21:11:17 GMT+0900 (한국 표준시)"
"2026","2","소방방재융합학과","127510","전공","전공선택","전선","소방조직론","BRIB63468","7427","01","4","3","3","이향수","월1030-1200(인문사회관 101), 월1330-1500(인문사회관 305)","","소방방재융합학과","정상","","","","소방방재융합학과","https://kupis.kku.ac.kr/wsugang/core?attribute=timeMain","Thu Oct 01 2026 21:11:17 GMT+0900 (한국 표준시)"
"2026","2","소방방재융합학과","127510","전공","전공선택","전선","소방지휘론","BRIB63823","7432","01","2","3","3","이향수","","","소방방재융합학과","정상","","","","소방방재융합학과 | 이러닝","https://kupis.kku.ac.kr/wsugang/core?attribute=timeMain","Thu Oct 01 2026 21:11:17 GMT+0900 (한국 표준시)"
"2026","2","소방방재융합학과","127510","전공","전공선택","전선","소방화학물리론","BRIB63819","7430","01","2","3","3","한우진","목1330-1630(인문사회관 308)","","소방방재융합학과","정상","","","","소방방재융합학과","https://kupis.kku.ac.kr/wsugang/core?attribute=timeMain","Thu Oct 01 2026 21:11:17 GMT+0900 (한국 표준시)"
"2026","2","소방방재융합학과","127510","전공","전공선택","전선","연소폭발론","BRIB63821","7431","01","2","3","3","김상엽","월1030-1200(인문사회관 102), 화0900-1030(인문사회관 102)","","소방방재융합학과","정상","","","","소방방재융합학과","https://kupis.kku.ac.kr/wsugang/core?attribute=timeMain","Thu Oct 01 2026 21:11:17 GMT+0900 (한국 표준시)"
"2026","2","소방방재융합학과","127510","전공","전공선택","전선","응급구조론","BRIB63507","7428","01","2","3","3","서경희","월1500-1800(인문사회관 101)","","소방방재융합학과","정상","","","","소방방재융합학과","https://kupis.kku.ac.kr/wsugang/core?attribute=timeMain","Thu Oct 01 2026 21:11:17 GMT+0900 (한국 표준시)"
"2026","2","소방방재융합학과","127510","전공","전공선택","전선","지반방재학","BRIB66348","7436","01","4","3","3","김상엽","월0900-1030(인문사회관 102), 수1030-1200(인문사회관 308)","","소방방재융합학과","정상","","","","소방방재융합학과","https://kupis.kku.ac.kr/wsugang/core?attribute=timeMain","Thu Oct 01 2026 21:11:17 GMT+0900 (한국 표준시)"
"2026","2","소방방재융합학과","127510","전공","전공선택","전선","K-Project","BRIB62441","K030","01","1","1","1.5","김상엽","금1300-1900(인문사회관 102)","4주(1-4주)","소방방재융합학과","정상","","","","소방방재융합학과","https://kupis.kku.ac.kr/wsugang/core?attribute=timeMain","Thu Oct 01 2026 21:11:17 GMT+0900 (한국 표준시)"
"2026","2","소방방재융합학과","127510","전공","전공선택","전선","Nano-LAB기초2(소방방재융합)","BRIB67580","N027","01","2","1","1","김상엽","금0900-1300(인문사회관 102)","4주(1-4주)","소방방재융합학과","정상","","","","소방방재융합학과","https://kupis.kku.ac.kr/wsugang/core?attribute=timeMain","Thu Oct 01 2026 21:11:17 GMT+0900 (한국 표준시)"
"2026","2","소방방재융합학과","127510","전공","전공필수","전필","소방법규해설2","BRIB63455","7425","01","2","3","3","소순창","월1330-1500(인문사회관 308), 화1030-1200(인문사회관 308)","","소방방재융합학과","정상","","","","소방방재융합학과","https://kupis.kku.ac.kr/wsugang/core?attribute=timeMain","Thu Oct 01 2026 21:11:17 GMT+0900 (한국 표준시)"
"2026","2","소방방재융합학과","127510","전공","전공필수","전필","소방정책론","BRIB63467","7426","01","1","3","3","이향수","월0900-1030(인문사회관 101), 월1200-1330(인문사회관 101)","","소방방재융합학과, KU자유전공학부","정상","","","","소방방재융합학과","https://kupis.kku.ac.kr/wsugang/core?attribute=timeMain","Thu Oct 01 2026 21:11:17 GMT+0900 (한국 표준시)"
"2026","2","소방방재융합학과","127510","전공","전공필수","전필","소방학개론2","BRIB63815","7429","01","1","3","3","소순창","월1030-1200(인문사회관 308), 화0900-1030(인문사회관 308)","","소방방재융합학과","정상","","","","소방방재융합학과","https://kupis.kku.ac.kr/wsugang/core?attribute=timeMain","Thu Oct 01 2026 21:11:17 GMT+0900 (한국 표준시)"
"2026","2","스마트푸드테크산업전공","128303","전공","전공선택","전선","식품영양학개론","BVFE56081","H088","01","1","3","3","염경진","","","스마트푸드테크산업전공","정상","","","","스마트푸드테크산업전공 | 이러닝","https://kupis.kku.ac.kr/wsugang/core?attribute=timeMain","Thu Oct 01 2026 21:11:17 GMT+0900 (한국 표준시)"
"2026","2","스마트푸드테크산업전공","128303","전공","전공선택","전선","푸드테크개론","BVFE69066","H089","01","1","3","3","이재익","","","스마트푸드테크산업전공","정상","","","","스마트푸드테크산업전공 | 이러닝","https://kupis.kku.ac.kr/wsugang/core?attribute=timeMain","Thu Oct 01 2026 21:11:17 GMT+0900 (한국 표준시)"
"2026","2","스포츠건강학과","127562","전공","전공선택","전선","기능해부학","BVHJ54596","7882","01","1","3","3","선세영","화1200-1500(생명과학관 416)","","생활체육학전공, 스포츠건강학전공, 스포츠건강학과, KU자유전공학부","정상","","","","스포츠건강학과","https://kupis.kku.ac.kr/wsugang/core?attribute=timeMain","Thu Oct 01 2026 21:11:17 GMT+0900 (한국 표준시)"
"2026","2","스포츠건강학과","127562","전공","전공선택","전선","기초병리학","BVHJ59817","7884","01","2","3","3","성동준","화0900-1100(생명과학관 403), 수0900-1000(생명과학관 403)","","생활체육학전공, 스포츠건강학전공, 스포츠건강학과","정상","","","","스포츠건강학과","https://kupis.kku.ac.kr/wsugang/core?attribute=timeMain","Thu Oct 01 2026 21:11:17 GMT+0900 (한국 표준시)"
"2026","2","스포츠건강학과","127562","전공","전공선택","전선","배드민턴","BVHJ09861","7870","01","1","2","2","조영숙","목0900-1100(건국체육관 100)","","생활체육학전공, 스포츠건강학전공, 스포츠건강학과","정상","","","","스포츠건강학과","https://kupis.kku.ac.kr/wsugang/core?attribute=timeMain","Thu Oct 01 2026 21:11:17 GMT+0900 (한국 표준시)"
"2026","2","스포츠건강학과","127562","전공","전공선택","전선","생활체육론","BVHJ13609","7874","01","1","3","3","서희진","월0900-1100(건국체육관 002), 화1100-1200(건국체육관 002)","","생활체육학전공, 스포츠건강학전공, 스포츠건강학과, KU자유전공학부","정상","","","","스포츠건강학과","https://kupis.kku.ac.kr/wsugang/core?attribute=timeMain","Thu Oct 01 2026 21:11:17 GMT+0900 (한국 표준시)"
"2026","2","스포츠건강학과","127562","전공","전공선택","전선","수영","BVHJ09870","7871","01","1","2","2","임상아","수1300-1500(건국체육관 003)","","생활체육학전공, 스포츠건강학전공, 스포츠건강학과","정상","","","","스포츠건강학과","https://kupis.kku.ac.kr/wsugang/core?attribute=timeMain","Thu Oct 01 2026 21:11:17 GMT+0900 (한국 표준시)"
"2026","2","스포츠건강학과","127562","전공","전공선택","전선","스쿼시","BVHJ11154","7873","01","3","2","2","성동준","월1500-1700(건국체육관 114)","","생활체육학전공, 스포츠건강학전공, 스포츠건강학과","정상","","","","스포츠건강학과","https://kupis.kku.ac.kr/wsugang/core?attribute=timeMain","Thu Oct 01 2026 21:11:17 GMT+0900 (한국 표준시)"
"2026","2","스포츠건강학과","127562","전공","전공선택","전선","스포츠경영론","BVHJ39957","7879","01","2","3","3","김현우","월1300-1400(자연과학관 115), 화1300-1500(생명과학관 403)","","생활체육학전공, 스포츠건강학전공, 스포츠건강학과","정상","","","","스포츠건강학과","https://kupis.kku.ac.kr/wsugang/core?attribute=timeMain","Thu Oct 01 2026 21:11:17 GMT+0900 (한국 표준시)"
"2026","2","스포츠건강학과","127562","전공","전공선택","전선","스포츠마케팅","BVHJ15128","7876","01","3","3","3","김현우","월1400-1500(자연과학관 115), 화1000-1200(생명과학관 322)","","생활체육학전공, 스포츠건강학전공, 스포츠건강학과","정상","","","","스포츠건강학과","https://kupis.kku.ac.kr/wsugang/core?attribute=timeMain","Thu Oct 01 2026 21:11:17 GMT+0900 (한국 표준시)"
"2026","2","스포츠건강학과","127562","전공","전공선택","전선","스포츠사회학","BVHJ13627","7875","01","3","3","3","서희진","수0900-1100(건국체육관 002), 목0900-1000(건국체육관 002)","","생활체육학전공, 스포츠건강학전공, 스포츠건강학과","정상","","","","스포츠건강학과","https://kupis.kku.ac.kr/wsugang/core?attribute=timeMain","Thu Oct 01 2026 21:11:17 GMT+0900 (한국 표준시)"
"2026","2","스포츠건강학과","127562","전공","전공선택","전선","스포츠산업캡스톤디자인","BVHJ56731","7883","01","4","3","3","김현우","수1400-1700(생명과학관 322)","","생활체육학전공, 스포츠건강학전공, 스포츠건강학과","정상","","","","스포츠건강학과","https://kupis.kku.ac.kr/wsugang/core?attribute=timeMain","Thu Oct 01 2026 21:11:17 GMT+0900 (한국 표준시)"
"2026","2","스포츠건강학과","127562","전공","전공선택","전선","스포츠생체역학","BVHJ63480","7888","01","3","3","3","이재우","수1500-1800(생명과학관 415)","","생활체육학전공, 스포츠건강학전공, 스포츠건강학과","정상","","","","스포츠건강학과","https://kupis.kku.ac.kr/wsugang/core?attribute=timeMain","Thu Oct 01 2026 21:11:17 GMT+0900 (한국 표준시)"
"2026","2","스포츠건강학과","127562","전공","전공선택","전선","스포츠정보활용법","BVHJ52403","7881","01","3","3","3","배정섭","목1400-1700(국제교육관 306-2)","","생활체육학전공, 스포츠건강학전공, 스포츠건강학과","정상","","","","스포츠건강학과","https://kupis.kku.ac.kr/wsugang/core?attribute=timeMain","Thu Oct 01 2026 21:11:17 GMT+0900 (한국 표준시)"
"2026","2","스포츠건강학과","127562","전공","전공선택","전선","스포츠통계","BVHJ48267","7880","01","2","3","3","배정섭","목1000-1100(건국체육관 002), 목1100-1300(국제교육관 306-2)","","생활체육학전공, 스포츠건강학전공, 스포츠건강학과","정상","","","","스포츠건강학과","https://kupis.kku.ac.kr/wsugang/core?attribute=timeMain","Thu Oct 01 2026 21:11:17 GMT+0900 (한국 표준시)"
"2026","2","스포츠건강학과","127562","전공","전공선택","전선","스포츠프로그램및지도론","BVHJ59818","7885","01","4","3","3","서희진","화0900-1100(건국체육관 002), 수1100-1200(건국체육관 002)","","생활체육학전공, 스포츠건강학전공, 스포츠건강학과","정상","","","","스포츠건강학과","https://kupis.kku.ac.kr/wsugang/core?attribute=timeMain","Thu Oct 01 2026 21:11:17 GMT+0900 (한국 표준시)"
"2026","2","스포츠건강학과","127562","전공","전공선택","전선","야구","BVHJ02095","7868","01","2","2","2","김현우","수1000-1200(글로컬스타디움)","","생활체육학전공, 스포츠건강학전공, 스포츠건강학과","정상","","","","스포츠건강학과","https://kupis.kku.ac.kr/wsugang/core?attribute=timeMain","Thu Oct 01 2026 21:11:17 GMT+0900 (한국 표준시)"
"2026","2","스포츠건강학과","127562","전공","전공선택","전선","운동손상및평가","BVHJ65374","7889","01","2","3","3","김성언","화1500-1800(건국체육관 002)","","생활체육학전공, 스포츠건강학전공, 스포츠건강학과","정상","","","","스포츠건강학과","https://kupis.kku.ac.kr/wsugang/core?attribute=timeMain","Thu Oct 01 2026 21:11:17 GMT+0900 (한국 표준시)"
"2026","2","스포츠건강학과","127562","전공","전공선택","전선","운동처방론","BVHJ32639","7878","01","2","3","3","차광석","월1430-1730(건국체육관 002)","","생활체육학전공, 스포츠건강학전공, 스포츠건강학과","정상","","","","스포츠건강학과","https://kupis.kku.ac.kr/wsugang/core?attribute=timeMain","Thu Oct 01 2026 21:11:17 GMT+0900 (한국 표준시)"
"2026","2","스포츠건강학과","127562","전공","전공선택","전선","운동처방및PT현장실습","BVHJ59820","7887","01","4","3","3","성동준","목0900-1200(생명과학관 502)","","생활체육학전공, 스포츠건강학전공, 스포츠건강학과","정상","","","","스포츠건강학과","https://kupis.kku.ac.kr/wsugang/core?attribute=timeMain","Thu Oct 01 2026 21:11:17 GMT+0900 (한국 표준시)"
"2026","2","스포츠건강학과","127562","전공","전공선택","전선","육상","BVHJ02473","7869","01","1","2","2","서희진","월1500-1700(글로컬스타디움)","","생활체육학전공, 스포츠건강학전공, 스포츠건강학과","정상","","","","스포츠건강학과","https://kupis.kku.ac.kr/wsugang/core?attribute=timeMain","Thu Oct 01 2026 21:11:17 GMT+0900 (한국 표준시)"
"2026","2","스포츠건강학과","127562","전공","전공선택","전선","특수체육론","BVHJ29427","7877","01","3","3","3","박희영","월1000-1300(글로컬이음관 501)","","생활체육학전공, 스포츠건강학전공, 스포츠건강학과","정상","","","","스포츠건강학과","https://kupis.kku.ac.kr/wsugang/core?attribute=timeMain","Thu Oct 01 2026 21:11:17 GMT+0900 (한국 표준시)"
"2026","2","스포츠건강학과","127562","전공","전공선택","전선","퍼스널트레이닝","BVHJ59819","7886","01","3","3","3","이윤화","화1500-1800(생명과학관 416)","","생활체육학전공, 스포츠건강학전공, 스포츠건강학과","정상","","","","스포츠건강학과","https://kupis.kku.ac.kr/wsugang/core?attribute=timeMain","Thu Oct 01 2026 21:11:17 GMT+0900 (한국 표준시)"
"2026","2","스포츠건강학과","127562","전공","전공선택","전선","K-Project","BVHJ62441","K031","01","1","1","1.5","김현우","화1500-1800(생명과학관 322)","8주(1-8주)","생활체육학전공, 스포츠건강학전공, 스포츠건강학과","정상","","","","스포츠건강학과","https://kupis.kku.ac.kr/wsugang/core?attribute=timeMain","Thu Oct 01 2026 21:11:17 GMT+0900 (한국 표준시)"
"2026","2","스포츠건강학과","127562","전공","전공선택","전선","Nano-LAB기초2(스포츠건강)","BVHJ67597","N028","01","2","1","1","이창진","수1500-1700(생명과학관 321)","8주(1-8주)","생활체육학전공, 스포츠건강학전공, 스포츠건강학과","정상","","","","스포츠건강학과","https://kupis.kku.ac.kr/wsugang/core?attribute=timeMain","Thu Oct 01 2026 21:11:17 GMT+0900 (한국 표준시)"
"2026","2","시각영상디자인학과","127545","전공","전공선택","전선","3D모델링","BWLB63345","8042","01","2","3","3","이지아","화0900-1200(창의예술관 503-3)","","시각광고디자인전공, 영상디자인전공, 시각광고디자인전공, 영상디자인전공, 시각영상디자인전공, 시각영상디자인학과","정상","","","영어","시각영상디자인학과","https://kupis.kku.ac.kr/wsugang/core?attribute=timeMain","Thu Oct 01 2026 21:11:17 GMT+0900 (한국 표준시)"
"2026","2","시각영상디자인학과","127545","전공","전공선택","전선","3D모델링","BWLB63345","8043","02","2","3","3","이지아","화1200-1500(창의예술관 503-3)","","시각광고디자인전공, 영상디자인전공, 시각광고디자인전공, 영상디자인전공, 시각영상디자인전공, 시각영상디자인학과","정상","","","영어","시각영상디자인학과","https://kupis.kku.ac.kr/wsugang/core?attribute=timeMain","Thu Oct 01 2026 21:11:17 GMT+0900 (한국 표준시)"
"2026","2","시각영상디자인학과","127545","전공","전공선택","전선","광고영상크리에이티브2","BWLB54926","8029","01","3","3","3","박상권","화1500-1800(창의예술관 204호)","","시각광고디자인전공, 영상디자인전공, 시각광고디자인전공, 영상디자인전공, 시각영상디자인전공, 시각영상디자인학과","정상","","","","시각영상디자인학과","https://kupis.kku.ac.kr/wsugang/core?attribute=timeMain","Thu Oct 01 2026 21:11:17 GMT+0900 (한국 표준시)"
"2026","2","시각영상디자인학과","127545","전공","전공선택","전선","디자인상상","BWLB67758","8071","01","2","3","3","김상균","화0900-1200(창의예술관 611)","","시각광고디자인전공, 영상디자인전공, 시각광고디자인전공, 영상디자인전공, 시각영상디자인전공, 시각영상디자인학과","정상","","","","시각영상디자인학과","https://kupis.kku.ac.kr/wsugang/core?attribute=timeMain","Thu Oct 01 2026 21:11:17 GMT+0900 (한국 표준시)"
"2026","2","시각영상디자인학과","127545","전공","전공선택","전선","디자인상상","BWLB67758","8072","02","2","3","3","김상균","화1330-1630(창의예술관 611)","","시각광고디자인전공, 영상디자인전공, 시각광고디자인전공, 영상디자인전공, 시각영상디자인전공, 시각영상디자인학과","정상","","","","시각영상디자인학과","https://kupis.kku.ac.kr/wsugang/core?attribute=timeMain","Thu Oct 01 2026 21:11:17 GMT+0900 (한국 표준시)"
"2026","2","시각영상디자인학과","127545","전공","전공선택","전선","디자인상상","BWLB67758","8073","03","2","3","3","김주경","수1330-1630(창의예술관 401)","","시각광고디자인전공, 영상디자인전공, 시각광고디자인전공, 영상디자인전공, 시각영상디자인전공, 시각영상디자인학과","정상","","","","시각영상디자인학과","https://kupis.kku.ac.kr/wsugang/core?attribute=timeMain","Thu Oct 01 2026 21:11:17 GMT+0900 (한국 표준시)"
"2026","2","시각영상디자인학과","127545","전공","전공선택","전선","디지털기초디자인2","BWLB63405","8046","01","1","3","3","이훈희","목1030-1330(창의예술관 503-2)","","시각광고디자인전공, 영상디자인전공, 시각광고디자인전공, 영상디자인전공, 시각영상디자인전공, 시각영상디자인학과","정상","","","","시각영상디자인학과","https://kupis.kku.ac.kr/wsugang/core?attribute=timeMain","Thu Oct 01 2026 21:11:17 GMT+0900 (한국 표준시)"
"2026","2","시각영상디자인학과","127545","전공","전공선택","전선","디지털기초디자인2","BWLB63405","8047","02","1","3","3","박서연","월0900-1200(국제교육관 203)","","시각광고디자인전공, 영상디자인전공, 시각광고디자인전공, 영상디자인전공, 시각영상디자인전공, 시각영상디자인학과","정상","","","","시각영상디자인학과","https://kupis.kku.ac.kr/wsugang/core?attribute=timeMain","Thu Oct 01 2026 21:11:17 GMT+0900 (한국 표준시)"
"2026","2","시각영상디자인학과","127545","전공","전공선택","전선","디지털기초디자인2","BWLB63405","8048","03","1","3","3","박서연","월1200-1500(국제교육관 203)","","시각광고디자인전공, 영상디자인전공, 시각광고디자인전공, 영상디자인전공, 시각영상디자인전공, 시각영상디자인학과","정상","","","","시각영상디자인학과","https://kupis.kku.ac.kr/wsugang/core?attribute=timeMain","Thu Oct 01 2026 21:11:17 GMT+0900 (한국 표준시)"
"2026","2","시각영상디자인학과","127545","전공","전공선택","전선","모션그래픽2","BWLB63416","8049","01","3","3","3","고이관","수1100-1400(창의예술관 503-3)","","시각광고디자인전공, 영상디자인전공, 시각광고디자인전공, 영상디자인전공, 시각영상디자인전공, 시각영상디자인학과","정상","","","","시각영상디자인학과","https://kupis.kku.ac.kr/wsugang/core?attribute=timeMain","Thu Oct 01 2026 21:11:17 GMT+0900 (한국 표준시)"
"2026","2","시각영상디자인학과","127545","전공","전공선택","전선","모션그래픽2","BWLB63416","8050","02","3","3","3","고이관","수1500-1800(창의예술관 503-3)","","시각광고디자인전공, 영상디자인전공, 시각광고디자인전공, 영상디자인전공, 시각영상디자인전공, 시각영상디자인학과","정상","","","","시각영상디자인학과","https://kupis.kku.ac.kr/wsugang/core?attribute=timeMain","Thu Oct 01 2026 21:11:17 GMT+0900 (한국 표준시)"
"2026","2","시각영상디자인학과","127545","전공","전공선택","전선","무빙텍스트디자인","BWLB67757","8069","01","2","3","3","정혜경","목0900-1200(국제교육관 204)","","시각광고디자인전공, 영상디자인전공, 시각광고디자인전공, 영상디자인전공, 시각영상디자인전공, 시각영상디자인학과","정상","","","","시각영상디자인학과","https://kupis.kku.ac.kr/wsugang/core?attribute=timeMain","Thu Oct 01 2026 21:11:17 GMT+0900 (한국 표준시)"
"2026","2","시각영상디자인학과","127545","전공","전공선택","전선","무빙텍스트디자인","BWLB67757","8070","02","2","3","3","정혜경","목1330-1630(국제교육관 204)","","시각광고디자인전공, 영상디자인전공, 시각광고디자인전공, 영상디자인전공, 시각영상디자인전공, 시각영상디자인학과","정상","","","","시각영상디자인학과","https://kupis.kku.ac.kr/wsugang/core?attribute=timeMain","Thu Oct 01 2026 21:11:17 GMT+0900 (한국 표준시)"
"2026","2","시각영상디자인학과","127545","전공","전공선택","전선","뮤직비디오","BWLB57785","8030","01","3","3","3","우택범","월0900-1200(국제교육관 204)","","시각광고디자인전공, 영상디자인전공, 시각광고디자인전공, 영상디자인전공, 시각영상디자인전공, 시각영상디자인학과","정상","","","","시각영상디자인학과","https://kupis.kku.ac.kr/wsugang/core?attribute=timeMain","Thu Oct 01 2026 21:11:17 GMT+0900 (한국 표준시)"
"2026","2","시각영상디자인학과","127545","전공","전공선택","전선","뮤직비디오","BWLB57785","8031","02","3","3","3","우택범","월1200-1500(국제교육관 204)","","시각광고디자인전공, 영상디자인전공, 시각광고디자인전공, 영상디자인전공, 시각영상디자인전공, 시각영상디자인학과","정상","","","","시각영상디자인학과","https://kupis.kku.ac.kr/wsugang/core?attribute=timeMain","Thu Oct 01 2026 21:11:17 GMT+0900 (한국 표준시)"
"2026","2","시각영상디자인학과","127545","전공","전공선택","전선","브랜드디자인2","BWLB39592","8025","01","3","3","3","이윤정","수0900-1200(창의예술관 611)","","시각광고디자인전공, 영상디자인전공, 시각광고디자인전공, 영상디자인전공, 시각영상디자인전공, 시각영상디자인학과","정상","","","","시각영상디자인학과","https://kupis.kku.ac.kr/wsugang/core?attribute=timeMain","Thu Oct 01 2026 21:11:17 GMT+0900 (한국 표준시)"
"2026","2","시각영상디자인학과","127545","전공","전공선택","전선","브랜드디자인2","BWLB39592","8026","02","3","3","3","이윤정","수1500-1800(창의예술관 611)","","시각광고디자인전공, 영상디자인전공, 시각광고디자인전공, 영상디자인전공, 시각영상디자인전공, 시각영상디자인학과","정상","","","","시각영상디자인학과","https://kupis.kku.ac.kr/wsugang/core?attribute=timeMain","Thu Oct 01 2026 21:11:17 GMT+0900 (한국 표준시)"
"2026","2","시각영상디자인학과","127545","전공","전공선택","전선","서비스경험디자인","BWLB63450","8051","01","4","3","3","정혜경","화1030-1330(국제교육관 206)","","시각광고디자인전공, 영상디자인전공, 시각광고디자인전공, 영상디자인전공, 시각영상디자인전공, 시각영상디자인학과","정상","","","","시각영상디자인학과","https://kupis.kku.ac.kr/wsugang/core?attribute=timeMain","Thu Oct 01 2026 21:11:17 GMT+0900 (한국 표준시)"
"2026","2","시각영상디자인학과","127545","전공","전공선택","전선","서비스경험디자인","BWLB63450","8052","02","4","3","3","정혜경","화1330-1630(국제교육관 206)","","시각광고디자인전공, 영상디자인전공, 시각광고디자인전공, 영상디자인전공, 시각영상디자인전공, 시각영상디자인학과","정상","","","","시각영상디자인학과","https://kupis.kku.ac.kr/wsugang/core?attribute=timeMain","Thu Oct 01 2026 21:11:17 GMT+0900 (한국 표준시)"
"2026","2","시각영상디자인학과","127545","전공","전공선택","전선","시각기초디자인2","BWLB63482","8053","01","1","3","3","최태선","월1330-1630(창의예술관 412)","","시각광고디자인전공, 영상디자인전공, 시각광고디자인전공, 영상디자인전공, 시각영상디자인전공, 시각영상디자인학과","정상","","","","시각영상디자인학과","https://kupis.kku.ac.kr/wsugang/core?attribute=timeMain","Thu Oct 01 2026 21:11:17 GMT+0900 (한국 표준시)"
"2026","2","시각영상디자인학과","127545","전공","전공선택","전선","시각기초디자인2","BWLB63482","8054","02","1","3","3","최태선","화0900-1200(창의예술관 412)","","시각광고디자인전공, 영상디자인전공, 시각광고디자인전공, 영상디자인전공, 시각영상디자인전공, 시각영상디자인학과","정상","","","","시각영상디자인학과","https://kupis.kku.ac.kr/wsugang/core?attribute=timeMain","Thu Oct 01 2026 21:11:17 GMT+0900 (한국 표준시)"
"2026","2","시각영상디자인학과","127545","전공","전공선택","전선","시각기초디자인2","BWLB63482","8055","03","1","3","3","최태선","목0900-1200(창의예술관 412)","","시각광고디자인전공, 영상디자인전공, 시각광고디자인전공, 영상디자인전공, 시각영상디자인전공, 시각영상디자인학과","정상","","","","시각영상디자인학과","https://kupis.kku.ac.kr/wsugang/core?attribute=timeMain","Thu Oct 01 2026 21:11:17 GMT+0900 (한국 표준시)"
"2026","2","시각영상디자인학과","127545","전공","전공선택","전선","시각정보디자인2","BWLB16400","8018","01","3","3","3","김준영","금0900-1200(창의예술관 412)","","시각광고디자인전공, 영상디자인전공, 시각광고디자인전공, 영상디자인전공, 시각영상디자인전공, 시각영상디자인학과","정상","","","","시각영상디자인학과","https://kupis.kku.ac.kr/wsugang/core?attribute=timeMain","Thu Oct 01 2026 21:11:17 GMT+0900 (한국 표준시)"
"2026","2","시각영상디자인학과","127545","전공","전공선택","전선","시각정보디자인2","BWLB16400","8019","02","3","3","3","김준영","금1330-1630(창의예술관 412)","","시각광고디자인전공, 영상디자인전공, 시각광고디자인전공, 영상디자인전공, 시각영상디자인전공, 시각영상디자인학과","정상","","","","시각영상디자인학과","https://kupis.kku.ac.kr/wsugang/core?attribute=timeMain","Thu Oct 01 2026 21:11:17 GMT+0900 (한국 표준시)"
"2026","2","시각영상디자인학과","127545","전공","전공선택","전선","애니메이션스튜디오2","BWLB52353","8027","01","4","3","3","강일","월1500-1800(국제교육관 206)","","시각광고디자인전공, 영상디자인전공, 시각광고디자인전공, 영상디자인전공, 시각영상디자인전공, 시각영상디자인학과","정상","","","","시각영상디자인학과","https://kupis.kku.ac.kr/wsugang/core?attribute=timeMain","Thu Oct 01 2026 21:11:17 GMT+0900 (한국 표준시)"
"2026","2","시각영상디자인학과","127545","전공","전공선택","전선","애니메이션스튜디오2","BWLB52353","8028","02","4","3","3","김민훈","목1500-1800(창의예술관 412)","","시각광고디자인전공, 영상디자인전공, 시각광고디자인전공, 영상디자인전공, 시각영상디자인전공, 시각영상디자인학과","정상","","","","시각영상디자인학과","https://kupis.kku.ac.kr/wsugang/core?attribute=timeMain","Thu Oct 01 2026 21:11:17 GMT+0900 (한국 표준시)"
"2026","2","시각영상디자인학과","127545","전공","전공선택","전선","엔터테인먼트아트워크","BWLB59810","8032","01","2","3","3","기수아","목0900-1200(국제교육관 206)","","시각광고디자인전공, 영상디자인전공, 시각광고디자인전공, 영상디자인전공, 시각영상디자인전공, 시각영상디자인학과","정상","","","","시각영상디자인학과","https://kupis.kku.ac.kr/wsugang/core?attribute=timeMain","Thu Oct 01 2026 21:11:17 GMT+0900 (한국 표준시)"
"2026","2","시각영상디자인학과","127545","전공","전공선택","전선","엔터테인먼트아트워크","BWLB59810","8033","02","2","3","3","기수아","목1330-1630(국제교육관 206)","","시각광고디자인전공, 영상디자인전공, 시각광고디자인전공, 영상디자인전공, 시각영상디자인전공, 시각영상디자인학과","정상","","","","시각영상디자인학과","https://kupis.kku.ac.kr/wsugang/core?attribute=timeMain","Thu Oct 01 2026 21:11:17 GMT+0900 (한국 표준시)"
"2026","2","시각영상디자인학과","127545","전공","전공선택","전선","영상촬영과편집","BWLB67756","8067","01","2","3","3","박상권","화1030-1330(창의예술관 204호)","","시각광고디자인전공, 영상디자인전공, 시각광고디자인전공, 영상디자인전공, 시각영상디자인전공, 시각영상디자인학과","정상","","","","시각영상디자인학과","https://kupis.kku.ac.kr/wsugang/core?attribute=timeMain","Thu Oct 01 2026 21:11:17 GMT+0900 (한국 표준시)"
"2026","2","시각영상디자인학과","127545","전공","전공선택","전선","영상촬영과편집","BWLB67756","8068","02","2","3","3","박상권","수1500-1800(창의예술관 204호)","","시각광고디자인전공, 영상디자인전공, 시각광고디자인전공, 영상디자인전공, 시각영상디자인전공, 시각영상디자인학과","정상","","","","시각영상디자인학과","https://kupis.kku.ac.kr/wsugang/core?attribute=timeMain","Thu Oct 01 2026 21:11:17 GMT+0900 (한국 표준시)"
"2026","2","시각영상디자인학과","127545","전공","전공선택","전선","영상프로젝트","BWLB66420","8065","01","4","3","3","박상권","목0900-1200(창의예술관 204호)","","시각광고디자인전공, 영상디자인전공, 시각광고디자인전공, 영상디자인전공, 시각영상디자인전공, 시각영상디자인학과","정상","","","","시각영상디자인학과","https://kupis.kku.ac.kr/wsugang/core?attribute=timeMain","Thu Oct 01 2026 21:11:17 GMT+0900 (한국 표준시)"
"2026","2","시각영상디자인학과","127545","전공","전공선택","전선","영상프로젝트","BWLB66420","8066","02","4","3","3","하주영","화1500-1800(국제교육관 204)","","시각광고디자인전공, 영상디자인전공, 시각광고디자인전공, 영상디자인전공, 시각영상디자인전공, 시각영상디자인학과","정상","","","","시각영상디자인학과","https://kupis.kku.ac.kr/wsugang/core?attribute=timeMain","Thu Oct 01 2026 21:11:17 GMT+0900 (한국 표준시)"
"2026","2","시각영상디자인학과","127545","전공","전공선택","전선","인터랙티브미디어디자인2","BWLB62526","8040","01","3","3","3","정혜경","월1200-1500(창의예술관 611)","","시각광고디자인전공, 영상디자인전공, 시각광고디자인전공, 영상디자인전공, 시각영상디자인전공, 시각영상디자인학과","정상","","","","시각영상디자인학과","https://kupis.kku.ac.kr/wsugang/core?attribute=timeMain","Thu Oct 01 2026 21:11:17 GMT+0900 (한국 표준시)"
"2026","2","시각영상디자인학과","127545","전공","전공선택","전선","자유전공실습2","BWLB68036","8074","01","1","3","3","이윤정","화1330-1630(창의예술관 412)","","시각광고디자인전공, 영상디자인전공, 시각광고디자인전공, 영상디자인전공, 시각영상디자인전공, 시각영상디자인학과","정상","","","","시각영상디자인학과","https://kupis.kku.ac.kr/wsugang/core?attribute=timeMain","Thu Oct 01 2026 21:11:17 GMT+0900 (한국 표준시)"
"2026","2","시각영상디자인학과","127545","전공","전공선택","전선","전공연구과제","BWLB16419","8020","01","4","3","3","박지은","화0900-1200(창의예술관 411)","","시각광고디자인전공, 영상디자인전공, 시각광고디자인전공, 영상디자인전공, 시각영상디자인전공, 시각영상디자인학과","정상","","","","시각영상디자인학과","https://kupis.kku.ac.kr/wsugang/core?attribute=timeMain","Thu Oct 01 2026 21:11:17 GMT+0900 (한국 표준시)"
"2026","2","시각영상디자인학과","127545","전공","전공선택","전선","전공연구과제","BWLB16419","8021","02","4","3","3","박지은","금0900-1200(창의예술관 411)","","시각광고디자인전공, 영상디자인전공, 시각광고디자인전공, 영상디자인전공, 시각영상디자인전공, 시각영상디자인학과","정상","","","","시각영상디자인학과","https://kupis.kku.ac.kr/wsugang/core?attribute=timeMain","Thu Oct 01 2026 21:11:17 GMT+0900 (한국 표준시)"
"2026","2","시각영상디자인학과","127545","전공","전공선택","전선","컨셉드로잉2","BWLB63553","8056","01","1","3","3","이용우","목0900-1200(국제교육관 203)","","시각광고디자인전공, 영상디자인전공, 시각광고디자인전공, 영상디자인전공, 시각영상디자인전공, 시각영상디자인학과","정상","","","","시각영상디자인학과","https://kupis.kku.ac.kr/wsugang/core?attribute=timeMain","Thu Oct 01 2026 21:11:17 GMT+0900 (한국 표준시)"
"2026","2","시각영상디자인학과","127545","전공","전공선택","전선","컨셉드로잉2","BWLB63553","8057","02","1","3","3","이용우","목1330-1630(국제교육관 203)","","시각광고디자인전공, 영상디자인전공, 시각광고디자인전공, 영상디자인전공, 시각영상디자인전공, 시각영상디자인학과","정상","","","","시각영상디자인학과","https://kupis.kku.ac.kr/wsugang/core?attribute=timeMain","Thu Oct 01 2026 21:11:17 GMT+0900 (한국 표준시)"
"2026","2","시각영상디자인학과","127545","전공","전공선택","전선","컨셉드로잉2","BWLB63553","8058","03","1","3","3","기수아","수0900-1200(국제교육관 203)","","시각광고디자인전공, 영상디자인전공, 시각광고디자인전공, 영상디자인전공, 시각영상디자인전공, 시각영상디자인학과","정상","","","","시각영상디자인학과","https://kupis.kku.ac.kr/wsugang/core?attribute=timeMain","Thu Oct 01 2026 21:11:17 GMT+0900 (한국 표준시)"
"2026","2","시각영상디자인학과","127545","전공","전공선택","전선","크리에이티브워크샵2","BWLB66419","8064","01","4","3","3","박철원","수0900-1200(국제교육관 206)","","시각광고디자인전공, 영상디자인전공, 시각광고디자인전공, 영상디자인전공, 시각영상디자인전공, 시각영상디자인학과","정상","","","","시각영상디자인학과","https://kupis.kku.ac.kr/wsugang/core?attribute=timeMain","Thu Oct 01 2026 21:11:17 GMT+0900 (한국 표준시)"
"2026","2","시각영상디자인학과","127545","전공","전공선택","전선","타이포그래피2","BWLB16468","8022","01","2","3","3","박지은","수0900-1200(창의예술관 412)","","시각광고디자인전공, 영상디자인전공, 시각광고디자인전공, 영상디자인전공, 시각영상디자인전공, 시각영상디자인학과","정상","","","","시각영상디자인학과","https://kupis.kku.ac.kr/wsugang/core?attribute=timeMain","Thu Oct 01 2026 21:11:17 GMT+0900 (한국 표준시)"
"2026","2","시각영상디자인학과","127545","전공","전공선택","전선","타이포그래피2","BWLB16468","8023","02","2","3","3","김대연","금0900-1200(창의예술관 401)","","시각광고디자인전공, 영상디자인전공, 시각광고디자인전공, 영상디자인전공, 시각영상디자인전공, 시각영상디자인학과","정상","","","","시각영상디자인학과","https://kupis.kku.ac.kr/wsugang/core?attribute=timeMain","Thu Oct 01 2026 21:11:17 GMT+0900 (한국 표준시)"
"2026","2","시각영상디자인학과","127545","전공","전공선택","전선","타이포그래피2","BWLB16468","8024","03","2","3","3","김대연","금1330-1630(창의예술관 401)","","시각광고디자인전공, 영상디자인전공, 시각광고디자인전공, 영상디자인전공, 시각영상디자인전공, 시각영상디자인학과","정상","","","","시각영상디자인학과","https://kupis.kku.ac.kr/wsugang/core?attribute=timeMain","Thu Oct 01 2026 21:11:17 GMT+0900 (한국 표준시)"
"2026","2","시각영상디자인학과","127545","전공","전공선택","전선","테크니컬아트","BWLB63557","8059","01","3","3","3","이훈희","목1500-1800(창의예술관 503-3)","","시각광고디자인전공, 영상디자인전공, 시각광고디자인전공, 영상디자인전공, 시각영상디자인전공, 시각영상디자인학과","정상","","","","시각영상디자인학과","https://kupis.kku.ac.kr/wsugang/core?attribute=timeMain","Thu Oct 01 2026 21:11:17 GMT+0900 (한국 표준시)"
"2026","2","시각영상디자인학과","127545","전공","전공선택","전선","테크니컬아트","BWLB63557","8060","02","3","3","3","김민훈","목1030-1330(창의예술관 503-3)","","시각광고디자인전공, 영상디자인전공, 시각광고디자인전공, 영상디자인전공, 시각영상디자인전공, 시각영상디자인학과","정상","","","","시각영상디자인학과","https://kupis.kku.ac.kr/wsugang/core?attribute=timeMain","Thu Oct 01 2026 21:11:17 GMT+0900 (한국 표준시)"
"2026","2","시각영상디자인학과","127545","전공","전공선택","전선","편집디자인2","BWLB08992","8016","01","3","3","3","서윤조","목0900-1200(창의예술관 611)","","시각광고디자인전공, 영상디자인전공, 시각광고디자인전공, 영상디자인전공, 시각영상디자인전공, 시각영상디자인학과","정상","","","","시각영상디자인학과","https://kupis.kku.ac.kr/wsugang/core?attribute=timeMain","Thu Oct 01 2026 21:11:17 GMT+0900 (한국 표준시)"
"2026","2","시각영상디자인학과","127545","전공","전공선택","전선","편집디자인2","BWLB08992","8017","02","3","3","3","서윤조","목1330-1630(창의예술관 611)","","시각광고디자인전공, 영상디자인전공, 시각광고디자인전공, 영상디자인전공, 시각영상디자인전공, 시각영상디자인학과","정상","","","","시각영상디자인학과","https://kupis.kku.ac.kr/wsugang/core?attribute=timeMain","Thu Oct 01 2026 21:11:17 GMT+0900 (한국 표준시)"
"2026","2","시각영상디자인학과","127545","전공","전공선택","전선","포트폴리오프로젝트","BWLB63565","8061","01","4","3","3","김주경","수0900-1200(창의예술관 401)","","시각광고디자인전공, 영상디자인전공, 시각광고디자인전공, 영상디자인전공, 시각영상디자인전공, 시각영상디자인학과","정상","","","","시각영상디자인학과","https://kupis.kku.ac.kr/wsugang/core?attribute=timeMain","Thu Oct 01 2026 21:11:17 GMT+0900 (한국 표준시)"
"2026","2","시각영상디자인학과","127545","전공","전공선택","전선","포트폴리오프로젝트","BWLB63565","8062","02","4","3","3","김주연","목0900-1200(창의예술관 401)","","시각광고디자인전공, 영상디자인전공, 시각광고디자인전공, 영상디자인전공, 시각영상디자인전공, 시각영상디자인학과","정상","","","","시각영상디자인학과","https://kupis.kku.ac.kr/wsugang/core?attribute=timeMain","Thu Oct 01 2026 21:11:17 GMT+0900 (한국 표준시)"
"2026","2","시각영상디자인학과","127545","전공","전공선택","전선","포트폴리오프로젝트","BWLB63565","8063","03","4","3","3","김주연","목1330-1630(창의예술관 401)","","시각광고디자인전공, 영상디자인전공, 시각광고디자인전공, 영상디자인전공, 시각영상디자인전공, 시각영상디자인학과","정상","","","","시각영상디자인학과","https://kupis.kku.ac.kr/wsugang/core?attribute=timeMain","Thu Oct 01 2026 21:11:17 GMT+0900 (한국 표준시)"
"2026","2","시각영상디자인학과","127545","전공","전공선택","전선","AR/VR콘텐츠디자인2","BWLB63348","8044","01","3","3","3","윤무현","화1500-1800(국제교육관 203)","","시각광고디자인전공, 영상디자인전공, 시각광고디자인전공, 영상디자인전공, 시각영상디자인전공, 시각영상디자인학과","정상","","","","시각영상디자인학과","https://kupis.kku.ac.kr/wsugang/core?attribute=timeMain","Thu Oct 01 2026 21:11:17 GMT+0900 (한국 표준시)"
"2026","2","시각영상디자인학과","127545","전공","전공선택","전선","AR/VR콘텐츠디자인2","BWLB63348","8045","02","3","3","3","윤무현","목0900-1200(창의예술관 304)","","시각광고디자인전공, 영상디자인전공, 시각광고디자인전공, 영상디자인전공, 시각영상디자인전공, 시각영상디자인학과","정상","","","","시각영상디자인학과","https://kupis.kku.ac.kr/wsugang/core?attribute=timeMain","Thu Oct 01 2026 21:11:17 GMT+0900 (한국 표준시)"
"2026","2","시각영상디자인학과","127545","전공","전공선택","전선","K-Project","BWLB62441","K032","01","1","1","1.5","정혜경","수1200-1800(국제교육관 203)","4주(1-4주)","시각광고디자인전공, 영상디자인전공, 시각광고디자인전공, 영상디자인전공, 시각영상디자인전공, 시각영상디자인학과","정상","","","","시각영상디자인학과","https://kupis.kku.ac.kr/wsugang/core?attribute=timeMain","Thu Oct 01 2026 21:11:17 GMT+0900 (한국 표준시)"
"2026","2","시각영상디자인학과","127545","전공","전공선택","전선","K-Project","BWLB62441","K033","02","1","1","1.5","박상권","금0900-1200(국제교육관 206)","8주(1-8주)","시각광고디자인전공, 영상디자인전공, 시각광고디자인전공, 영상디자인전공, 시각영상디자인전공, 시각영상디자인학과","정상","","","","시각영상디자인학과","https://kupis.kku.ac.kr/wsugang/core?attribute=timeMain","Thu Oct 01 2026 21:11:17 GMT+0900 (한국 표준시)"
"2026","2","시각영상디자인학과","127545","전공","전공선택","전선","K-Project","BWLB62441","K034","03","1","1","1.5","박지은","금1330-1630(창의예술관 611)","8주(1-8주)","시각광고디자인전공, 영상디자인전공, 시각광고디자인전공, 영상디자인전공, 시각영상디자인전공, 시각영상디자인학과","정상","","","","시각영상디자인학과","https://kupis.kku.ac.kr/wsugang/core?attribute=timeMain","Thu Oct 01 2026 21:11:17 GMT+0900 (한국 표준시)"
"2026","2","시각영상디자인학과","127545","전공","전공선택","전선","K-Project","BWLB62441","K056","04","1","1","1.5","박상권","수0900-1200(창의예술관 204호)","8주(1-8주)","시각광고디자인전공, 영상디자인전공, 시각광고디자인전공, 영상디자인전공, 시각영상디자인전공, 시각영상디자인학과","정상","","","","시각영상디자인학과","https://kupis.kku.ac.kr/wsugang/core?attribute=timeMain","Thu Oct 01 2026 21:11:17 GMT+0900 (한국 표준시)"
"2026","2","시각영상디자인학과","127545","전공","전공선택","전선","Nano-LAB기초2(시각영상디자인)","BWLB67574","N029","01","2","1","1","박상권","금1330-1530(국제교육관 206)","8주(1-8주)","시각광고디자인전공, 영상디자인전공, 시각광고디자인전공, 영상디자인전공, 시각영상디자인전공, 시각영상디자인학과","정상","","","","시각영상디자인학과","https://kupis.kku.ac.kr/wsugang/core?attribute=timeMain","Thu Oct 01 2026 21:11:17 GMT+0900 (한국 표준시)"
"2026","2","시각영상디자인학과","127545","전공","전공선택","전선","Nano-LAB기초2(시각영상디자인)","BWLB67574","N030","02","2","1","1","박지은","수1400-1600(창의예술관 412)","8주(1-8주)","시각광고디자인전공, 영상디자인전공, 시각광고디자인전공, 영상디자인전공, 시각영상디자인전공, 시각영상디자인학과","정상","","","","시각영상디자인학과","https://kupis.kku.ac.kr/wsugang/core?attribute=timeMain","Thu Oct 01 2026 21:11:17 GMT+0900 (한국 표준시)"
"2026","2","시각영상디자인학과","127545","전공","전공선택","전선","Nano-LAB기초2(시각영상디자인)","BWLB67574","N031","03","2","1","1","이윤정","목1700-1800(창의예술관 611)","","시각광고디자인전공, 영상디자인전공, 시각광고디자인전공, 영상디자인전공, 시각영상디자인전공, 시각영상디자인학과","정상","","","","시각영상디자인학과","https://kupis.kku.ac.kr/wsugang/core?attribute=timeMain","Thu Oct 01 2026 21:11:17 GMT+0900 (한국 표준시)"
"2026","2","시각영상디자인학과","127545","전공","전공선택","전선","Nano-LAB심화2","BWLB62445","N043","01","3","1","1","박상권","금1530-1730(국제교육관 206)","8주(1-8주)","시각광고디자인전공, 영상디자인전공, 시각광고디자인전공, 영상디자인전공, 시각영상디자인전공, 시각영상디자인학과","정상","","","","시각영상디자인학과","https://kupis.kku.ac.kr/wsugang/core?attribute=timeMain","Thu Oct 01 2026 21:11:17 GMT+0900 (한국 표준시)"
"2026","2","시각영상디자인학과","127545","전공","전공선택","전선","Nano-LAB심화2","BWLB62445","N044","02","3","1","1","박지은","수1600-1800(창의예술관 412)","8주(1-8주)","시각광고디자인전공, 영상디자인전공, 시각광고디자인전공, 영상디자인전공, 시각영상디자인전공, 시각영상디자인학과","정상","","","","시각영상디자인학과","https://kupis.kku.ac.kr/wsugang/core?attribute=timeMain","Thu Oct 01 2026 21:11:17 GMT+0900 (한국 표준시)"
"2026","2","시각영상디자인학과","127545","전공","전공선택","전선","Nano-LAB심화2","BWLB62445","N045","03","3","1","1","이윤정","금1700-1800(창의예술관 611)","","시각광고디자인전공, 영상디자인전공, 시각광고디자인전공, 영상디자인전공, 시각영상디자인전공, 시각영상디자인학과","정상","","","","시각영상디자인학과","https://kupis.kku.ac.kr/wsugang/core?attribute=timeMain","Thu Oct 01 2026 21:11:17 GMT+0900 (한국 표준시)"
"2026","2","시각영상디자인학과","127545","전공","전공필수","전필","전공연구프로젝트2","BWLB59812","8034","01","3","3","3","홍병훈","화0900-1200(창의예술관 401)","","시각광고디자인전공, 영상디자인전공, 시각광고디자인전공, 영상디자인전공, 시각영상디자인전공, 시각영상디자인학과","정상","","","","시각영상디자인학과","https://kupis.kku.ac.kr/wsugang/core?attribute=timeMain","Thu Oct 01 2026 21:11:17 GMT+0900 (한국 표준시)"
"2026","2","시각영상디자인학과","127545","전공","전공필수","전필","전공연구프로젝트2","BWLB59812","8035","02","3","3","3","홍병훈","화1330-1630(창의예술관 401)","","시각광고디자인전공, 영상디자인전공, 시각광고디자인전공, 영상디자인전공, 시각영상디자인전공, 시각영상디자인학과","정상","","","","시각영상디자인학과","https://kupis.kku.ac.kr/wsugang/core?attribute=timeMain","Thu Oct 01 2026 21:11:17 GMT+0900 (한국 표준시)"
"2026","2","시각영상디자인학과","127545","전공","전공필수","전필","전공연구프로젝트2","BWLB59812","8036","03","3","3","3","","","","시각광고디자인전공, 영상디자인전공, 시각광고디자인전공, 영상디자인전공, 시각영상디자인전공, 시각영상디자인학과","폐강","","","","시각영상디자인학과","https://kupis.kku.ac.kr/wsugang/core?attribute=timeMain","Thu Oct 01 2026 21:11:17 GMT+0900 (한국 표준시)"
"2026","2","시각영상디자인학과","127545","전공","전공필수","전필","전공연구프로젝트2","BWLB59812","8037","04","3","3","3","강일","월1200-1500(국제교육관 206)","","시각광고디자인전공, 영상디자인전공, 시각광고디자인전공, 영상디자인전공, 시각영상디자인전공, 시각영상디자인학과","정상","","","","시각영상디자인학과","https://kupis.kku.ac.kr/wsugang/core?attribute=timeMain","Thu Oct 01 2026 21:11:17 GMT+0900 (한국 표준시)"
"2026","2","시각영상디자인학과","127545","전공","전공필수","전필","전공연구프로젝트2","BWLB59812","8038","05","3","3","3","박상권","목1330-1630(창의예술관 204호)","","시각광고디자인전공, 영상디자인전공, 시각광고디자인전공, 영상디자인전공, 시각영상디자인전공, 시각영상디자인학과","정상","","","","시각영상디자인학과","https://kupis.kku.ac.kr/wsugang/core?attribute=timeMain","Thu Oct 01 2026 21:11:17 GMT+0900 (한국 표준시)"
"2026","2","시각영상디자인학과","127545","전공","전공필수","전필","전공연구프로젝트2","BWLB59812","8039","06","3","3","3","하주영","화1200-1500(국제교육관 204)","","시각광고디자인전공, 영상디자인전공, 시각광고디자인전공, 영상디자인전공, 시각영상디자인전공, 시각영상디자인학과","정상","","","","시각영상디자인학과","https://kupis.kku.ac.kr/wsugang/core?attribute=timeMain","Thu Oct 01 2026 21:11:17 GMT+0900 (한국 표준시)"
"2026","2","시스템반도체학과","127984","전공","전공선택","전선","광학기초","BVEQ67889","H147","01","전체","3","3","미배정","수1900-2200(실시간온라인)","","시스템반도체학과, 시스템반도체학과","정상","","","","시스템반도체학과","https://kupis.kku.ac.kr/wsugang/core?attribute=timeMain","Thu Oct 01 2026 21:11:17 GMT+0900 (한국 표준시)"
"2026","2","시스템반도체학과","127984","전공","전공선택","전선","메모리반도체","BVEQ67882","H146","01","전체","3","3","방승호","목1800-2100(실시간온라인)","","시스템반도체학과, 시스템반도체학과","정상","","","","시스템반도체학과","https://kupis.kku.ac.kr/wsugang/core?attribute=timeMain","Thu Oct 01 2026 21:11:17 GMT+0900 (한국 표준시)"
"2026","2","시스템반도체학과","127984","전공","전공선택","전선","반도체논리회로","BVEQ69105","H149","01","전체","3","3","미배정","월1800-2100(실시간온라인)","","시스템반도체학과","정상","","","","시스템반도체학과","https://kupis.kku.ac.kr/wsugang/core?attribute=timeMain","Thu Oct 01 2026 21:11:17 GMT+0900 (한국 표준시)"
"2026","2","시스템반도체학과","127984","전공","전공선택","전선","반도체소자","BVEQ60885","H150","01","전체","3","3","미배정","화1800-2100(실시간온라인)","","시스템반도체학과, 시스템반도체학과","정상","","","","시스템반도체학과","https://kupis.kku.ac.kr/wsugang/core?attribute=timeMain","Thu Oct 01 2026 21:11:17 GMT+0900 (한국 표준시)"
"2026","2","시스템반도체학과","127984","전공","전공선택","전선","반도체장비","BVEQ67873","H148","01","전체","3","3","미배정","수1800-2100(실시간온라인)","","시스템반도체학과, 시스템반도체학과","정상","","","","시스템반도체학과","https://kupis.kku.ac.kr/wsugang/core?attribute=timeMain","Thu Oct 01 2026 21:11:17 GMT+0900 (한국 표준시)"
"2026","2","시스템반도체학과","127984","전공","전공선택","전선","반도체테스트기초","BVEQ66679","H151","01","전체","3","3","","","","시스템반도체학과, 시스템반도체학과","폐강","","","","시스템반도체학과","https://kupis.kku.ac.kr/wsugang/core?attribute=timeMain","Thu Oct 01 2026 21:11:17 GMT+0900 (한국 표준시)"
"2026","2","시스템반도체학과","127984","전공","전공선택","전선","AI반도체","BVEQ67877","H145","01","전체","3","3","","","","시스템반도체학과, 시스템반도체학과","폐강","","","","시스템반도체학과","https://kupis.kku.ac.kr/wsugang/core?attribute=timeMain","Thu Oct 01 2026 21:11:17 GMT+0900 (한국 표준시)"
"2026","2","식품영양학과","127747","전공","전공선택","전선","고급영양학","BVHD14164","7760","01","2","3","3","김명숙","목0900-1200(자연과학관 501)","","식품생명과학부, 동물성식품소재학전공, 식품영양학전공, 식품학전공, 식품학과, 식품영양학과","정상","","","","식품영양학과","https://kupis.kku.ac.kr/wsugang/core?attribute=timeMain","Thu Oct 01 2026 21:11:17 GMT+0900 (한국 표준시)"
"2026","2","식품영양학과","127747","전공","전공선택","전선","공중보건학","BVHD52963","7770","01","2","3","3","이재익","화0900-1030(자연과학관 501), 수1300-1430(자연과학관 501)","","식품생명과학부, 동물성식품소재학전공, 식품영양학전공, 식품학전공, 식품학과, 식품영양학과","정상","","","","식품영양학과","https://kupis.kku.ac.kr/wsugang/core?attribute=timeMain","Thu Oct 01 2026 21:11:17 GMT+0900 (한국 표준시)"
"2026","2","식품영양학과","127747","전공","전공선택","전선","단체급식및실습","BVHD33148","7765","01","3","3","3","어금희","수0900-1200(자연과학관 501)","","식품생명과학부, 동물성식품소재학전공, 식품영양학전공, 식품학전공, 식품학과, 식품영양학과","정상","","","","식품영양학과","https://kupis.kku.ac.kr/wsugang/core?attribute=timeMain","Thu Oct 01 2026 21:11:17 GMT+0900 (한국 표준시)"
"2026","2","식품영양학과","127747","전공","전공선택","전선","미래식품의세계","BVHD62408","7771","01","3","3","3","주세영","월1700-1800, 수1300-1500(국제교육관 306-1)","","식품생명과학부, 동물성식품소재학전공, 식품영양학전공, 식품학전공, 식품학과, 식품영양학과","정상","","","","식품영양학과","https://kupis.kku.ac.kr/wsugang/core?attribute=timeMain","Thu Oct 01 2026 21:11:17 GMT+0900 (한국 표준시)"
"2026","2","식품영양학과","127747","전공","전공선택","전선","반려동물학개론","BVHD62565","8290","01","1","3","3","장세영","금1800-2100(실시간온라인)","","식품생명과학부, 동물성식품소재학전공, 식품영양학전공, 식품생명과학전공, 식품학전공, 식품학과, 식품영양학과","정상","","","","식품영양학과","https://kupis.kku.ac.kr/wsugang/core?attribute=timeMain","Thu Oct 01 2026 21:11:17 GMT+0900 (한국 표준시)"
"2026","2","식품영양학과","127747","전공","전공선택","전선","발효식품학","BVHD28225","7764","01","3","3","3","이재익","화1300-1430(자연과학관 115), 목1030-1200(자연과학관 115)","","식품생명과학부, 동물성식품소재학전공, 식품영양학전공, 식품학전공, 식품학과, 식품영양학과","정상","","","","식품영양학과","https://kupis.kku.ac.kr/wsugang/core?attribute=timeMain","Thu Oct 01 2026 21:11:17 GMT+0900 (한국 표준시)"
"2026","2","식품영양학과","127747","전공","전공선택","전선","생리학","BVHD15822","7762","01","1","3","3","문상호","월1030-1200(자연과학관 503), 월1500-1630(자연과학관 503)","","식품생명과학부, 동물성식품소재학전공, 식품영양학전공, 식품학전공, 식품학과, 식품영양학과","정상","","","","식품영양학과","https://kupis.kku.ac.kr/wsugang/core?attribute=timeMain","Thu Oct 01 2026 21:11:17 GMT+0900 (한국 표준시)"
"2026","2","식품영양학과","127747","전공","전공선택","전선","생물통계학","BVHD37837","7767","01","2","3","3","강문석","목1300-1600(자연과학관 115)","","식품생명과학부, 동물성식품소재학전공, 식품영양학전공, 식품학전공, 식품학과, 식품영양학과","정상","","","","식품영양학과","https://kupis.kku.ac.kr/wsugang/core?attribute=timeMain","Thu Oct 01 2026 21:11:17 GMT+0900 (한국 표준시)"
"2026","2","식품영양학과","127747","전공","전공선택","전선","스마트식품창업","BVHD65389","7773","01","3","3","3","연제옥","수1330-1500(국제교육관 304), 목1330-1500(국제교육관 304)","","식품생명과학부, 동물성식품소재학전공, 식품영양학전공, 식품학전공, 식품학과, 식품영양학과","정상","","","","식품영양학과","https://kupis.kku.ac.kr/wsugang/core?attribute=timeMain","Thu Oct 01 2026 21:11:17 GMT+0900 (한국 표준시)"
"2026","2","식품영양학과","127747","전공","전공선택","전선","식품3D프린팅","BVHD67687","7777","01","4","3","3","최우열","월1030-1130(자연과학관 404), 화1330-1530(자연과학관 404)","","식품생명과학부, 동물성식품소재학전공, 식품영양학전공, 식품학전공, 식품학과, 식품영양학과","정상","","","","식품영양학과","https://kupis.kku.ac.kr/wsugang/core?attribute=timeMain","Thu Oct 01 2026 21:11:17 GMT+0900 (한국 표준시)"
"2026","2","식품영양학과","127747","전공","전공선택","전선","식품가공및저장학","BVHD13768","7759","01","2","3","3","최우열","화1030-1200(자연과학관 503), 금1030-1200(자연과학관 503)","","식품생명과학부, 동물성식품소재학전공, 식품영양학전공, 식품학전공, 식품학과, 식품영양학과","정상","","","","식품영양학과","https://kupis.kku.ac.kr/wsugang/core?attribute=timeMain","Thu Oct 01 2026 21:11:17 GMT+0900 (한국 표준시)"
"2026","2","식품영양학과","127747","전공","전공선택","전선","식품공학","BVHD07158","7758","01","3","3","3","이재익","월1100-1230(자연과학관 115), 목0900-1030(자연과학관 115)","","식품생명과학부, 동물성식품소재학전공, 식품영양학전공, 식품학전공, 식품학과, 식품영양학과","정상","","","","식품영양학과","https://kupis.kku.ac.kr/wsugang/core?attribute=timeMain","Thu Oct 01 2026 21:11:17 GMT+0900 (한국 표준시)"
"2026","2","식품영양학과","127747","전공","전공선택","전선","식품기초과학및실험","BVHD67688","7778","01","1","3","3","최우열","목1330-1630(자연과학관 404)","","식품생명과학부, 동물성식품소재학전공, 식품영양학전공, 식품학전공, 식품학과, 식품영양학과, KU자유전공학부","정상","","","","식품영양학과","https://kupis.kku.ac.kr/wsugang/core?attribute=timeMain","Thu Oct 01 2026 21:11:17 GMT+0900 (한국 표준시)"
"2026","2","식품영양학과","127747","전공","전공선택","전선","식품영양분석및실험","BVHD67689","7779","01","2","3","3","염경진","월1330-1430, 목0900-1100(국제교육관 304)","","식품생명과학부, 동물성식품소재학전공, 식품영양학전공, 식품학전공, 식품학과, 식품영양학과","정상","","","","식품영양학과","https://kupis.kku.ac.kr/wsugang/core?attribute=timeMain","Thu Oct 01 2026 21:11:17 GMT+0900 (한국 표준시)"
"2026","2","식품영양학과","127747","전공","전공선택","전선","식품영양분석및실험","BVHD67689","7780","02","2","3","3","염경진","월1430-1530, 목1330-1530(국제교육관 207)","","식품생명과학부, 동물성식품소재학전공, 식품영양학전공, 식품학전공, 식품학과, 식품영양학과","정상","","","","식품영양학과","https://kupis.kku.ac.kr/wsugang/core?attribute=timeMain","Thu Oct 01 2026 21:11:17 GMT+0900 (한국 표준시)"
"2026","2","식품영양학과","127747","전공","전공선택","전선","식품위생관계법규","BVHD52453","7769","01","4","3","3","연제옥","화0900-1030(자연과학관 503), 수0900-1030(자연과학관 503)","","식품생명과학부, 동물성식품소재학전공, 식품영양학전공, 식품학전공, 식품학과, 식품영양학과","정상","","","","식품영양학과","https://kupis.kku.ac.kr/wsugang/core?attribute=timeMain","Thu Oct 01 2026 21:11:17 GMT+0900 (한국 표준시)"
"2026","2","식품영양학과","127747","전공","전공선택","전선","식품자원개발캡스톤디자인","BVHD65467","7776","01","4","3","3","주세영","목0900-1200(자연과학관 302)","","식품생명과학부, 동물성식품소재학전공, 식품영양학전공, 식품학전공, 식품학과, 식품영양학과","정상","","","","식품영양학과","https://kupis.kku.ac.kr/wsugang/core?attribute=timeMain","Thu Oct 01 2026 21:11:17 GMT+0900 (한국 표준시)"
"2026","2","식품영양학과","127747","전공","전공선택","전선","영양교육및상담실습","BVHD33193","7766","01","4","3","3","김명숙","목1300-1600(자연과학관 501)","","식품생명과학부, 동물성식품소재학전공, 식품영양학전공, 식품학전공, 식품학과, 식품영양학과","정상","","","","식품영양학과","https://kupis.kku.ac.kr/wsugang/core?attribute=timeMain","Thu Oct 01 2026 21:11:17 GMT+0900 (한국 표준시)"
"2026","2","식품영양학과","127747","전공","전공선택","전선","영양사현장실습","BVHD65407","7775","01","4","2","4","연제옥","화1600-1800(국제교육관 304), 수1530-1730(국제교육관 304)","","식품생명과학부, 동물성식품소재학전공, 식품영양학전공, 식품학전공, 식품학과, 식품영양학과","정상","","","","식품영양학과","https://kupis.kku.ac.kr/wsugang/core?attribute=timeMain","Thu Oct 01 2026 21:11:17 GMT+0900 (한국 표준시)"
"2026","2","식품영양학과","127747","전공","전공선택","전선","영양생화학","BVHD14710","7761","01","2","3","3","염경진","화1400-1500, 수0900-1100(국제교육관 304)","","식품생명과학부, 동물성식품소재학전공, 식품영양학전공, 식품학전공, 식품학과, 식품영양학과","정상","","","영어","식품영양학과","https://kupis.kku.ac.kr/wsugang/core?attribute=timeMain","Thu Oct 01 2026 21:11:17 GMT+0900 (한국 표준시)"
"2026","2","식품영양학과","127747","전공","전공선택","전선","임상영양학","BVHD16032","7763","01","3","3","3","염경진","월0900-1100(국제교육관 304), 화1500-1600","","식품생명과학부, 동물성식품소재학전공, 식품영양학전공, 식품학전공, 식품학과, 식품영양학과","정상","","","영어","식품영양학과","https://kupis.kku.ac.kr/wsugang/core?attribute=timeMain","Thu Oct 01 2026 21:11:17 GMT+0900 (한국 표준시)"
"2026","2","식품영양학과","127747","전공","전공선택","전선","조리원리","BVHD03089","7756","01","1","3","3","주세영","월1500-1600, 화1000-1200(국제교육관 304)","","식품생명과학부, 동물성식품소재학전공, 식품영양학전공, 식품학전공, 식품학과, 식품영양학과","정상","","","","식품영양학과","https://kupis.kku.ac.kr/wsugang/core?attribute=timeMain","Thu Oct 01 2026 21:11:17 GMT+0900 (한국 표준시)"
"2026","2","식품영양학과","127747","전공","전공선택","전선","조리원리","BVHD03089","7757","02","1","3","3","주세영","월1600-1700, 화1330-1530(국제교육관 304)","","식품생명과학부, 동물성식품소재학전공, 식품영양학전공, 식품학전공, 식품학과, 식품영양학과","정상","","","","식품영양학과","https://kupis.kku.ac.kr/wsugang/core?attribute=timeMain","Thu Oct 01 2026 21:11:17 GMT+0900 (한국 표준시)"
"2026","2","식품영양학과","127747","전공","전공선택","전선","창의적푸드브랜딩","BVHD65391","7774","01","3","3","3","유형근","화0900-1200(자연과학관 115)","","식품생명과학부, 동물성식품소재학전공, 식품영양학전공, 식품학전공, 식품학과, 식품영양학과","정상","","","","식품영양학과","https://kupis.kku.ac.kr/wsugang/core?attribute=timeMain","Thu Oct 01 2026 21:11:17 GMT+0900 (한국 표준시)"
"2026","2","식품영양학과","127747","전공","전공선택","전선","K-Project","BVHD62441","K035","01","1","1","1.5","이재익","금0900-1200(자연과학관 115)","8주(1-8주)","식품생명과학부, 동물성식품소재학전공, 식품영양학전공, 식품학전공, 식품학과, 식품영양학과","정상","","","","식품영양학과","https://kupis.kku.ac.kr/wsugang/core?attribute=timeMain","Thu Oct 01 2026 21:11:17 GMT+0900 (한국 표준시)"
"2026","2","식품영양학과","127747","전공","전공선택","전선","Nano-LAB기초2(식품영양)","BVHD67595","N032","01","2","1","1","주세영","월0900-1300(국제교육관 003)","4주(5-8주)","식품생명과학부, 동물성식품소재학전공, 식품영양학전공, 식품학전공, 식품학과, 식품영양학과","정상","","","","식품영양학과","https://kupis.kku.ac.kr/wsugang/core?attribute=timeMain","Thu Oct 01 2026 21:11:17 GMT+0900 (한국 표준시)"
"2026","2","식품영양학과","127747","전공","전공선택","전선","Nano-LAB심화2(식품영양)","BVHD67651","N066","01","3","1","1","최우열","월1330-1730(국제교육관 003)","4주(5-8주)","식품생명과학부, 동물성식품소재학전공, 식품영양학전공, 식품학전공, 식품학과, 식품영양학과","정상","","","","식품영양학과","https://kupis.kku.ac.kr/wsugang/core?attribute=timeMain","Thu Oct 01 2026 21:11:17 GMT+0900 (한국 표준시)"
"2026","2","신문방송학과","127550","전공","전공선택","전선","광고캠페인","BRIN48001","7445","01","4","3","3","최원주","화1200-1330(인문사회관 301), 목1200-1330(인문사회관 301)","","신문방송학과, 신문방송학전공, 신문방송학전공, 신문방송학과","정상","","","","신문방송학과","https://kupis.kku.ac.kr/wsugang/core?attribute=timeMain","Thu Oct 01 2026 21:11:17 GMT+0900 (한국 표준시)"
"2026","2","신문방송학과","127550","전공","전공선택","전선","광고크리에이티브","BRIN38977","7443","01","3","3","3","최원주","월1200-1330(인문사회관 301), 목1030-1200(인문사회관 301)","","신문방송학과, 신문방송학전공, 신문방송학전공, 신문방송학과","정상","","","","신문방송학과","https://kupis.kku.ac.kr/wsugang/core?attribute=timeMain","Thu Oct 01 2026 21:11:17 GMT+0900 (한국 표준시)"
"2026","2","신문방송학과","127550","전공","전공선택","전선","기획취재보도실습종합설계","BRIN67726","7457","01","2","3","3","허찬행","월1500-1800(인문사회관 113-2)","","신문방송학과, 신문방송학전공, 신문방송학전공, 신문방송학과","정상","","","","신문방송학과","https://kupis.kku.ac.kr/wsugang/core?attribute=timeMain","Thu Oct 01 2026 21:11:17 GMT+0900 (한국 표준시)"
"2026","2","신문방송학과","127550","전공","전공선택","전선","기획취재보도실습종합설계","BRIN67726","7458","02","2","3","3","허찬행","화0900-1200(인문사회관 211)","","신문방송학과, 신문방송학전공, 신문방송학전공, 신문방송학과","정상","","","","신문방송학과","https://kupis.kku.ac.kr/wsugang/core?attribute=timeMain","Thu Oct 01 2026 21:11:17 GMT+0900 (한국 표준시)"
"2026","2","신문방송학과","127550","전공","전공선택","전선","디지털미디어의이해","BRIN55995","7448","01","1","3","3","박남수","월1030-1200(인문사회관 419), 목1030-1200(인문사회관 112)","","신문방송학과, 신문방송학전공, 신문방송학전공, 신문방송학과, KU자유전공학부","정상","","","","신문방송학과","https://kupis.kku.ac.kr/wsugang/core?attribute=timeMain","Thu Oct 01 2026 21:11:17 GMT+0900 (한국 표준시)"
"2026","2","신문방송학과","127550","전공","전공선택","전선","디지털미디어의이해","BRIN55995","7449","02","1","3","3","홍희경","화1030-1330(인문사회관 419)","","신문방송학과, 신문방송학전공, 신문방송학전공, 신문방송학과, KU자유전공학부","정상","","","","신문방송학과","https://kupis.kku.ac.kr/wsugang/core?attribute=timeMain","Thu Oct 01 2026 21:11:17 GMT+0900 (한국 표준시)"
"2026","2","신문방송학과","127550","전공","전공선택","전선","디지털저널리즘","BRIN59448","7451","01","3","3","3","정선호","월1330-1500(인문사회관 419), 수1030-1200(인문사회관 419)","","신문방송학과, 신문방송학전공, 신문방송학전공, 신문방송학과","정상","","","","신문방송학과","https://kupis.kku.ac.kr/wsugang/core?attribute=timeMain","Thu Oct 01 2026 21:11:17 GMT+0900 (한국 표준시)"
"2026","2","신문방송학과","127550","전공","전공선택","전선","디지털제작편집실습","BRIN67724","7455","01","1","3","3","이구용","수1030-1330(자연과학관 204)","","신문방송학과, 신문방송학전공, 신문방송학전공, 신문방송학과","정상","","","","신문방송학과","https://kupis.kku.ac.kr/wsugang/core?attribute=timeMain","Thu Oct 01 2026 21:11:17 GMT+0900 (한국 표준시)"
"2026","2","신문방송학과","127550","전공","전공선택","전선","디지털제작편집실습","BRIN67724","7456","02","1","3","3","이구용","수1330-1630(자연과학관 204)","","신문방송학과, 신문방송학전공, 신문방송학전공, 신문방송학과","정상","","","","신문방송학과","https://kupis.kku.ac.kr/wsugang/core?attribute=timeMain","Thu Oct 01 2026 21:11:17 GMT+0900 (한국 표준시)"
"2026","2","신문방송학과","127550","전공","전공선택","전선","디지털콘텐츠종합설계","BRIN62550","7452","01","3","3","3","엄호동","월1500-1800(인문사회관 112)","","신문방송학과, 신문방송학전공, 신문방송학전공, 신문방송학과","정상","","","","신문방송학과","https://kupis.kku.ac.kr/wsugang/core?attribute=timeMain","Thu Oct 01 2026 21:11:17 GMT+0900 (한국 표준시)"
"2026","2","신문방송학과","127550","전공","전공선택","전선","매스컴효과론","BRIN13403","7438","01","2","3","3","정선호","화1330-1500(인문사회관 112)(b-러닝), 금1030-1200(실시간온라인)(b-러닝)","","신문방송학과, 신문방송학전공, 신문방송학전공, 신문방송학과","정상","","","","신문방송학과","https://kupis.kku.ac.kr/wsugang/core?attribute=timeMain","Thu Oct 01 2026 21:11:17 GMT+0900 (한국 표준시)"
"2026","2","신문방송학과","127550","전공","전공선택","전선","문화콘텐츠비즈니스","BRIN67727","7459","01","2","3","3","홍장선","금1030-1330(실시간온라인)","","신문방송학과, 신문방송학전공, 신문방송학전공, 신문방송학과","정상","","","","신문방송학과","https://kupis.kku.ac.kr/wsugang/core?attribute=timeMain","Thu Oct 01 2026 21:11:17 GMT+0900 (한국 표준시)"
"2026","2","신문방송학과","127550","전공","전공선택","전선","문화콘텐츠비즈니스","BRIN67727","7460","02","2","3","3","정사강","화1330-1500(인문사회관 301), 목1330-1500(인문사회관 301)","","신문방송학과, 신문방송학전공, 신문방송학전공, 신문방송학과","정상","","","","신문방송학과","https://kupis.kku.ac.kr/wsugang/core?attribute=timeMain","Thu Oct 01 2026 21:11:17 GMT+0900 (한국 표준시)"
"2026","2","신문방송학과","127550","전공","전공선택","전선","미디어법과윤리","BRIN59443","7450","01","4","3","3","허찬행","월1030-1330(인문사회관 112)","","신문방송학과, 신문방송학전공, 신문방송학전공, 신문방송학과","정상","","","","신문방송학과","https://kupis.kku.ac.kr/wsugang/core?attribute=timeMain","Thu Oct 01 2026 21:11:17 GMT+0900 (한국 표준시)"
"2026","2","신문방송학과","127550","전공","전공선택","전선","미디어심리학","BRIN30696","7441","01","4","3","3","박남수","화0900-1030(인문사회관 301)(b-러닝), 금0900-1030(실시간온라인)(b-러닝)","","신문방송학과, 신문방송학전공, 신문방송학전공, 신문방송학과","정상","","","","신문방송학과","https://kupis.kku.ac.kr/wsugang/core?attribute=timeMain","Thu Oct 01 2026 21:11:17 GMT+0900 (한국 표준시)"
"2026","2","신문방송학과","127550","전공","전공선택","전선","미디어심리학","BRIN30696","7442","02","4","3","3","박남수","화1030-1200(인문사회관 305)(b-러닝), 금1030-1200(실시간온라인)(b-러닝)","","신문방송학과, 신문방송학전공, 신문방송학전공, 신문방송학과","정상","","","","신문방송학과","https://kupis.kku.ac.kr/wsugang/core?attribute=timeMain","Thu Oct 01 2026 21:11:17 GMT+0900 (한국 표준시)"
"2026","2","신문방송학과","127550","전공","전공선택","전선","미디어커뮤니케이션(특강)","BRIN68053","7467","01","1","3","3","박남수","수1200-1500(국제교육관 301-B)","","신문방송학과, 신문방송학전공, 신문방송학전공, 신문방송학과","정상","","","","신문방송학과","https://kupis.kku.ac.kr/wsugang/core?attribute=timeMain","Thu Oct 01 2026 21:11:17 GMT+0900 (한국 표준시)"
"2026","2","신문방송학과","127550","전공","전공선택","전선","방송영상이슈와토론","BRIN67731","7463","01","3","3","3","김유정","월1500-1630(인문사회관 419), 수1030-1200(인문사회관 301)","","신문방송학과, 신문방송학전공, 신문방송학전공, 신문방송학과","정상","","","","신문방송학과","https://kupis.kku.ac.kr/wsugang/core?attribute=timeMain","Thu Oct 01 2026 21:11:17 GMT+0900 (한국 표준시)"
"2026","2","신문방송학과","127550","전공","전공선택","전선","방송영상이슈와토론","BRIN67731","7464","02","3","3","3","김유정","월1630-1800(인문사회관 419), 수0900-1030(인문사회관 301)","","신문방송학과, 신문방송학전공, 신문방송학전공, 신문방송학과","정상","","","","신문방송학과","https://kupis.kku.ac.kr/wsugang/core?attribute=timeMain","Thu Oct 01 2026 21:11:17 GMT+0900 (한국 표준시)"
"2026","2","신문방송학과","127550","전공","전공선택","전선","방송영상제작실습","BRIN67730","7461","01","3","3","3","","","","신문방송학과, 신문방송학전공, 신문방송학전공, 신문방송학과","폐강","","","","신문방송학과","https://kupis.kku.ac.kr/wsugang/core?attribute=timeMain","Thu Oct 01 2026 21:11:17 GMT+0900 (한국 표준시)"
"2026","2","신문방송학과","127550","전공","전공선택","전선","방송영상제작실습","BRIN67730","7462","02","3","3","3","나은희","화1500-1800(국제교육관 301-B)","","신문방송학과, 신문방송학전공, 신문방송학전공, 신문방송학과","정상","","","","신문방송학과","https://kupis.kku.ac.kr/wsugang/core?attribute=timeMain","Thu Oct 01 2026 21:11:17 GMT+0900 (한국 표준시)"
"2026","2","신문방송학과","127550","전공","전공선택","전선","브랜드커뮤니케이션","BRIN47432","7444","01","2","3","3","최원주","월1030-1200(인문사회관 301), 화1030-1200(인문사회관 301)","","신문방송학과, 신문방송학전공, 신문방송학전공, 신문방송학과","정상","","","","신문방송학과","https://kupis.kku.ac.kr/wsugang/core?attribute=timeMain","Thu Oct 01 2026 21:11:17 GMT+0900 (한국 표준시)"
"2026","2","신문방송학과","127550","전공","전공선택","전선","영화미디어론","BRIN63503","7453","01","2","3","3","정사강","화1200-1330(인문사회관 112), 목1200-1330(인문사회관 112)","","신문방송학과, 신문방송학전공, 신문방송학전공, 신문방송학과","정상","","","","신문방송학과","https://kupis.kku.ac.kr/wsugang/core?attribute=timeMain","Thu Oct 01 2026 21:11:17 GMT+0900 (한국 표준시)"
"2026","2","신문방송학과","127550","전공","전공선택","전선","영화미디어론","BRIN63503","7454","02","2","3","3","이민호","수1330-1630(인문사회관 112)","","신문방송학과, 신문방송학전공, 신문방송학전공, 신문방송학과","정상","","","","신문방송학과","https://kupis.kku.ac.kr/wsugang/core?attribute=timeMain","Thu Oct 01 2026 21:11:17 GMT+0900 (한국 표준시)"
"2026","2","신문방송학과","127550","전공","전공선택","전선","이벤트프로모션","BRIN67733","7465","01","4","3","3","홍장선","월1330-1630(인문사회관 301)","","신문방송학과, 신문방송학전공, 신문방송학전공, 신문방송학과","정상","","","","신문방송학과","https://kupis.kku.ac.kr/wsugang/core?attribute=timeMain","Thu Oct 01 2026 21:11:17 GMT+0900 (한국 표준시)"
"2026","2","신문방송학과","127550","전공","전공선택","전선","이벤트프로모션","BRIN67733","7466","02","4","3","3","심현준","수1500-1800(인문사회관 301)","","신문방송학과, 신문방송학전공, 신문방송학전공, 신문방송학과","정상","","","","신문방송학과","https://kupis.kku.ac.kr/wsugang/core?attribute=timeMain","Thu Oct 01 2026 21:11:17 GMT+0900 (한국 표준시)"
"2026","2","신문방송학과","127550","전공","전공선택","전선","헬스커뮤니케이션","BRIN55340","7446","01","3","3","3","박수지","목1030-1330(KU-Station 101)","","신문방송학과, 신문방송학전공, 신문방송학전공, 신문방송학과","정상","","","","신문방송학과","https://kupis.kku.ac.kr/wsugang/core?attribute=timeMain","Thu Oct 01 2026 21:11:17 GMT+0900 (한국 표준시)"
"2026","2","신문방송학과","127550","전공","전공선택","전선","헬스커뮤니케이션","BRIN55340","7447","02","3","3","3","박수지","목1330-1630(KU-Station 101)","","신문방송학과, 신문방송학전공, 신문방송학전공, 신문방송학과","정상","","","","신문방송학과","https://kupis.kku.ac.kr/wsugang/core?attribute=timeMain","Thu Oct 01 2026 21:11:17 GMT+0900 (한국 표준시)"
"2026","2","신문방송학과","127550","전공","전공선택","전선","K-Project","BRIN62441","K036","01","1","1","1.5","","","8주(1-8주)","신문방송학과, 신문방송학전공, 신문방송학전공, 신문방송학과","폐강","","","","신문방송학과","https://kupis.kku.ac.kr/wsugang/core?attribute=timeMain","Thu Oct 01 2026 21:11:17 GMT+0900 (한국 표준시)"
"2026","2","신문방송학과","127550","전공","전공선택","전선","K-Project","BRIN62441","K037","02","1","1","1.5","정사강","수1200-1500(국제교육관 002-2)","8주(1-8주)","신문방송학과, 신문방송학전공, 신문방송학전공, 신문방송학과","정상","","","","신문방송학과","https://kupis.kku.ac.kr/wsugang/core?attribute=timeMain","Thu Oct 01 2026 21:11:17 GMT+0900 (한국 표준시)"
"2026","2","신문방송학과","127550","전공","전공선택","전선","Nano-LAB기초2(신문방송)","BRIN67584","N033","01","2","1","1","홍장선","수1200-1400(인문사회관 301)","8주(1-8주)","신문방송학과, 신문방송학전공, 신문방송학전공, 신문방송학과","정상","","","","신문방송학과","https://kupis.kku.ac.kr/wsugang/core?attribute=timeMain","Thu Oct 01 2026 21:11:17 GMT+0900 (한국 표준시)"
"2026","2","신문방송학과","127550","전공","전공선택","전선","Nano-LAB기초2(신문방송)","BRIN67584","N034","02","2","1","1","김유정","목0900-1000(국제교육관 002-1)","","신문방송학과, 신문방송학전공, 신문방송학전공, 신문방송학과","정상","","","","신문방송학과","https://kupis.kku.ac.kr/wsugang/core?attribute=timeMain","Thu Oct 01 2026 21:11:17 GMT+0900 (한국 표준시)"
"2026","2","신문방송학과","127550","전공","전공선택","전선","PR론","BRIN13444","7439","01","2","3","3","홍장선","수1500-1630(인문사회관 113-1), 목0900-1030(인문사회관 419)","","신문방송학과, 신문방송학전공, 신문방송학전공, 신문방송학과","정상","","","","신문방송학과","https://kupis.kku.ac.kr/wsugang/core?attribute=timeMain","Thu Oct 01 2026 21:11:17 GMT+0900 (한국 표준시)"
"2026","2","신문방송학과","127550","전공","전공선택","전선","PR론","BRIN13444","7440","02","2","3","3","홍장선","수1630-1800(인문사회관 113-1), 목1030-1200(인문사회관 419)","","신문방송학과, 신문방송학전공, 신문방송학전공, 신문방송학과","정상","","","","신문방송학과","https://kupis.kku.ac.kr/wsugang/core?attribute=timeMain","Thu Oct 01 2026 21:11:17 GMT+0900 (한국 표준시)"
"2026","2","실내디자인학과","127543","전공","전공선택","전선","가구디자인","BWDA16501","7957","01","2","3","3","안혜진","목0900-1200(창의예술관 603)","","실내디자인학과, 실내디자인전공, 실내디자인학과","정상","","","","실내디자인학과","https://kupis.kku.ac.kr/wsugang/core?attribute=timeMain","Thu Oct 01 2026 21:11:17 GMT+0900 (한국 표준시)"
"2026","2","실내디자인학과","127543","전공","전공선택","전선","가구디자인","BWDA16501","7958","02","2","3","3","이시평","목1330-1630(창의예술관 603)","","실내디자인학과, 실내디자인전공, 실내디자인학과","정상","","","","실내디자인학과","https://kupis.kku.ac.kr/wsugang/core?attribute=timeMain","Thu Oct 01 2026 21:11:17 GMT+0900 (한국 표준시)"
"2026","2","실내디자인학과","127543","전공","전공선택","전선","가구조명캡스톤디자인2","BWDA66430","7989","01","4","3","3","조혜연","월1330-1630(창의예술관 512)","","실내디자인학과, 실내디자인전공, 실내디자인학과","정상","","","","실내디자인학과","https://kupis.kku.ac.kr/wsugang/core?attribute=timeMain","Thu Oct 01 2026 21:11:17 GMT+0900 (한국 표준시)"
"2026","2","실내디자인학과","127543","전공","전공선택","전선","가구조명캡스톤디자인2","BWDA66430","7990","02","4","3","3","서명원","월0900-1200(창의예술관 505)","","실내디자인학과, 실내디자인전공, 실내디자인학과","정상","","","","실내디자인학과","https://kupis.kku.ac.kr/wsugang/core?attribute=timeMain","Thu Oct 01 2026 21:11:17 GMT+0900 (한국 표준시)"
"2026","2","실내디자인학과","127543","전공","전공선택","전선","가구조명캡스톤디자인2","BWDA66430","7991","03","4","3","3","서명원","월1330-1630(창의예술관 505)","","실내디자인학과, 실내디자인전공, 실내디자인학과","정상","","","","실내디자인학과","https://kupis.kku.ac.kr/wsugang/core?attribute=timeMain","Thu Oct 01 2026 21:11:17 GMT+0900 (한국 표준시)"
"2026","2","실내디자인학과","127543","전공","전공선택","전선","공간설계기초2","BWDA64566","7976","01","1","3","3","김진우","수1500-1800(창의예술관 603)","","실내디자인학과, 실내디자인전공, 실내디자인학과","정상","","","","실내디자인학과","https://kupis.kku.ac.kr/wsugang/core?attribute=timeMain","Thu Oct 01 2026 21:11:17 GMT+0900 (한국 표준시)"
"2026","2","실내디자인학과","127543","전공","전공선택","전선","공간설계기초2","BWDA64566","7977","02","1","3","3","박신영","수1500-1800(창의예술관 512)","","실내디자인학과, 실내디자인전공, 실내디자인학과","정상","","","","실내디자인학과","https://kupis.kku.ac.kr/wsugang/core?attribute=timeMain","Thu Oct 01 2026 21:11:17 GMT+0900 (한국 표준시)"
"2026","2","실내디자인학과","127543","전공","전공선택","전선","복합공간종합설계","BWDA61194","7973","01","3","3","3","김석영","금0900-1200(창의예술관 512)","","실내디자인학과, 실내디자인전공, 실내디자인학과","정상","","","","실내디자인학과","https://kupis.kku.ac.kr/wsugang/core?attribute=timeMain","Thu Oct 01 2026 21:11:17 GMT+0900 (한국 표준시)"
"2026","2","실내디자인학과","127543","전공","전공선택","전선","복합공간종합설계","BWDA61194","7974","02","3","3","3","김진웅","금0900-1200(창의예술관 505)","","실내디자인학과, 실내디자인전공, 실내디자인학과","정상","","","","실내디자인학과","https://kupis.kku.ac.kr/wsugang/core?attribute=timeMain","Thu Oct 01 2026 21:11:17 GMT+0900 (한국 표준시)"
"2026","2","실내디자인학과","127543","전공","전공선택","전선","복합공간종합설계","BWDA61194","7975","03","3","3","3","신요철","금0900-1200(창의예술관 603)","","실내디자인학과, 실내디자인전공, 실내디자인학과","정상","","","","실내디자인학과","https://kupis.kku.ac.kr/wsugang/core?attribute=timeMain","Thu Oct 01 2026 21:11:17 GMT+0900 (한국 표준시)"
"2026","2","실내디자인학과","127543","전공","전공선택","전선","복합공간종합설계-1","BWDA61193","7970","01","3","3","3","김석영","금1330-1630(창의예술관 512)","","실내디자인학과, 실내디자인전공, 실내디자인학과","정상","","","","실내디자인학과","https://kupis.kku.ac.kr/wsugang/core?attribute=timeMain","Thu Oct 01 2026 21:11:17 GMT+0900 (한국 표준시)"
"2026","2","실내디자인학과","127543","전공","전공선택","전선","복합공간종합설계-1","BWDA61193","7971","02","3","3","3","김진웅","금1330-1630(창의예술관 505)","","실내디자인학과, 실내디자인전공, 실내디자인학과","정상","","","","실내디자인학과","https://kupis.kku.ac.kr/wsugang/core?attribute=timeMain","Thu Oct 01 2026 21:11:17 GMT+0900 (한국 표준시)"
"2026","2","실내디자인학과","127543","전공","전공선택","전선","복합공간종합설계-1","BWDA61193","7972","03","3","3","3","신요철","금1330-1630(창의예술관 603)","","실내디자인학과, 실내디자인전공, 실내디자인학과","정상","","","","실내디자인학과","https://kupis.kku.ac.kr/wsugang/core?attribute=timeMain","Thu Oct 01 2026 21:11:17 GMT+0900 (한국 표준시)"
"2026","2","실내디자인학과","127543","전공","전공선택","전선","상업공간디자인","BWDA08910","7954","01","2","3","3","노민영","화0900-1200(창의예술관 505)","","실내디자인학과, 실내디자인전공, 실내디자인학과","정상","","","","실내디자인학과","https://kupis.kku.ac.kr/wsugang/core?attribute=timeMain","Thu Oct 01 2026 21:11:17 GMT+0900 (한국 표준시)"
"2026","2","실내디자인학과","127543","전공","전공선택","전선","상업공간디자인","BWDA08910","7955","02","2","3","3","김민선","화0900-1200(창의예술관 603)","","실내디자인학과, 실내디자인전공, 실내디자인학과","정상","","","","실내디자인학과","https://kupis.kku.ac.kr/wsugang/core?attribute=timeMain","Thu Oct 01 2026 21:11:17 GMT+0900 (한국 표준시)"
"2026","2","실내디자인학과","127543","전공","전공선택","전선","상업공간디자인","BWDA08910","7956","03","2","3","3","한아름","화0900-1200(창의예술관 610)","","실내디자인학과, 실내디자인전공, 실내디자인학과","정상","","","","실내디자인학과","https://kupis.kku.ac.kr/wsugang/core?attribute=timeMain","Thu Oct 01 2026 21:11:17 GMT+0900 (한국 표준시)"
"2026","2","실내디자인학과","127543","전공","전공선택","전선","상업공간디자인-1","BWDA66424","7978","01","2","3","3","노민영","화1330-1630(창의예술관 505)","","실내디자인학과, 실내디자인전공, 실내디자인학과","정상","","","","실내디자인학과","https://kupis.kku.ac.kr/wsugang/core?attribute=timeMain","Thu Oct 01 2026 21:11:17 GMT+0900 (한국 표준시)"
"2026","2","실내디자인학과","127543","전공","전공선택","전선","상업공간디자인-1","BWDA66424","7979","02","2","3","3","김민선","화1330-1630(창의예술관 603)","","실내디자인학과, 실내디자인전공, 실내디자인학과","정상","","","","실내디자인학과","https://kupis.kku.ac.kr/wsugang/core?attribute=timeMain","Thu Oct 01 2026 21:11:17 GMT+0900 (한국 표준시)"
"2026","2","실내디자인학과","127543","전공","전공선택","전선","상업공간디자인-1","BWDA66424","7980","03","2","3","3","한아름","화1330-1630(창의예술관 610)","","실내디자인학과, 실내디자인전공, 실내디자인학과","정상","","","","실내디자인학과","https://kupis.kku.ac.kr/wsugang/core?attribute=timeMain","Thu Oct 01 2026 21:11:17 GMT+0900 (한국 표준시)"
"2026","2","실내디자인학과","127543","전공","전공선택","전선","스케치와모형제작","BWDA53603","7968","01","1","3","3","전영탁","월1330-1630(창의예술관 603)","","실내디자인학과, 실내디자인전공, 실내디자인학과","정상","","","","실내디자인학과","https://kupis.kku.ac.kr/wsugang/core?attribute=timeMain","Thu Oct 01 2026 21:11:17 GMT+0900 (한국 표준시)"
"2026","2","실내디자인학과","127543","전공","전공선택","전선","실내디자인개론","BWDA16564","7959","01","1","2","2","이혜연","화1000-1200(인문사회관 112)","","실내디자인학과, 실내디자인전공, 실내디자인학과","정상","","","","실내디자인학과","https://kupis.kku.ac.kr/wsugang/core?attribute=timeMain","Thu Oct 01 2026 21:11:17 GMT+0900 (한국 표준시)"
"2026","2","실내디자인학과","127543","전공","전공선택","전선","실내디자인사1","BWDA49163","7967","01","2","2","2","김석영","수1000-1200(창의예술관 512)","","실내디자인학과, 실내디자인전공, 실내디자인학과","정상","","","","실내디자인학과","https://kupis.kku.ac.kr/wsugang/core?attribute=timeMain","Thu Oct 01 2026 21:11:17 GMT+0900 (한국 표준시)"
"2026","2","실내디자인학과","127543","전공","전공선택","전선","실내디자인코디네이션","BWDA57787","7969","01","2","2","3","전혜원","금0900-1200(창의예술관 610)","","실내디자인학과, 실내디자인전공, 실내디자인학과","정상","","","","실내디자인학과","https://kupis.kku.ac.kr/wsugang/core?attribute=timeMain","Thu Oct 01 2026 21:11:17 GMT+0900 (한국 표준시)"
"2026","2","실내디자인학과","127543","전공","전공선택","전선","자유전공실습2","BWDA68036","7992","01","1","3","3","김석영","화1330-1630(창의예술관 512)","","실내디자인학과, 실내디자인전공, 실내디자인학과","정상","","","","실내디자인학과","https://kupis.kku.ac.kr/wsugang/core?attribute=timeMain","Thu Oct 01 2026 21:11:17 GMT+0900 (한국 표준시)"
"2026","2","실내디자인학과","127543","전공","전공선택","전선","전시디자인","BWDA46649","7966","01","3","3","3","김재순","화0900-1200(창의예술관 512)","","실내디자인학과, 실내디자인전공, 실내디자인학과","정상","","","","실내디자인학과","https://kupis.kku.ac.kr/wsugang/core?attribute=timeMain","Thu Oct 01 2026 21:11:17 GMT+0900 (한국 표준시)"
"2026","2","실내디자인학과","127543","전공","전공선택","전선","졸업작품캡스톤디자인2-1","BWDA66429","7985","01","4","3","3","조혜연","목1330-1630(창의예술관 512)","","실내디자인학과, 실내디자인전공, 실내디자인학과","정상","","","","실내디자인학과","https://kupis.kku.ac.kr/wsugang/core?attribute=timeMain","Thu Oct 01 2026 21:11:17 GMT+0900 (한국 표준시)"
"2026","2","실내디자인학과","127543","전공","전공선택","전선","졸업작품캡스톤디자인2-1","BWDA66429","7986","02","4","3","3","김석","목1330-1630(창의예술관 505)","","실내디자인학과, 실내디자인전공, 실내디자인학과","정상","","","","실내디자인학과","https://kupis.kku.ac.kr/wsugang/core?attribute=timeMain","Thu Oct 01 2026 21:11:17 GMT+0900 (한국 표준시)"
"2026","2","실내디자인학과","127543","전공","전공선택","전선","졸업작품캡스톤디자인2-1","BWDA66429","7987","03","4","3","3","임명기","목1330-1630(창의예술관 610)","","실내디자인학과, 실내디자인전공, 실내디자인학과","정상","","","","실내디자인학과","https://kupis.kku.ac.kr/wsugang/core?attribute=timeMain","Thu Oct 01 2026 21:11:17 GMT+0900 (한국 표준시)"
"2026","2","실내디자인학과","127543","전공","전공선택","전선","졸업작품캡스톤디자인2-1","BWDA66429","7988","04","4","3","3","김도한","목1330-1630(창의예술관 601)","","실내디자인학과, 실내디자인전공, 실내디자인학과","정상","","","","실내디자인학과","https://kupis.kku.ac.kr/wsugang/core?attribute=timeMain","Thu Oct 01 2026 21:11:17 GMT+0900 (한국 표준시)"
"2026","2","실내디자인학과","127543","전공","전공선택","전선","포트폴리오","BWDA16604","7960","01","4","3","3","조혜연","화0900-1200(창의예술관 501)","","실내디자인학과, 실내디자인전공, 실내디자인학과","정상","","","","실내디자인학과","https://kupis.kku.ac.kr/wsugang/core?attribute=timeMain","Thu Oct 01 2026 21:11:17 GMT+0900 (한국 표준시)"
"2026","2","실내디자인학과","127543","전공","전공선택","전선","포트폴리오","BWDA16604","7961","02","4","3","3","서명원","화0900-1200(창의예술관 314)","","실내디자인학과, 실내디자인전공, 실내디자인학과","정상","","","","실내디자인학과","https://kupis.kku.ac.kr/wsugang/core?attribute=timeMain","Thu Oct 01 2026 21:11:17 GMT+0900 (한국 표준시)"
"2026","2","실내디자인학과","127543","전공","전공선택","전선","한국건축과실내","BWDA16607","7962","01","3","3","3","박형진","수1000-1300(창의예술관 505)","","실내디자인학과, 실내디자인전공, 실내디자인학과","정상","","","","실내디자인학과","https://kupis.kku.ac.kr/wsugang/core?attribute=timeMain","Thu Oct 01 2026 21:11:17 GMT+0900 (한국 표준시)"
"2026","2","실내디자인학과","127543","전공","전공선택","전선","CAD1","BWDA46646","7963","01","1","3","3","윤천일","월0900-1200(창의예술관 503-2)","","실내디자인학과, 실내디자인전공, 실내디자인학과","정상","","","","실내디자인학과","https://kupis.kku.ac.kr/wsugang/core?attribute=timeMain","Thu Oct 01 2026 21:11:17 GMT+0900 (한국 표준시)"
"2026","2","실내디자인학과","127543","전공","전공선택","전선","CAD1","BWDA46646","7964","02","1","3","3","윤천일","월1330-1630(창의예술관 503-2)","","실내디자인학과, 실내디자인전공, 실내디자인학과","정상","","","","실내디자인학과","https://kupis.kku.ac.kr/wsugang/core?attribute=timeMain","Thu Oct 01 2026 21:11:17 GMT+0900 (한국 표준시)"
"2026","2","실내디자인학과","127543","전공","전공선택","전선","CAD1","BWDA46646","7965","03","1","3","3","조혜연","수0900-1200(창의예술관 503-2)","","실내디자인학과, 실내디자인전공, 실내디자인학과","정상","","","","실내디자인학과","https://kupis.kku.ac.kr/wsugang/core?attribute=timeMain","Thu Oct 01 2026 21:11:17 GMT+0900 (한국 표준시)"
"2026","2","실내디자인학과","127543","전공","전공선택","전선","K-Project","BWDA62441","K038","01","1","1","1.5","김석영","목0930-1100(창의예술관 501)","","실내디자인학과, 실내디자인전공, 실내디자인학과","정상","","","","실내디자인학과","https://kupis.kku.ac.kr/wsugang/core?attribute=timeMain","Thu Oct 01 2026 21:11:17 GMT+0900 (한국 표준시)"
"2026","2","실내디자인학과","127543","전공","전공선택","전선","Nano-LAB기초2(실내디자인)","BWDA67572","N035","01","2","1","1","김석영","목1100-1200(창의예술관 501)","","실내디자인학과, 실내디자인전공, 실내디자인학과","정상","","","","실내디자인학과","https://kupis.kku.ac.kr/wsugang/core?attribute=timeMain","Thu Oct 01 2026 21:11:17 GMT+0900 (한국 표준시)"
"2026","2","실내디자인학과","127543","전공","전공선택","전선","Nano-LAB심화2(실내디자인)","BWDA67628","N067","01","3","1","1","김진우","화1630-1730(창의예술관 304)","","실내디자인학과, 실내디자인전공, 실내디자인학과","정상","","","","실내디자인학과","https://kupis.kku.ac.kr/wsugang/core?attribute=timeMain","Thu Oct 01 2026 21:11:17 GMT+0900 (한국 표준시)"
"2026","2","실내디자인학과","127543","전공","전공필수","전필","졸업작품캡스톤디자인2","BWDA66428","7981","01","4","3","3","조혜연","목0900-1200(창의예술관 512)","","실내디자인학과, 실내디자인전공, 실내디자인학과","정상","","","","실내디자인학과","https://kupis.kku.ac.kr/wsugang/core?attribute=timeMain","Thu Oct 01 2026 21:11:17 GMT+0900 (한국 표준시)"
"2026","2","실내디자인학과","127543","전공","전공필수","전필","졸업작품캡스톤디자인2","BWDA66428","7982","02","4","3","3","김석","목0900-1200(창의예술관 505)","","실내디자인학과, 실내디자인전공, 실내디자인학과","정상","","","","실내디자인학과","https://kupis.kku.ac.kr/wsugang/core?attribute=timeMain","Thu Oct 01 2026 21:11:17 GMT+0900 (한국 표준시)"
"2026","2","실내디자인학과","127543","전공","전공필수","전필","졸업작품캡스톤디자인2","BWDA66428","7983","03","4","3","3","임명기","목0900-1200(창의예술관 610)","","실내디자인학과, 실내디자인전공, 실내디자인학과","정상","","","","실내디자인학과","https://kupis.kku.ac.kr/wsugang/core?attribute=timeMain","Thu Oct 01 2026 21:11:17 GMT+0900 (한국 표준시)"
"2026","2","실내디자인학과","127543","전공","전공필수","전필","졸업작품캡스톤디자인2","BWDA66428","7984","04","4","3","3","김도한","목0900-1200(창의예술관 601)","","실내디자인학과, 실내디자인전공, 실내디자인학과","정상","","","","실내디자인학과","https://kupis.kku.ac.kr/wsugang/core?attribute=timeMain","Thu Oct 01 2026 21:11:17 GMT+0900 (한국 표준시)"
"2026","2","에너지신소재공학과","127854","전공","전공선택","전선","기초무기화학","NDGC52433","8194","01","2","3","3","전영진","화1330-1500(자연과학관 116), 목0900-1030(자연과학관 116)","","응용화학전공, 에너지소재학전공, 응용화학과, 에너지신소재공학과","정상","","","","에너지신소재공학과","https://kupis.kku.ac.kr/wsugang/core?attribute=timeMain","Thu Oct 01 2026 21:11:17 GMT+0900 (한국 표준시)"
"2026","2","에너지신소재공학과","127854","전공","전공선택","전선","무기화학실험","NDGC10593","8188","01","3","2","4","","","","응용화학전공, 에너지소재학전공, 응용화학과, 에너지신소재공학과","폐강","","","","에너지신소재공학과","https://kupis.kku.ac.kr/wsugang/core?attribute=timeMain","Thu Oct 01 2026 21:11:17 GMT+0900 (한국 표준시)"
"2026","2","에너지신소재공학과","127854","전공","전공선택","전선","반도체공학2","NDGC64562","8198","01","3","3","3","김태웅","수1500-1630(자연과학관 501), 목1330-1500(자연과학관 116)","","응용화학전공, 에너지소재학전공, 응용화학과, 에너지신소재공학과","정상","","","","에너지신소재공학과","https://kupis.kku.ac.kr/wsugang/core?attribute=timeMain","Thu Oct 01 2026 21:11:17 GMT+0900 (한국 표준시)"
"2026","2","에너지신소재공학과","127854","전공","전공선택","전선","분석화학2","NDGC10617","8189","01","2","3","3","명노승","수1500-1630(자연과학관 503), 목1330-1500(자연과학관 503)","","응용화학전공, 에너지소재학전공, 응용화학과, 에너지신소재공학과","정상","","","","에너지신소재공학과","https://kupis.kku.ac.kr/wsugang/core?attribute=timeMain","Thu Oct 01 2026 21:11:17 GMT+0900 (한국 표준시)"
"2026","2","에너지신소재공학과","127854","전공","전공선택","전선","분석화학실험","NDGC05563","8185","01","2","1","2","명노승","목1500-1700(자연과학관 105)","","응용화학전공, 에너지소재학전공, 응용화학과, 에너지신소재공학과","정상","","","","에너지신소재공학과","https://kupis.kku.ac.kr/wsugang/core?attribute=timeMain","Thu Oct 01 2026 21:11:17 GMT+0900 (한국 표준시)"
"2026","2","에너지신소재공학과","127854","전공","전공선택","전선","유기화학2","NDGC08518","8186","01","2","3","3","장호현","월0900-1030(자연과학관 502), 화0900-1030(자연과학관 502)","","응용화학전공, 에너지소재학전공, 응용화학과, 에너지신소재공학과","정상","","","","에너지신소재공학과","https://kupis.kku.ac.kr/wsugang/core?attribute=timeMain","Thu Oct 01 2026 21:11:17 GMT+0900 (한국 표준시)"
"2026","2","에너지신소재공학과","127854","전공","전공선택","전선","이차전지개론","NDGC66415","8201","01","3","3","3","모하마드","월1630-1800(자연과학관 116), 목1500-1630(자연과학관 116)","","응용화학전공, 에너지소재학전공, 응용화학과, 에너지신소재공학과","정상","","","영어","에너지신소재공학과","https://kupis.kku.ac.kr/wsugang/core?attribute=timeMain","Thu Oct 01 2026 21:11:17 GMT+0900 (한국 표준시)"
"2026","2","에너지신소재공학과","127854","전공","전공선택","전선","일반화학실험2","NDGC57581","8197","01","1","1","2","장호현","목1300-1500(자연과학관 105)","","응용화학전공, 에너지소재학전공, 응용화학과, 에너지신소재공학과, KU자유전공학부","정상","","","","에너지신소재공학과","https://kupis.kku.ac.kr/wsugang/core?attribute=timeMain","Thu Oct 01 2026 21:11:17 GMT+0900 (한국 표준시)"
"2026","2","에너지신소재공학과","127854","전공","전공선택","전선","재료공학2","NDGC66410","8200","01","2","3","3","김태웅","수1030-1200(자연과학관 116), 목1030-1200(자연과학관 502)","","응용화학전공, 에너지소재학전공, 응용화학과, 에너지신소재공학과","정상","","","","에너지신소재공학과","https://kupis.kku.ac.kr/wsugang/core?attribute=timeMain","Thu Oct 01 2026 21:11:17 GMT+0900 (한국 표준시)"
"2026","2","에너지신소재공학과","127854","전공","전공선택","전선","K-Project","NDGC62441","K039","01","1","1","1.5","장호현","수1630-1800(자연과학관 119)","","응용화학전공, 에너지소재학전공, 응용화학과, 에너지신소재공학과","정상","","","","에너지신소재공학과","https://kupis.kku.ac.kr/wsugang/core?attribute=timeMain","Thu Oct 01 2026 21:11:17 GMT+0900 (한국 표준시)"
"2026","2","에너지신소재공학과","127854","전공","전공선택","전선","Nano-LAB기초2(에너지신소재)","NDGC67591","N036","01","2","1","1","김태웅","월1300-1500(자연과학관 119)","8주(9-16주)","응용화학전공, 에너지소재학전공, 응용화학과, 에너지신소재공학과","정상","","","","에너지신소재공학과","https://kupis.kku.ac.kr/wsugang/core?attribute=timeMain","Thu Oct 01 2026 21:11:17 GMT+0900 (한국 표준시)"
"2026","2","에너지신소재공학과","127854","전공","전공필수","전필","무기화학2","NDGC10591","8187","01","3","3","3","전영진","월1030-1200(자연과학관 501), 화1030-1200(자연과학관 502)","","응용화학전공, 에너지소재학전공, 응용화학과, 에너지신소재공학과","정상","","","","에너지신소재공학과","https://kupis.kku.ac.kr/wsugang/core?attribute=timeMain","Thu Oct 01 2026 21:11:17 GMT+0900 (한국 표준시)"
"2026","2","에너지신소재공학과","127854","전공","전공필수","전필","일반화학2","NDGC46559","8193","01","1","3","3","명노승","월1500-1630(자연과학관 501), 화1500-1630(자연과학관 501)","","응용화학전공, 에너지소재학전공, 응용화학과, 에너지신소재공학과, KU자유전공학부","정상","","","","에너지신소재공학과","https://kupis.kku.ac.kr/wsugang/core?attribute=timeMain","Thu Oct 01 2026 21:11:17 GMT+0900 (한국 표준시)"
"2026","2","영어문화학과","127552","전공","전공선택","전선","글로컬콘텐츠의통번역실습","BRIP67750","7493","01","4","3","3","조영지","목1200-1500(인문사회관 211)","","영미어문학과, 영어학과, 영어문화학전공, 영어문화학전공, 영어문화학과","정상","","","","영어문화학과","https://kupis.kku.ac.kr/wsugang/core?attribute=timeMain","Thu Oct 01 2026 21:11:17 GMT+0900 (한국 표준시)"
"2026","2","영어문화학과","127552","전공","전공선택","전선","문화간커뮤니케이션","BRIP48350","7484","01","3","3","3","이현미","금0900-1200(실시간온라인)","","영미어문학과, 영어학과, 영어문화학전공, 영어문화학전공, 영어문화학과","정상","","","","영어문화학과","https://kupis.kku.ac.kr/wsugang/core?attribute=timeMain","Thu Oct 01 2026 21:11:17 GMT+0900 (한국 표준시)"
"2026","2","영어문화학과","127552","전공","전공선택","전선","스토리와대중문화","BRIP57895","7487","01","3","3","3","이우학","화1630-1800(인문사회관 206), 수1630-1800(인문사회관 206)","","영미어문학과, 영어학과, 영어문화학전공, 영어문화학전공, 영어문화학과","정상","","","","영어문화학과","https://kupis.kku.ac.kr/wsugang/core?attribute=timeMain","Thu Oct 01 2026 21:11:17 GMT+0900 (한국 표준시)"
"2026","2","영어문화학과","127552","전공","전공선택","전선","실용영어문법","BRIP67745","7491","01","2","3","3","임관혁","수1030-1200(인문사회관 416), 목1330-1500(인문사회관 416)","","영미어문학과, 영어학과, 영어문화학전공, 영어문화학전공, 영어문화학과","정상","","","","영어문화학과","https://kupis.kku.ac.kr/wsugang/core?attribute=timeMain","Thu Oct 01 2026 21:11:17 GMT+0900 (한국 표준시)"
"2026","2","영어문화학과","127552","전공","전공선택","전선","영어글쓰기","BRIP63499","7488","01","2","3","3","이효신","화1330-1500(인문사회관 407), 수0900-1030(인문사회관 416)","","영미어문학과, 영어학과, 영어문화학전공, 영어문화학전공, 영어문화학과","정상","","","","영어문화학과","https://kupis.kku.ac.kr/wsugang/core?attribute=timeMain","Thu Oct 01 2026 21:11:17 GMT+0900 (한국 표준시)"
"2026","2","영어문화학과","127552","전공","전공선택","전선","영어문화프로젝트캡스톤디자인","BRIP63500","7489","01","4","3","3","조영지","목1500-1800(인문사회관 211)","","영미어문학과, 영어학과, 영어문화학전공, 영어문화학전공, 영어문화학과","정상","","","","영어문화학과","https://kupis.kku.ac.kr/wsugang/core?attribute=timeMain","Thu Oct 01 2026 21:11:17 GMT+0900 (한국 표준시)"
"2026","2","영어문화학과","127552","전공","전공선택","전선","영어와국제무역","BRIP68979","7495","01","4","3","3","김진형","수1200-1500(인문사회관 416)","","영미어문학과, 영어학과, 영어문화학전공, 영어문화학전공, 영어문화학과","정상","","","","영어문화학과","https://kupis.kku.ac.kr/wsugang/core?attribute=timeMain","Thu Oct 01 2026 21:11:17 GMT+0900 (한국 표준시)"
"2026","2","영어문화학과","127552","전공","전공선택","전선","영어음성음운론이론과실습","BRIP63501","7490","01","3","3","3","황병후","목1200-1500(인문사회관 407)","","영미어문학과, 영어학과, 영어문화학전공, 영어문화학전공, 영어문화학과","정상","","","","영어문화학과","https://kupis.kku.ac.kr/wsugang/core?attribute=timeMain","Thu Oct 01 2026 21:11:17 GMT+0900 (한국 표준시)"
"2026","2","영어문화학과","127552","전공","전공선택","전선","K-Project","BRIP62441","K040","01","1","1","1.5","이효신","수1500-1800(인문사회관 105)","8주(1-8주)","영미어문학과, 영어학과, 영어문화학전공, 영어문화학전공, 영어문화학과","정상","","","","영어문화학과","https://kupis.kku.ac.kr/wsugang/core?attribute=timeMain","Thu Oct 01 2026 21:11:17 GMT+0900 (한국 표준시)"
"2026","2","영어문화학과","127552","전공","전공선택","전선","Nano-LAB기초2(영어문화)","BRIP67586","N037","01","2","1","1","임관혁","화1600-1800(인문사회관 105)","8주(1-8주)","영미어문학과, 영어학과, 영어문화학전공, 영어문화학전공, 영어문화학과","정상","","","","영어문화학과","https://kupis.kku.ac.kr/wsugang/core?attribute=timeMain","Thu Oct 01 2026 21:11:17 GMT+0900 (한국 표준시)"
"2026","2","영어문화학과","127552","전공","전공선택","전선","WorkplaceEnglish","BRIP67749","7492","01","4","3","3","노버트모반","월1330-1500(인문사회관 416), 화1330-1500(인문사회관 416)","","영미어문학과, 영어학과, 영어문화학전공, 영어문화학전공, 영어문화학과","정상","","","영어","영어문화학과","https://kupis.kku.ac.kr/wsugang/core?attribute=timeMain","Thu Oct 01 2026 21:11:17 GMT+0900 (한국 표준시)"
"2026","2","영어문화학과","127552","전공","전공필수","전필","AI로배우는영어","BRIP67787","7494","01","1","3","3","임관혁","월1030-1200(인문사회관 211), 목1030-1200(인문사회관 211)","","영미어문학과, 영어학과, 영어문화학전공, 영어문화학전공, 영어문화학과, KU자유전공학부","정상","","","","영어문화학과","https://kupis.kku.ac.kr/wsugang/core?attribute=timeMain","Thu Oct 01 2026 21:11:17 GMT+0900 (한국 표준시)"
"2026","2","영어문화학과","127552","전공","전공필수","전필","EnglishCommunicationSkills1","BRIP57666","7485","01","1","3","3","노버트모반","화1030-1200(인문사회관 416), 목1330-1500(인문사회관 112)","","영미어문학과, 영어학과, 영어문화학전공, 영어문화학전공, 영어문화학과, KU자유전공학부","정상","","","영어","영어문화학과","https://kupis.kku.ac.kr/wsugang/core?attribute=timeMain","Thu Oct 01 2026 21:11:17 GMT+0900 (한국 표준시)"
"2026","2","영어문화학과","127552","전공","전공필수","전필","EnglishCommunicationSkills1","BRIP57666","7486","02","1","3","3","모랄레스저스틴","화1030-1200(인문사회관 407), 목1330-1500(인문사회관 419)","","영미어문학과, 영어학과, 영어문화학전공, 영어문화학전공, 영어문화학과, KU자유전공학부","정상","","","영어","영어문화학과","https://kupis.kku.ac.kr/wsugang/core?attribute=timeMain","Thu Oct 01 2026 21:11:17 GMT+0900 (한국 표준시)"
"2026","2","유아교육과","127251","전공","전공선택","전선","교재연구및지도법","BRIW48289","7614","01","3","3","3","고선","수0900-1030(인문사회관 414), 목1200-1330(인문사회관 414)","","유아교육과, 유아교육과","정상","","","","유아교육과","https://kupis.kku.ac.kr/wsugang/core?attribute=timeMain","Thu Oct 01 2026 21:11:17 GMT+0900 (한국 표준시)"
"2026","2","유아교육과","127251","전공","전공선택","전선","교재연구및지도법","BRIW48289","7615","02","3","3","3","고선","수1030-1200(인문사회관 414), 목1030-1200(인문사회관 414)","","유아교육과, 유아교육과","정상","","","","유아교육과","https://kupis.kku.ac.kr/wsugang/core?attribute=timeMain","Thu Oct 01 2026 21:11:17 GMT+0900 (한국 표준시)"
"2026","2","유아교육과","127251","전공","전공선택","전선","보육실습","BRIW12883","7594","01","3","3","3","박서현","목1400-1700(인문사회관 412)","","유아교육과, 유아교육과","정상","","","","유아교육과","https://kupis.kku.ac.kr/wsugang/core?attribute=timeMain","Thu Oct 01 2026 21:11:17 GMT+0900 (한국 표준시)"
"2026","2","유아교육과","127251","전공","전공선택","전선","부모교육","BRIW12884","7595","01","4","3","3","조혜영","월1330-1500(인문사회관 414), 화1330-1500(인문사회관 414)","","유아교육과, 유아교육과","정상","","","","유아교육과","https://kupis.kku.ac.kr/wsugang/core?attribute=timeMain","Thu Oct 01 2026 21:11:17 GMT+0900 (한국 표준시)"
"2026","2","유아교육과","127251","전공","전공선택","전선","부모교육","BRIW12884","7596","02","4","3","3","조혜영","월1500-1630(인문사회관 414), 화1500-1630(인문사회관 414)","","유아교육과, 유아교육과","정상","","","","유아교육과","https://kupis.kku.ac.kr/wsugang/core?attribute=timeMain","Thu Oct 01 2026 21:11:17 GMT+0900 (한국 표준시)"
"2026","2","유아교육과","127251","전공","전공선택","전선","아동문학","BRIW39914","7608","01","2","3","3","","","","유아교육과, 유아교육과","폐강","","","","유아교육과","https://kupis.kku.ac.kr/wsugang/core?attribute=timeMain","Thu Oct 01 2026 21:11:17 GMT+0900 (한국 표준시)"
"2026","2","유아교육과","127251","전공","전공선택","전선","아동문학","BRIW39914","7609","02","2","3","3","박서현","월1630-1800(인문사회관 413), 화1500-1630(인문사회관 413)","","유아교육과, 유아교육과","정상","","","","유아교육과","https://kupis.kku.ac.kr/wsugang/core?attribute=timeMain","Thu Oct 01 2026 21:11:17 GMT+0900 (한국 표준시)"
"2026","2","유아교육과","127251","전공","전공선택","전선","아동안전관리","BRIW53621","7616","01","2","3","3","방유선","월1630-1800(인문사회관 414)(b-러닝), 수1630-1800(인문사회관 414)(b-러닝)","","유아교육과, 유아교육과","정상","","","","유아교육과","https://kupis.kku.ac.kr/wsugang/core?attribute=timeMain","Thu Oct 01 2026 21:11:17 GMT+0900 (한국 표준시)"
"2026","2","유아교육과","127251","전공","전공선택","전선","아동안전관리","BRIW53621","7617","02","2","3","3","방유선","화1630-1800(인문사회관 414)(b-러닝), 목1330-1500(인문사회관 414)(b-러닝)","","유아교육과, 유아교육과","정상","","","","유아교육과","https://kupis.kku.ac.kr/wsugang/core?attribute=timeMain","Thu Oct 01 2026 21:11:17 GMT+0900 (한국 표준시)"
"2026","2","유아교육과","127251","전공","전공선택","전선","영유아교수방법","BRIW39918","7612","01","3","3","3","염지숙","월1330-1630(인문사회관 412)","","유아교육과, 유아교육과","정상","","","","유아교육과","https://kupis.kku.ac.kr/wsugang/core?attribute=timeMain","Thu Oct 01 2026 21:11:17 GMT+0900 (한국 표준시)"
"2026","2","유아교육과","127251","전공","전공선택","전선","영유아교수방법","BRIW39918","7613","02","3","3","3","염지숙","화1330-1630(인문사회관 412)","","유아교육과, 유아교육과","정상","","","","유아교육과","https://kupis.kku.ac.kr/wsugang/core?attribute=timeMain","Thu Oct 01 2026 21:11:17 GMT+0900 (한국 표준시)"
"2026","2","유아교육과","127251","전공","전공선택","전선","유아과학교육","BRIW39210","7606","01","3","3","3","권희경","수1500-1630(인문사회관 410), 목1030-1200(인문사회관 410)","","유아교육과, 유아교육과","정상","","","","유아교육과","https://kupis.kku.ac.kr/wsugang/core?attribute=timeMain","Thu Oct 01 2026 21:11:17 GMT+0900 (한국 표준시)"
"2026","2","유아교육과","127251","전공","전공선택","전선","유아과학교육","BRIW39210","7607","02","3","3","3","권희경","수1630-1800(인문사회관 410), 목0900-1030(인문사회관 410)","","유아교육과, 유아교육과","정상","","","","유아교육과","https://kupis.kku.ac.kr/wsugang/core?attribute=timeMain","Thu Oct 01 2026 21:11:17 GMT+0900 (한국 표준시)"
"2026","2","유아교육과","127251","전공","전공선택","전선","유아교육운영관리","BRIW12901","7601","01","4","3","3","이가경","화1000-1300(인문사회관 412)","","유아교육과, 유아교육과","정상","","","","유아교육과","https://kupis.kku.ac.kr/wsugang/core?attribute=timeMain","Thu Oct 01 2026 21:11:17 GMT+0900 (한국 표준시)"
"2026","2","유아교육과","127251","전공","전공선택","전선","유아동작교육","BRIW12904","7602","01","1","3","3","조혜영","월1200-1330(인문사회관 414), 화1200-1330(인문사회관 414)","","유아교육과, 유아교육과","정상","","","","유아교육과","https://kupis.kku.ac.kr/wsugang/core?attribute=timeMain","Thu Oct 01 2026 21:11:17 GMT+0900 (한국 표준시)"
"2026","2","유아교육과","127251","전공","전공선택","전선","유아동작교육","BRIW12904","7603","02","1","3","3","고선","수1500-1630(인문사회관 414), 목1330-1500(인문사회관 410)","","유아교육과, 유아교육과","정상","","","","유아교육과","https://kupis.kku.ac.kr/wsugang/core?attribute=timeMain","Thu Oct 01 2026 21:11:17 GMT+0900 (한국 표준시)"
"2026","2","유아교육과","127251","전공","전공선택","전선","유아미술교육","BRIW12906","7604","01","2","3","3","김경아","목1200-1500(인문사회관 413)","","유아교육과, 유아교육과","정상","","","","유아교육과","https://kupis.kku.ac.kr/wsugang/core?attribute=timeMain","Thu Oct 01 2026 21:11:17 GMT+0900 (한국 표준시)"
"2026","2","유아교육과","127251","전공","전공선택","전선","유아미술교육","BRIW12906","7605","02","2","3","3","김경아","목0900-1200(인문사회관 413)","","유아교육과, 유아교육과","정상","","","","유아교육과","https://kupis.kku.ac.kr/wsugang/core?attribute=timeMain","Thu Oct 01 2026 21:11:17 GMT+0900 (한국 표준시)"
"2026","2","유아교육과","127251","전공","전공선택","전선","K-Project","BRIW62441","K041","01","1","1","1.5","조혜영","금1200-1800(인문사회관 414)","4주(1-4주)","유아교육과, 유아교육과","정상","","","","유아교육과","https://kupis.kku.ac.kr/wsugang/core?attribute=timeMain","Thu Oct 01 2026 21:11:17 GMT+0900 (한국 표준시)"
"2026","2","유아교육과","127251","전공","전공선택","전선","K-Project","BRIW62441","K042","02","1","1","1.5","고선","금1200-1800(인문사회관 410)","4주(1-4주)","유아교육과, 유아교육과","정상","","","","유아교육과","https://kupis.kku.ac.kr/wsugang/core?attribute=timeMain","Thu Oct 01 2026 21:11:17 GMT+0900 (한국 표준시)"
"2026","2","유아교육과","127251","전공","전공선택","전선","Nano-LAB기초2(유아교육)","BRIW67582","N038","01","2","1","1","김경화","목1500-1600(인문사회관 413)","","유아교육과, 유아교육과","정상","","","","유아교육과","https://kupis.kku.ac.kr/wsugang/core?attribute=timeMain","Thu Oct 01 2026 21:11:17 GMT+0900 (한국 표준시)"
"2026","2","유아교육과","127251","전공","전공선택","전선","Nano-LAB심화2(유아교육)","BRIW67638","N068","01","3","1","1","박서현","금1100-1500(인문사회관 403)","4주(1-4주)","유아교육과, 유아교육과","정상","","","","유아교육과","https://kupis.kku.ac.kr/wsugang/core?attribute=timeMain","Thu Oct 01 2026 21:11:17 GMT+0900 (한국 표준시)"
"2026","2","유아교육과","127251","전공","전공필수","전필","영유아프로그램개발과평가","BRIW39917","7610","01","3","3","3","김혜령","월0900-1200(인문사회관 413)","","유아교육과, 유아교육과","정상","","","","유아교육과","https://kupis.kku.ac.kr/wsugang/core?attribute=timeMain","Thu Oct 01 2026 21:11:17 GMT+0900 (한국 표준시)"
"2026","2","유아교육과","127251","전공","전공필수","전필","영유아프로그램개발과평가","BRIW39917","7611","02","3","3","3","김혜령","월1200-1500(인문사회관 413)","","유아교육과, 유아교육과","정상","","","","유아교육과","https://kupis.kku.ac.kr/wsugang/core?attribute=timeMain","Thu Oct 01 2026 21:11:17 GMT+0900 (한국 표준시)"
"2026","2","유아교육과","127251","전공","전공필수","전필","유아교육개론","BRIW12894","7597","01","1","3","3","김경화","수0900-1030(인문사회관 413), 금1030-1200(인문사회관 413)","","유아교육과, 유아교육과","정상","","","","유아교육과","https://kupis.kku.ac.kr/wsugang/core?attribute=timeMain","Thu Oct 01 2026 21:11:17 GMT+0900 (한국 표준시)"
"2026","2","유아교육과","127251","전공","전공필수","전필","유아교육개론","BRIW12894","7598","02","1","3","3","김경화","수1030-1200(인문사회관 413), 금0900-1030(인문사회관 413)","","유아교육과, 유아교육과","정상","","","","유아교육과","https://kupis.kku.ac.kr/wsugang/core?attribute=timeMain","Thu Oct 01 2026 21:11:17 GMT+0900 (한국 표준시)"
"2026","2","유아교육과","127251","전공","전공필수","전필","유아교육과정","BRIW12895","7599","01","2","3","3","박서현","수1000-1200(인문사회관 412)","","유아교육과, 유아교육과","정상","","","","유아교육과","https://kupis.kku.ac.kr/wsugang/core?attribute=timeMain","Thu Oct 01 2026 21:11:17 GMT+0900 (한국 표준시)"
"2026","2","유아교육과","127251","전공","전공필수","전필","유아교육과정","BRIW12895","7600","02","2","3","3","박서현","수1600-1800(인문사회관 412)","","유아교육과, 유아교육과","정상","","","","유아교육과","https://kupis.kku.ac.kr/wsugang/core?attribute=timeMain","Thu Oct 01 2026 21:11:17 GMT+0900 (한국 표준시)"
"2026","2","유아교육과","127251","전공","전공필수","전필","유치원현장교육의이해","BRIW56015","7618","01","3","3","3","박현선","월1700-1830(실시간온라인), 화1700-1830(실시간온라인)","","유아교육과, 유아교육과","정상","","","","유아교육과","https://kupis.kku.ac.kr/wsugang/core?attribute=timeMain","Thu Oct 01 2026 21:11:17 GMT+0900 (한국 표준시)"
"2026","2","융합학부","127937","기타선택","일반선택","일선","면역효능분석학","BVAA66873","H096","01","전체","3","3","강태봉","목1630-1800(상허연구동 318), 금1030-1200(상허연구동 117)","","융합학부","정상","","","","면역효능분석학","https://kupis.kku.ac.kr/wsugang/core?attribute=timeMain","Thu Oct 01 2026 21:11:17 GMT+0900 (한국 표준시)"
"2026","2","융합학부","127937","기타선택","일반선택","일선","식약소재분석학","BVAA66874","H097","01","3","3","3","김영준","월1800-2100(실시간온라인)","","융합학부","정상","","","","식약소재분석학","https://kupis.kku.ac.kr/wsugang/core?attribute=timeMain","Thu Oct 01 2026 21:11:17 GMT+0900 (한국 표준시)"
"2026","2","융합학부","127937","전공","전공선택","전선","과학실험과데이터해석","BVAA69710","H122","01","2","3","3","장호현","월1100-1400(국제교육관 306-2)","","융합학부","정상","","","","융합학부","https://kupis.kku.ac.kr/wsugang/core?attribute=timeMain","Thu Oct 01 2026 21:11:17 GMT+0900 (한국 표준시)"
"2026","2","융합학부","127937","전공","전공선택","전선","농식품마케팅","BVAA69707","H127","01","전체","3","3","","","","융합학부","폐강","","","","융합학부 | 이러닝","https://kupis.kku.ac.kr/wsugang/core?attribute=timeMain","Thu Oct 01 2026 21:11:17 GMT+0900 (한국 표준시)"
"2026","2","융합학부","127937","전공","전공선택","전선","동물매개치료","BVAA68899","H102","01","4","3","3","","","","융합학부","폐강","","","","융합학부","https://kupis.kku.ac.kr/wsugang/core?attribute=timeMain","Thu Oct 01 2026 21:11:17 GMT+0900 (한국 표준시)"
"2026","2","융합학부","127937","전공","전공선택","전선","동물산업캡스톤디자인","BVAA68900","H103","01","4","3","3","","","","융합학부","폐강","","","","융합학부","https://kupis.kku.ac.kr/wsugang/core?attribute=timeMain","Thu Oct 01 2026 21:11:17 GMT+0900 (한국 표준시)"
"2026","2","융합학부","127937","전공","전공선택","전선","동물의생명윤리","BVAA68894","H100","01","2","2","2","박수빈","목0900-1100(자연과학관 414)","","융합학부","정상","","","","융합학부","https://kupis.kku.ac.kr/wsugang/core?attribute=timeMain","Thu Oct 01 2026 21:11:17 GMT+0900 (한국 표준시)"
"2026","2","융합학부","127937","전공","전공선택","전선","동물질병학","BVAA65496","H093","01","3","3","3","강혜정","수0900-1200(자연과학관 414)","","융합학부","정상","","","","융합학부","https://kupis.kku.ac.kr/wsugang/core?attribute=timeMain","Thu Oct 01 2026 21:11:17 GMT+0900 (한국 표준시)"
"2026","2","융합학부","127937","전공","전공선택","전선","반려동물문화콘텐츠","BVAA68897","H101","01","3","3","3","","","","융합학부","폐강","","","","융합학부","https://kupis.kku.ac.kr/wsugang/core?attribute=timeMain","Thu Oct 01 2026 21:11:17 GMT+0900 (한국 표준시)"
"2026","2","융합학부","127937","전공","전공선택","전선","반려동물산업서비스개발","BVAA68902","H105","01","4","3","3","","","","융합학부","폐강","","","","융합학부","https://kupis.kku.ac.kr/wsugang/core?attribute=timeMain","Thu Oct 01 2026 21:11:17 GMT+0900 (한국 표준시)"
"2026","2","융합학부","127937","전공","전공선택","전선","반려동물자격증실무개론","BVAA66378","H095","01","3","3","3","염지혜","월1000-1300(자연과학관 414)","","융합학부","정상","","","","융합학부","https://kupis.kku.ac.kr/wsugang/core?attribute=timeMain","Thu Oct 01 2026 21:11:17 GMT+0900 (한국 표준시)"
"2026","2","융합학부","127937","전공","전공선택","전선","반려동물창업","BVAA68901","H104","01","4","3","3","","","","융합학부","폐강","","","","융합학부","https://kupis.kku.ac.kr/wsugang/core?attribute=timeMain","Thu Oct 01 2026 21:11:17 GMT+0900 (한국 표준시)"
"2026","2","융합학부","127937","전공","전공선택","전선","생성형AI와프롬프트활용","BVAA69709","H121","01","2","3","3","임관혁","월1200-1500(인문사회관 202)","","융합학부","정상","","","","융합학부","https://kupis.kku.ac.kr/wsugang/core?attribute=timeMain","Thu Oct 01 2026 21:11:17 GMT+0900 (한국 표준시)"
"2026","2","융합학부","127937","전공","전공선택","전선","생성형AI제작입문(3D)-2","BVAA69785","H125","01","2","3","3","한기향","목1330-1630(국제교육관 301-A)","","융합학부","정상","","","","융합학부","https://kupis.kku.ac.kr/wsugang/core?attribute=timeMain","Thu Oct 01 2026 21:11:17 GMT+0900 (한국 표준시)"
"2026","2","융합학부","127937","전공","전공선택","전선","수의사법","BVAA65491","H092","01","2","2","2","","","","융합학부","폐강","","","","융합학부","https://kupis.kku.ac.kr/wsugang/core?attribute=timeMain","Thu Oct 01 2026 21:11:17 GMT+0900 (한국 표준시)"
"2026","2","융합학부","127937","전공","전공선택","전선","실험데이터시각화","BVAA69711","H123","01","2","3","3","기석간","수1500-1800(국제교육관 301-A)","","융합학부","정상","","","","융합학부","https://kupis.kku.ac.kr/wsugang/core?attribute=timeMain","Thu Oct 01 2026 21:11:17 GMT+0900 (한국 표준시)"
"2026","2","융합학부","127937","전공","전공선택","전선","융복합의개념과이해","BVAA65523","H094","01","전체","1","1","문형준","화1600-1800(자연과학관 119)","8주(1-8주)","융합학부","정상","","","","융합학부","https://kupis.kku.ac.kr/wsugang/core?attribute=timeMain","Thu Oct 01 2026 21:11:17 GMT+0900 (한국 표준시)"
"2026","2","융합학부","127937","전공","전공선택","전선","의약품관리학및실습","BVAA65487","H091","01","3","3","3","","","","융합학부","폐강","","","","융합학부","https://kupis.kku.ac.kr/wsugang/core?attribute=timeMain","Thu Oct 01 2026 21:11:17 GMT+0900 (한국 표준시)"
"2026","2","융합학부","127937","전공","전공선택","전선","펫로스증후군의이해","BVEG68895","H106","01","2","2","2","박은경","월1300-1500(자연과학관 414)","","융합학부","정상","","","","융합학부","https://kupis.kku.ac.kr/wsugang/core?attribute=timeMain","Thu Oct 01 2026 21:11:17 GMT+0900 (한국 표준시)"
"2026","2","융합학부","127937","전공","전공선택","전선","AI기반예술디자인창의적사고","BVAA69784","H124","01","2","3","3","이민선","화1500-1800(창의예술관 503-3)","","융합학부","정상","","","","융합학부","https://kupis.kku.ac.kr/wsugang/core?attribute=timeMain","Thu Oct 01 2026 21:11:17 GMT+0900 (한국 표준시)"
"2026","2","융합학부","127937","전공","전공선택","전선","AI와디지털콘텐츠창작","BVAA70179","H130","01","2","3","3","김유정","화1500-1800(국제교육관 301-A)","","융합학부","정상","","","","융합학부","https://kupis.kku.ac.kr/wsugang/core?attribute=timeMain","Thu Oct 01 2026 21:11:17 GMT+0900 (한국 표준시)"
"2026","2","융합학부","127937","전공","전공선택","전선","K-FOOD농식품산업과유통","BVAA69706","H126","01","전체","3","3","채수호","","","융합학부","정상","","","","융합학부 | 이러닝","https://kupis.kku.ac.kr/wsugang/core?attribute=timeMain","Thu Oct 01 2026 21:11:17 GMT+0900 (한국 표준시)"
"2026","2","응용화학과","127557","전공","전공선택","전선","고분자화학","NDGC14993","8190","01","4","3","3","장호현","화1630-1800(자연과학관 502), 수0900-1030(자연과학관 502)","","응용화학전공, 에너지소재학전공, 응용화학과, 에너지신소재공학과","정상","","","","응용화학과","https://kupis.kku.ac.kr/wsugang/core?attribute=timeMain","Thu Oct 01 2026 21:11:17 GMT+0900 (한국 표준시)"
"2026","2","응용화학과","127557","전공","전공선택","전선","신소재공정및분석","NDGC64564","8199","01","4","3","3","","","","응용화학전공, 에너지소재학전공, 응용화학과, 에너지신소재공학과","폐강","","","영어","응용화학과","https://kupis.kku.ac.kr/wsugang/core?attribute=timeMain","Thu Oct 01 2026 21:11:17 GMT+0900 (한국 표준시)"
"2026","2","응용화학과","127557","전공","전공선택","전선","졸업논문연구2","NDGC56622","8195","01","4","1","2","김태웅","금1000-1200(자연과학관 116)","","응용화학전공, 에너지소재학전공, 응용화학과, 에너지신소재공학과","정상","","","","응용화학과","https://kupis.kku.ac.kr/wsugang/core?attribute=timeMain","Thu Oct 01 2026 21:11:17 GMT+0900 (한국 표준시)"
"2026","2","응용화학과","127557","전공","전공선택","전선","졸업논문연구2","NDGC56622","8196","02","4","1","2","장호현","금1000-1200(자연과학관 119)","","응용화학전공, 에너지소재학전공, 응용화학과, 에너지신소재공학과","정상","","","","응용화학과","https://kupis.kku.ac.kr/wsugang/core?attribute=timeMain","Thu Oct 01 2026 21:11:17 GMT+0900 (한국 표준시)"
"2026","2","응용화학과","127557","전공","전공선택","전선","화학공학","NDGC15027","8191","01","4","3","3","강석호","수1200-1500(자연과학관 116)","","응용화학전공, 에너지소재학전공, 응용화학과, 에너지신소재공학과","정상","","","","응용화학과","https://kupis.kku.ac.kr/wsugang/core?attribute=timeMain","Thu Oct 01 2026 21:11:17 GMT+0900 (한국 표준시)"
"2026","2","응용화학과","127557","전공","전공선택","전선","환경화학","NDGC15029","8192","01","4","3","3","강석호","수1500-1800(자연과학관 116)","","응용화학전공, 에너지소재학전공, 응용화학과, 에너지신소재공학과","정상","","","","응용화학과","https://kupis.kku.ac.kr/wsugang/core?attribute=timeMain","Thu Oct 01 2026 21:11:17 GMT+0900 (한국 표준시)"
"2026","2","의예과","106531","전공","전공필수","전필","미래의학2","BUAA64629","7645","01","1","2","2","이지혜","금1300-1500","","의예","정상","","","","의예과","https://kupis.kku.ac.kr/wsugang/core?attribute=timeMain","Thu Oct 01 2026 21:11:17 GMT+0900 (한국 표준시)"
"2026","2","의예과","106531","전공","전공필수","전필","세포분자생물학","BUAA64627","7644","01","1","3","3","배영민","화1300-1600","","의예","정상","","","","의예과","https://kupis.kku.ac.kr/wsugang/core?attribute=timeMain","Thu Oct 01 2026 21:11:17 GMT+0900 (한국 표준시)"
"2026","2","의예과","106531","전공","전공필수","전필","신경생물학","BUBA15470","7646","01","2","3","3","신찬영","","","의예","정상","","","","의예과","https://kupis.kku.ac.kr/wsugang/core?attribute=timeMain","Thu Oct 01 2026 21:11:17 GMT+0900 (한국 표준시)"
"2026","2","의예과","106531","전공","전공필수","전필","의학유기화학","BUAA64626","7643","01","1","3","3","김동현","수1500-1800","","의예","정상","","","","의예과","https://kupis.kku.ac.kr/wsugang/core?attribute=timeMain","Thu Oct 01 2026 21:11:17 GMT+0900 (한국 표준시)"
"2026","2","의예과","106531","전공","전공필수","전필","인문사회의학2","BUBA64999","7648","01","2","2","2","오은정","","","의예","정상","","","","의예과","https://kupis.kku.ac.kr/wsugang/core?attribute=timeMain","Thu Oct 01 2026 21:11:17 GMT+0900 (한국 표준시)"
"2026","2","의예과","106531","전공","전공필수","전필","인체계통의이해1","BUBA65005","7649","01","2","3","3","유미현","","","의예","정상","","","","의예과","https://kupis.kku.ac.kr/wsugang/core?attribute=timeMain","Thu Oct 01 2026 21:11:17 GMT+0900 (한국 표준시)"
"2026","2","의예과","106531","전공","전공필수","전필","인체계통의이해2","BUBA65006","7650","01","2","3","3","김보경","","","의예","정상","","","","의예과","https://kupis.kku.ac.kr/wsugang/core?attribute=timeMain","Thu Oct 01 2026 21:11:17 GMT+0900 (한국 표준시)"
"2026","2","의예과","106531","전공","전공필수","전필","인체계통의이해3","BUBA65007","7651","01","2","3","3","배영민","","","의예","정상","","","","의예과","https://kupis.kku.ac.kr/wsugang/core?attribute=timeMain","Thu Oct 01 2026 21:11:17 GMT+0900 (한국 표준시)"
"2026","2","의예과","106531","전공","전공필수","전필","인체의구조","BUBA64936","7647","01","2","7","7","최유진","","","의예","정상","","","","의예과","https://kupis.kku.ac.kr/wsugang/core?attribute=timeMain","Thu Oct 01 2026 21:11:17 GMT+0900 (한국 표준시)"
"2026","2","의학과","106541","전공","전공필수","전필","감염학","BUCA64994","7660","01","1","1","1","박지호","","","의","정상","","","","의학과","https://kupis.kku.ac.kr/wsugang/core?attribute=timeMain","Thu Oct 01 2026 21:11:17 GMT+0900 (한국 표준시)"
"2026","2","의학과","106541","전공","전공필수","전필","기초의학종합평가","BUCA64995","7661","01","1","1","1","심서보","","","의","정상","","","","의학과","https://kupis.kku.ac.kr/wsugang/core?attribute=timeMain","Thu Oct 01 2026 21:11:17 GMT+0900 (한국 표준시)"
"2026","2","의학과","106541","전공","전공필수","전필","내과학실습","BUCA15368","7652","01","2","12","12","김현중","","","의","정상","","","","의학과","https://kupis.kku.ac.kr/wsugang/core?attribute=timeMain","Thu Oct 01 2026 21:11:17 GMT+0900 (한국 표준시)"
"2026","2","의학과","106541","전공","전공필수","전필","류마티스학","BUCA64947","7657","01","1","1","1","김해림","","","의","정상","","","","의학과","https://kupis.kku.ac.kr/wsugang/core?attribute=timeMain","Thu Oct 01 2026 21:11:17 GMT+0900 (한국 표준시)"
"2026","2","의학과","106541","전공","전공필수","전필","보건관리와의료정책","BUCA64943","7656","01","1","1","1","이지혜","","","의","정상","","","","의학과","https://kupis.kku.ac.kr/wsugang/core?attribute=timeMain","Thu Oct 01 2026 21:11:17 GMT+0900 (한국 표준시)"
"2026","2","의학과","106541","전공","전공필수","전필","선택주도과정","BUCA66568","7666","01","1","1","1","김강문","","","의","정상","","","","의학과","https://kupis.kku.ac.kr/wsugang/core?attribute=timeMain","Thu Oct 01 2026 21:11:17 GMT+0900 (한국 표준시)"
"2026","2","의학과","106541","전공","전공필수","전필","소화기학","BUCA64996","7662","01","1","4","4","김정환","","","의","정상","","","","의학과","https://kupis.kku.ac.kr/wsugang/core?attribute=timeMain","Thu Oct 01 2026 21:11:17 GMT+0900 (한국 표준시)"
"2026","2","의학과","106541","전공","전공필수","전필","신경과학","BUCA15464","7653","01","1","3","3","김한영","","","의","정상","","","","의학과","https://kupis.kku.ac.kr/wsugang/core?attribute=timeMain","Thu Oct 01 2026 21:11:17 GMT+0900 (한국 표준시)"
"2026","2","의학과","106541","전공","전공필수","전필","신장비뇨의학","BUCA66677","7667","01","1","3","3","조아진","","","의","정상","","","","의학과","https://kupis.kku.ac.kr/wsugang/core?attribute=timeMain","Thu Oct 01 2026 21:11:17 GMT+0900 (한국 표준시)"
"2026","2","의학과","106541","전공","전공필수","전필","심혈관학","BUCA64997","7663","01","1","3","3","김현중","","","의","정상","","","","의학과","https://kupis.kku.ac.kr/wsugang/core?attribute=timeMain","Thu Oct 01 2026 21:11:17 GMT+0900 (한국 표준시)"
"2026","2","의학과","106541","전공","전공필수","전필","인문사회의학5","BUCA65002","7664","01","2","1","1","윤익진","","","의","정상","","","","의학과","https://kupis.kku.ac.kr/wsugang/core?attribute=timeMain","Thu Oct 01 2026 21:11:17 GMT+0900 (한국 표준시)"
"2026","2","의학과","106541","전공","전공필수","전필","임상실습입문","BUCA64964","7658","01","2","1","1","박경식","","","의","정상","","","","의학과","https://kupis.kku.ac.kr/wsugang/core?attribute=timeMain","Thu Oct 01 2026 21:11:17 GMT+0900 (한국 표준시)"
"2026","2","의학과","106541","전공","전공필수","전필","임상의학입문2","BUCA46286","7655","01","1","2","2","이태윤","","","의","정상","","","","의학과","https://kupis.kku.ac.kr/wsugang/core?attribute=timeMain","Thu Oct 01 2026 21:11:17 GMT+0900 (한국 표준시)"
"2026","2","의학과","106541","전공","전공필수","전필","임상의학종합평가","BUCA65009","7665","01","2","1","1","김숙경","","","의","정상","","","","의학과","https://kupis.kku.ac.kr/wsugang/core?attribute=timeMain","Thu Oct 01 2026 21:11:17 GMT+0900 (한국 표준시)"
"2026","2","의학과","106541","전공","전공필수","전필","정신건강의학과실습","BUCA64969","7659","01","2","3","3","하지현","","","의","정상","","","","의학과","https://kupis.kku.ac.kr/wsugang/core?attribute=timeMain","Thu Oct 01 2026 21:11:17 GMT+0900 (한국 표준시)"
"2026","2","의학과","106541","전공","전공필수","전필","종양학","BUCA38060","7654","01","1","1","1","윤소영","","","의","정상","","","","의학과","https://kupis.kku.ac.kr/wsugang/core?attribute=timeMain","Thu Oct 01 2026 21:11:17 GMT+0900 (한국 표준시)"
"2026","2","의학과","106541","전공","전공필수","전필","지역사회1차의료실습","BUCA69607","8262","01","2","1","1","서신도","","","의","정상","","","","의학과","https://kupis.kku.ac.kr/wsugang/core?attribute=timeMain","Thu Oct 01 2026 21:11:17 GMT+0900 (한국 표준시)"
"2026","2","조형예술학과","127239","전공","전공선택","전선","2D컴퓨터그래픽2","BWLD48234","8113","01","2","3","3","이영주","월1000-1300(자연과학관 204)","","도자디자인전공, 금속디자인전공, 회화학과, 회화전공, 조형예술학과","정상","","","","조형예술학과","https://kupis.kku.ac.kr/wsugang/core?attribute=timeMain","Thu Oct 01 2026 21:11:17 GMT+0900 (한국 표준시)"
"2026","2","조형예술학과","127239","전공","전공선택","전선","3D조형설계및3D프린팅","BWLD62406","8120","01","3","3","3","이병훈","화0900-1200(창의예술관 103)","","도자디자인전공, 금속디자인전공, 회화학과, 회화전공, 조형예술학과","정상","","","","조형예술학과","https://kupis.kku.ac.kr/wsugang/core?attribute=timeMain","Thu Oct 01 2026 21:11:17 GMT+0900 (한국 표준시)"
"2026","2","조형예술학과","127239","전공","전공선택","전선","공예연구2","BWLD65438","8132","01","2","3","3","유영경","목0900-1200(복합실습동203-2)","","도자디자인전공, 금속디자인전공, 회화학과, 회화전공, 조형예술학과","정상","","","","조형예술학과","https://kupis.kku.ac.kr/wsugang/core?attribute=timeMain","Thu Oct 01 2026 21:11:17 GMT+0900 (한국 표준시)"
"2026","2","조형예술학과","127239","전공","전공선택","전선","금속공예2","BWLD16178","8106","01","3","3","3","김민선","월0900-1200(창의예술관 103)","","도자디자인전공, 금속디자인전공, 회화학과, 회화전공, 조형예술학과","정상","","","","조형예술학과","https://kupis.kku.ac.kr/wsugang/core?attribute=timeMain","Thu Oct 01 2026 21:11:17 GMT+0900 (한국 표준시)"
"2026","2","조형예술학과","127239","전공","전공선택","전선","금속공예4","BWLD16183","8107","01","4","3","4","이병훈","월1400-1800(창의예술관 104-3)","","도자디자인전공, 금속디자인전공, 회화학과, 회화전공, 조형예술학과","정상","","","","조형예술학과","https://kupis.kku.ac.kr/wsugang/core?attribute=timeMain","Thu Oct 01 2026 21:11:17 GMT+0900 (한국 표준시)"
"2026","2","조형예술학과","127239","전공","전공선택","전선","금속재료및기법2","BWLD46780","8112","01","2","3","3","김상훈","목1400-1700(복합실습동203-2)","","도자디자인전공, 금속디자인전공, 회화학과, 회화전공, 조형예술학과","정상","","","","조형예술학과","https://kupis.kku.ac.kr/wsugang/core?attribute=timeMain","Thu Oct 01 2026 21:11:17 GMT+0900 (한국 표준시)"
"2026","2","조형예술학과","127239","전공","전공선택","전선","금속조형2","BWLD16206","8108","01","3","3","3","김민선","수1400-1700(창의예술관 103)","","도자디자인전공, 금속디자인전공, 회화학과, 회화전공, 조형예술학과","정상","","","","조형예술학과","https://kupis.kku.ac.kr/wsugang/core?attribute=timeMain","Thu Oct 01 2026 21:11:17 GMT+0900 (한국 표준시)"
"2026","2","조형예술학과","127239","전공","전공선택","전선","금속포트폴리오제작연구2","BWLD65446","8135","01","4","3","4","이병훈","목1400-1700(창의예술관 104-3), 금1200-1300(창의예술관 104-3)","","도자디자인전공, 금속디자인전공, 회화학과, 회화전공, 조형예술학과","정상","","","","조형예술학과","https://kupis.kku.ac.kr/wsugang/core?attribute=timeMain","Thu Oct 01 2026 21:11:17 GMT+0900 (한국 표준시)"
"2026","2","조형예술학과","127239","전공","전공선택","전선","기초금속기법응용2","BWLD65440","8133","01","2","3","3","홍지안","화1400-1700(복합실습동203-2)","","도자디자인전공, 금속디자인전공, 회화학과, 회화전공, 조형예술학과","정상","","","","조형예술학과","https://kupis.kku.ac.kr/wsugang/core?attribute=timeMain","Thu Oct 01 2026 21:11:17 GMT+0900 (한국 표준시)"
"2026","2","조형예술학과","127239","전공","전공선택","전선","기초금속디자인2","BWLD68033","8145","01","1","3","3","홍지희","목1400-1700(창의예술관 209)","","도자디자인전공, 금속디자인전공, 회화학과, 회화전공, 조형예술학과","정상","","","","조형예술학과","https://kupis.kku.ac.kr/wsugang/core?attribute=timeMain","Thu Oct 01 2026 21:11:17 GMT+0900 (한국 표준시)"
"2026","2","조형예술학과","127239","전공","전공선택","전선","기초금속디자인2","BWLD68033","8146","02","1","3","3","홍지안","화0900-1200(창의예술관 209)","","도자디자인전공, 금속디자인전공, 회화학과, 회화전공, 조형예술학과","정상","","","","조형예술학과","https://kupis.kku.ac.kr/wsugang/core?attribute=timeMain","Thu Oct 01 2026 21:11:17 GMT+0900 (한국 표준시)"
"2026","2","조형예술학과","127239","전공","전공선택","전선","기초장신구2","BWLD16227","8109","01","2","3","3","홍지희","수0900-1200(복합실습동203-2)","","도자디자인전공, 금속디자인전공, 회화학과, 회화전공, 조형예술학과","정상","","","","조형예술학과","https://kupis.kku.ac.kr/wsugang/core?attribute=timeMain","Thu Oct 01 2026 21:11:17 GMT+0900 (한국 표준시)"
"2026","2","조형예술학과","127239","전공","전공선택","전선","미술사2","BWLD31362","8110","01","2","3","4","유혜경","수1400-1800(국제교육관 405)","","도자디자인전공, 금속디자인전공, 회화학과, 회화전공, 조형예술학과","정상","","","","조형예술학과","https://kupis.kku.ac.kr/wsugang/core?attribute=timeMain","Thu Oct 01 2026 21:11:17 GMT+0900 (한국 표준시)"
"2026","2","조형예술학과","127239","전공","전공선택","전선","복합유화2","BWLD63433","8122","01","2","3","4","김건일","화0900-1300(국제교육관 514)","","도자디자인전공, 금속디자인전공, 회화학과, 회화전공, 조형예술학과","정상","","","","조형예술학과","https://kupis.kku.ac.kr/wsugang/core?attribute=timeMain","Thu Oct 01 2026 21:11:17 GMT+0900 (한국 표준시)"
"2026","2","조형예술학과","127239","전공","전공선택","전선","아트마케팅","BWLD62519","8121","01","4","3","3","이주현","수1400-1700(창의예술관 209)","","도자디자인전공, 금속디자인전공, 회화학과, 회화전공, 조형예술학과","정상","","","","조형예술학과","https://kupis.kku.ac.kr/wsugang/core?attribute=timeMain","Thu Oct 01 2026 21:11:17 GMT+0900 (한국 표준시)"
"2026","2","조형예술학과","127239","전공","전공선택","전선","예술장신구2","BWLD65442","8134","01","3","3","3","홍지희","목0900-1200(창의예술관 103)","","도자디자인전공, 금속디자인전공, 회화학과, 회화전공, 조형예술학과","정상","","","","조형예술학과","https://kupis.kku.ac.kr/wsugang/core?attribute=timeMain","Thu Oct 01 2026 21:11:17 GMT+0900 (한국 표준시)"
"2026","2","조형예술학과","127239","전공","전공선택","전선","웹툰스토리보드","BWLD66513","8138","01","2","3","3","정은지","목1400-1700(국제교육관 404)","","도자디자인전공, 금속디자인전공, 회화학과, 회화전공, 조형예술학과","정상","","","","조형예술학과","https://kupis.kku.ac.kr/wsugang/core?attribute=timeMain","Thu Oct 01 2026 21:11:17 GMT+0900 (한국 표준시)"
"2026","2","조형예술학과","127239","전공","전공선택","전선","웹툰프로덕션","BWLD66515","8139","01","3","3","3","정은지","수1400-1700(국제교육관 404)","","도자디자인전공, 금속디자인전공, 회화학과, 회화전공, 조형예술학과","정상","","","","조형예술학과","https://kupis.kku.ac.kr/wsugang/core?attribute=timeMain","Thu Oct 01 2026 21:11:17 GMT+0900 (한국 표준시)"
"2026","2","조형예술학과","127239","전공","전공선택","전선","응용캐드/캠2","BWLD39927","8111","01","3","3","3","","","","도자디자인전공, 금속디자인전공, 회화학과, 회화전공, 조형예술학과","폐강","","","","조형예술학과","https://kupis.kku.ac.kr/wsugang/core?attribute=timeMain","Thu Oct 01 2026 21:11:17 GMT+0900 (한국 표준시)"
"2026","2","조형예술학과","127239","전공","전공선택","전선","일러스트레이션페인팅2","BWLD65428","8128","01","2","3","4","박현민","월1400-1800(국제교육관 514)","","도자디자인전공, 금속디자인전공, 회화학과, 회화전공, 조형예술학과","정상","","","","조형예술학과","https://kupis.kku.ac.kr/wsugang/core?attribute=timeMain","Thu Oct 01 2026 21:11:17 GMT+0900 (한국 표준시)"
"2026","2","조형예술학과","127239","전공","전공선택","전선","입체디자인2","BWLD09154","8105","01","1","3","3","김상훈","목1000-1300(창의예술관 209)","","도자디자인전공, 금속디자인전공, 회화학과, 회화전공, 조형예술학과","정상","","","","조형예술학과","https://kupis.kku.ac.kr/wsugang/core?attribute=timeMain","Thu Oct 01 2026 21:11:17 GMT+0900 (한국 표준시)"
"2026","2","조형예술학과","127239","전공","전공선택","전선","자유전공실습2","BWLD68036","8147","01","1","3","3","김민선","화1330-1630(창의예술관 209)","","도자디자인전공, 금속디자인전공, 회화학과, 회화전공, 조형예술학과","정상","","","","조형예술학과","https://kupis.kku.ac.kr/wsugang/core?attribute=timeMain","Thu Oct 01 2026 21:11:17 GMT+0900 (한국 표준시)"
"2026","2","조형예술학과","127239","전공","전공선택","전선","조형예술품보존실습2","BWLD65432","8130","01","2","3","3","김태이","목0900-1200(국제교육관 405)","","도자디자인전공, 금속디자인전공, 회화학과, 회화전공, 조형예술학과","정상","","","","조형예술학과","https://kupis.kku.ac.kr/wsugang/core?attribute=timeMain","Thu Oct 01 2026 21:11:17 GMT+0900 (한국 표준시)"
"2026","2","조형예술학과","127239","전공","전공선택","전선","졸업작품스튜디오2","BWLD49208","8115","01","4","3","4","민동기","월1400-1800(국제교육관 501)","","도자디자인전공, 금속디자인전공, 회화학과, 회화전공, 조형예술학과","정상","","","","조형예술학과","https://kupis.kku.ac.kr/wsugang/core?attribute=timeMain","Thu Oct 01 2026 21:11:17 GMT+0900 (한국 표준시)"
"2026","2","조형예술학과","127239","전공","전공선택","전선","졸업작품제작연구2","BWLD63529","8123","01","4","3","4","김민선","화0900-1200(창의예술관 104-3), 금0900-1000(창의예술관 104-3)","","도자디자인전공, 금속디자인전공, 회화학과, 회화전공, 조형예술학과","정상","","","","조형예술학과","https://kupis.kku.ac.kr/wsugang/core?attribute=timeMain","Thu Oct 01 2026 21:11:17 GMT+0900 (한국 표준시)"
"2026","2","조형예술학과","127239","전공","전공선택","전선","창업캐릭터회화2","BWLD63537","8124","01","3","3","4","강호성","월1400-1800(국제교육관 403)","","도자디자인전공, 금속디자인전공, 회화학과, 회화전공, 조형예술학과","정상","","","","조형예술학과","https://kupis.kku.ac.kr/wsugang/core?attribute=timeMain","Thu Oct 01 2026 21:11:17 GMT+0900 (한국 표준시)"
"2026","2","조형예술학과","127239","전공","전공선택","전선","채색재료기법2","BWLD65430","8129","01","2","3","4","이종송","수0900-1300(국제교육관 514)","","도자디자인전공, 금속디자인전공, 회화학과, 회화전공, 조형예술학과","정상","","","","조형예술학과","https://kupis.kku.ac.kr/wsugang/core?attribute=timeMain","Thu Oct 01 2026 21:11:17 GMT+0900 (한국 표준시)"
"2026","2","조형예술학과","127239","전공","전공선택","전선","캡스톤미술시장현장실습2","BWLD68205","8149","01","3","3","3","이정진","화1000-1300(국제교육관 404)","","도자디자인전공, 금속디자인전공, 회화학과, 회화전공, 조형예술학과","정상","","","","조형예술학과","https://kupis.kku.ac.kr/wsugang/core?attribute=timeMain","Thu Oct 01 2026 21:11:17 GMT+0900 (한국 표준시)"
"2026","2","조형예술학과","127239","전공","전공선택","전선","캡스톤작품연출제작2","BWLD65436","8131","01","4","3","4","김건일","수0900-1300(국제교육관 501)","","도자디자인전공, 금속디자인전공, 회화학과, 회화전공, 조형예술학과","정상","","","","조형예술학과","https://kupis.kku.ac.kr/wsugang/core?attribute=timeMain","Thu Oct 01 2026 21:11:17 GMT+0900 (한국 표준시)"
"2026","2","조형예술학과","127239","전공","전공선택","전선","캡스톤전시기획실습과포트폴리오2","BWLD65516","8137","01","4","3","3","이정진","화1400-1700(국제교육관 502)","","도자디자인전공, 금속디자인전공, 회화학과, 회화전공, 조형예술학과","정상","","","","조형예술학과","https://kupis.kku.ac.kr/wsugang/core?attribute=timeMain","Thu Oct 01 2026 21:11:17 GMT+0900 (한국 표준시)"
"2026","2","조형예술학과","127239","전공","전공선택","전선","캡스톤주얼리디자인2","BWLD63548","8125","01","3","3","3","이영주","월1400-1700(창의예술관 103)","","도자디자인전공, 금속디자인전공, 회화학과, 회화전공, 조형예술학과","정상","","","","조형예술학과","https://kupis.kku.ac.kr/wsugang/core?attribute=timeMain","Thu Oct 01 2026 21:11:17 GMT+0900 (한국 표준시)"
"2026","2","조형예술학과","127239","전공","전공선택","전선","캡스톤페인팅2","BWLD59715","8117","01","3","3","4","오재규","화1400-1700(국제교육관 404), 금1400-1500(국제교육관 404)","","도자디자인전공, 금속디자인전공, 회화학과, 회화전공, 조형예술학과","정상","","","","조형예술학과","https://kupis.kku.ac.kr/wsugang/core?attribute=timeMain","Thu Oct 01 2026 21:11:17 GMT+0900 (한국 표준시)"
"2026","2","조형예술학과","127239","전공","전공선택","전선","캡스톤현대회화2","BWLD68025","8144","01","3","3","4","김건일","월1000-1300(국제교육관 403), 금1500-1600(국제교육관 403)","","도자디자인전공, 금속디자인전공, 회화학과, 회화전공, 조형예술학과","정상","","","","조형예술학과","https://kupis.kku.ac.kr/wsugang/core?attribute=timeMain","Thu Oct 01 2026 21:11:17 GMT+0900 (한국 표준시)"
"2026","2","조형예술학과","127239","전공","전공선택","전선","캡스톤회화보존2","BWLD63550","8126","01","4","3","4","이화수","화0900-1300(창의예술관 203)","","도자디자인전공, 금속디자인전공, 회화학과, 회화전공, 조형예술학과","정상","","","","조형예술학과","https://kupis.kku.ac.kr/wsugang/core?attribute=timeMain","Thu Oct 01 2026 21:11:17 GMT+0900 (한국 표준시)"
"2026","2","조형예술학과","127239","전공","전공선택","전선","캡스톤회화스튜디오2","BWLD59722","8118","01","4","3","4","이종송","수1500-1800(국제교육관 502), 금1400-1500(국제교육관 502)","","도자디자인전공, 금속디자인전공, 회화학과, 회화전공, 조형예술학과","정상","","","","조형예술학과","https://kupis.kku.ac.kr/wsugang/core?attribute=timeMain","Thu Oct 01 2026 21:11:17 GMT+0900 (한국 표준시)"
"2026","2","조형예술학과","127239","전공","전공선택","전선","캡스톤Nano-LAB심화2(조형예술)","BWLD67658","N072","01","3","1","1","이화수","금0900-1300(창의예술관 203)","4주(1-4주)","도자디자인전공, 금속디자인전공, 회화학과, 회화전공, 조형예술학과","정상","","","","조형예술학과","https://kupis.kku.ac.kr/wsugang/core?attribute=timeMain","Thu Oct 01 2026 21:11:17 GMT+0900 (한국 표준시)"
"2026","2","조형예술학과","127239","전공","전공선택","전선","크레이티브디지털아트","BWLD68959","8150","01","3","3","3","김용선","목0900-1200(창의예술관 203)","","도자디자인전공, 금속디자인전공, 회화학과, 회화전공, 조형예술학과","정상","","","","조형예술학과","https://kupis.kku.ac.kr/wsugang/core?attribute=timeMain","Thu Oct 01 2026 21:11:17 GMT+0900 (한국 표준시)"
"2026","2","조형예술학과","127239","전공","전공선택","전선","파운데이션웹툰2","BWLD68019","8141","01","1","3","3","정은지","목0900-1200(국제교육관 408)","","도자디자인전공, 금속디자인전공, 회화학과, 회화전공, 조형예술학과","정상","","","","조형예술학과","https://kupis.kku.ac.kr/wsugang/core?attribute=timeMain","Thu Oct 01 2026 21:11:17 GMT+0900 (한국 표준시)"
"2026","2","조형예술학과","127239","전공","전공선택","전선","파운데이션페인팅앤드로잉2","BWLD68023","8142","01","1","3","3","유혜경","수0900-1200(국제교육관 408)","","도자디자인전공, 금속디자인전공, 회화학과, 회화전공, 조형예술학과","정상","","","","조형예술학과","https://kupis.kku.ac.kr/wsugang/core?attribute=timeMain","Thu Oct 01 2026 21:11:17 GMT+0900 (한국 표준시)"
"2026","2","조형예술학과","127239","전공","전공선택","전선","파운데이션페인팅앤드로잉2","BWLD68023","8143","02","1","3","3","김영훈","목1300-1600(국제교육관 408)","","도자디자인전공, 금속디자인전공, 회화학과, 회화전공, 조형예술학과","정상","","","","조형예술학과","https://kupis.kku.ac.kr/wsugang/core?attribute=timeMain","Thu Oct 01 2026 21:11:17 GMT+0900 (한국 표준시)"
"2026","2","조형예술학과","127239","전공","전공선택","전선","회화보존실습2","BWLD63582","8127","01","3","3","4","이화수","수0900-1300(국제교육관 405)","","도자디자인전공, 금속디자인전공, 회화학과, 회화전공, 조형예술학과","정상","","","","조형예술학과","https://kupis.kku.ac.kr/wsugang/core?attribute=timeMain","Thu Oct 01 2026 21:11:17 GMT+0900 (한국 표준시)"
"2026","2","조형예술학과","127239","전공","전공선택","전선","회화재료실습2","BWLD49193","8114","01","2","3","4","한경순","화1400-1800(국제교육관 405)","","도자디자인전공, 금속디자인전공, 회화학과, 회화전공, 조형예술학과","정상","","","","조형예술학과","https://kupis.kku.ac.kr/wsugang/core?attribute=timeMain","Thu Oct 01 2026 21:11:17 GMT+0900 (한국 표준시)"
"2026","2","조형예술학과","127239","전공","전공선택","전선","회화창작연구2","BWLD49210","8116","01","4","3","4","김연수","목0900-1300(국제교육관 502)","","도자디자인전공, 금속디자인전공, 회화학과, 회화전공, 조형예술학과","정상","","","","조형예술학과","https://kupis.kku.ac.kr/wsugang/core?attribute=timeMain","Thu Oct 01 2026 21:11:17 GMT+0900 (한국 표준시)"
"2026","2","조형예술학과","127239","전공","전공선택","전선","K-Project","BWLD62441","K043","01","1","1","1.5","이병훈","금1400-1700(창의예술관 209)","8주(9-16주)","도자디자인전공, 금속디자인전공, 회화학과, 회화전공, 조형예술학과","정상","","","","조형예술학과","https://kupis.kku.ac.kr/wsugang/core?attribute=timeMain","Thu Oct 01 2026 21:11:17 GMT+0900 (한국 표준시)"
"2026","2","조형예술학과","127239","전공","전공선택","전선","K-Project","BWLD62441","K044","02","1","1","1.5","이화수","수1400-1700(창의예술관 203)","8주(1-8주)","도자디자인전공, 금속디자인전공, 회화학과, 회화전공, 조형예술학과","정상","","","","조형예술학과","https://kupis.kku.ac.kr/wsugang/core?attribute=timeMain","Thu Oct 01 2026 21:11:17 GMT+0900 (한국 표준시)"
"2026","2","조형예술학과","127239","전공","전공선택","전선","MarketingWithJewelry2","BWLD59795","8119","01","4","3","4","홍지희","화1400-1700(창의예술관 104-3), 금1400-1500(창의예술관 104-3)","","도자디자인전공, 금속디자인전공, 회화학과, 회화전공, 조형예술학과","정상","","","","조형예술학과","https://kupis.kku.ac.kr/wsugang/core?attribute=timeMain","Thu Oct 01 2026 21:11:17 GMT+0900 (한국 표준시)"
"2026","2","창업경영전공","127950","전공","전공선택","전선","글로벌마케팅","BVEP47046","H107","01","3","3","3","오유겸","목1800-2100(실시간온라인)","","창업경영전공, 창업경영전공","정상","","","","창업경영전공","https://kupis.kku.ac.kr/wsugang/core?attribute=timeMain","Thu Oct 01 2026 21:11:17 GMT+0900 (한국 표준시)"
"2026","2","창업경영전공","127950","전공","전공선택","전선","글로벌창업전략","BVEP66503","H115","01","2","3","3","김성진","수1800-2100(실시간온라인)","","창업경영전공, 창업경영전공","정상","","","","창업경영전공","https://kupis.kku.ac.kr/wsugang/core?attribute=timeMain","Thu Oct 01 2026 21:11:17 GMT+0900 (한국 표준시)"
"2026","2","창업경영전공","127950","전공","전공선택","전선","기술사업화","BVEP51969","H108","01","3","3","3","이양희","","","창업경영전공, 창업경영전공","정상","","","","창업경영전공 | 이러닝","https://kupis.kku.ac.kr/wsugang/core?attribute=timeMain","Thu Oct 01 2026 21:11:17 GMT+0900 (한국 표준시)"
"2026","2","창업경영전공","127950","전공","전공선택","전선","기술창업과생활형창업의이해","BVEP66493","H109","01","1","3","3","김성진","","","창업경영전공, 창업경영전공","정상","","","","창업경영전공 | 이러닝","https://kupis.kku.ac.kr/wsugang/core?attribute=timeMain","Thu Oct 01 2026 21:11:17 GMT+0900 (한국 표준시)"
"2026","2","창업경영전공","127950","전공","전공선택","전선","미래산업과구조","BVEP66495","H111","01","1","3","3","손정환","월1800-2100(실시간온라인)","","창업경영전공, 창업경영전공","정상","","","","창업경영전공","https://kupis.kku.ac.kr/wsugang/core?attribute=timeMain","Thu Oct 01 2026 21:11:17 GMT+0900 (한국 표준시)"
"2026","2","창업경영전공","127950","전공","전공선택","전선","비즈니스모델개발과검증","BVEP66501","H113","01","2","3","3","오유겸","월1900-2200(실시간온라인)","","창업경영전공, 창업경영전공","정상","","","","창업경영전공","https://kupis.kku.ac.kr/wsugang/core?attribute=timeMain","Thu Oct 01 2026 21:11:17 GMT+0900 (한국 표준시)"
"2026","2","창업경영전공","127950","전공","전공선택","전선","사업계획서작성심화","BVEP66507","H116","01","3","3","3","서귀동","목1800-2100(실시간온라인)","","창업경영전공, 창업경영전공","정상","","","","창업경영전공","https://kupis.kku.ac.kr/wsugang/core?attribute=timeMain","Thu Oct 01 2026 21:11:17 GMT+0900 (한국 표준시)"
"2026","2","창업경영전공","127950","전공","전공선택","전선","산업구조분석론(창업네트워킹)","BVEP66500","H112","01","2","3","3","송덕근","","","창업경영전공, 창업경영전공","정상","","","","창업경영전공 | 이러닝","https://kupis.kku.ac.kr/wsugang/core?attribute=timeMain","Thu Oct 01 2026 21:11:17 GMT+0900 (한국 표준시)"
"2026","2","창업경영전공","127950","전공","전공선택","전선","지식재산의이해및관리","BVEP66502","H114","01","2","3","3","윤명한","화1800-2100(실시간온라인)","","창업경영전공, 창업경영전공","정상","","","","창업경영전공","https://kupis.kku.ac.kr/wsugang/core?attribute=timeMain","Thu Oct 01 2026 21:11:17 GMT+0900 (한국 표준시)"
"2026","2","창업경영전공","127950","전공","전공선택","전선","창업기획론","BVEP66563","H118","01","1","3","3","임경수","","","창업경영전공, 창업경영전공","정상","","","","창업경영전공 | 이러닝","https://kupis.kku.ac.kr/wsugang/core?attribute=timeMain","Thu Oct 01 2026 21:11:17 GMT+0900 (한국 표준시)"
"2026","2","창업경영전공","127950","전공","전공선택","전선","창업실전마케팅","BVEP66508","H117","01","3","3","3","송덕근","","","창업경영전공, 창업경영전공","정상","","","","창업경영전공 | 이러닝","https://kupis.kku.ac.kr/wsugang/core?attribute=timeMain","Thu Oct 01 2026 21:11:17 GMT+0900 (한국 표준시)"
"2026","2","창업경영전공","127950","전공","전공선택","전선","창업환경분석","BVEP66494","H110","01","1","2","2","서귀동","수1800-2000(실시간온라인)","","창업경영전공, 창업경영전공","정상","","","","창업경영전공","https://kupis.kku.ac.kr/wsugang/core?attribute=timeMain","Thu Oct 01 2026 21:11:17 GMT+0900 (한국 표준시)"
"2026","2","컴퓨터공학과","127554","전공","전공선택","전선","고급웹프로그래밍","NDGE50346","8237","01","3","3","3","조도은","화1200-1500(자연과학관 206)","","컴퓨터공학과, 컴퓨터공학전공, 소프트웨어전공, 컴퓨터공학과","정상","","","","컴퓨터공학과","https://kupis.kku.ac.kr/wsugang/core?attribute=timeMain","Thu Oct 01 2026 21:11:17 GMT+0900 (한국 표준시)"
"2026","2","컴퓨터공학과","127554","전공","전공선택","전선","고급웹프로그래밍","NDGE50346","8238","02","3","3","3","조도은","화1500-1800(자연과학관 206)","","컴퓨터공학과, 컴퓨터공학전공, 소프트웨어전공, 컴퓨터공학과","정상","","","","컴퓨터공학과","https://kupis.kku.ac.kr/wsugang/core?attribute=timeMain","Thu Oct 01 2026 21:11:17 GMT+0900 (한국 표준시)"
"2026","2","컴퓨터공학과","127554","전공","전공선택","전선","데이터베이스","NDGE11863","8217","01","3","3","3","신문선","월1000-1300(실시간온라인)","","컴퓨터공학과, 컴퓨터공학전공, 소프트웨어전공, 컴퓨터공학과","정상","","","","컴퓨터공학과","https://kupis.kku.ac.kr/wsugang/core?attribute=timeMain","Thu Oct 01 2026 21:11:17 GMT+0900 (한국 표준시)"
"2026","2","컴퓨터공학과","127554","전공","전공선택","전선","딥러닝","NDGE65059","8252","01","4","3","3","백우진","금1500-1800(실시간온라인)","","컴퓨터공학과, 컴퓨터공학전공, 소프트웨어전공, 컴퓨터공학과","정상","","","","컴퓨터공학과","https://kupis.kku.ac.kr/wsugang/core?attribute=timeMain","Thu Oct 01 2026 21:11:17 GMT+0900 (한국 표준시)"
"2026","2","컴퓨터공학과","127554","전공","전공선택","전선","멀티미디어와가상현실","NDGE15817","8232","01","4","3","3","고명철","금0900-1200(실시간온라인)","","컴퓨터공학과, 컴퓨터공학전공, 소프트웨어전공, 컴퓨터공학과","정상","","","","컴퓨터공학과","https://kupis.kku.ac.kr/wsugang/core?attribute=timeMain","Thu Oct 01 2026 21:11:17 GMT+0900 (한국 표준시)"
"2026","2","컴퓨터공학과","127554","전공","전공선택","전선","빅데이터기초","NDGE56032","8244","01","1","3","3","선우하식","월1330-1500(자연과학관 206), 수1030-1200(자연과학관 206)","","컴퓨터공학과, 컴퓨터공학전공, 소프트웨어전공, 컴퓨터공학과","정상","","","","컴퓨터공학과","https://kupis.kku.ac.kr/wsugang/core?attribute=timeMain","Thu Oct 01 2026 21:11:17 GMT+0900 (한국 표준시)"
"2026","2","컴퓨터공학과","127554","전공","전공선택","전선","빅데이터기초","NDGE56032","8245","02","1","3","3","선우하식","월1500-1630(자연과학관 206), 수0900-1030(자연과학관 206)","","컴퓨터공학과, 컴퓨터공학전공, 소프트웨어전공, 컴퓨터공학과","정상","","","","컴퓨터공학과","https://kupis.kku.ac.kr/wsugang/core?attribute=timeMain","Thu Oct 01 2026 21:11:17 GMT+0900 (한국 표준시)"
"2026","2","컴퓨터공학과","127554","전공","전공선택","전선","빅데이터기초","NDGE56032","8246","03","1","3","3","신문선","수0900-1200(국제교육관302-1)","","컴퓨터공학과, 컴퓨터공학전공, 소프트웨어전공, 컴퓨터공학과","정상","","","","컴퓨터공학과","https://kupis.kku.ac.kr/wsugang/core?attribute=timeMain","Thu Oct 01 2026 21:11:17 GMT+0900 (한국 표준시)"
"2026","2","컴퓨터공학과","127554","전공","전공선택","전선","빅데이터와인공지능","NDGE66532","8253","01","2","3","3","이철원","월1030-1200(국제교육관302-2), 화1030-1200(국제교육관302-2)","","컴퓨터공학과, 컴퓨터공학전공, 소프트웨어전공, 컴퓨터공학과","정상","","","","컴퓨터공학과","https://kupis.kku.ac.kr/wsugang/core?attribute=timeMain","Thu Oct 01 2026 21:11:17 GMT+0900 (한국 표준시)"
"2026","2","컴퓨터공학과","127554","전공","전공선택","전선","소프트웨어공학","NDGE14514","8223","01","3","3","3","이광배","수0900-1200(자연과학관 512-1)","","컴퓨터공학과, 컴퓨터공학전공, 소프트웨어전공, 컴퓨터공학과","정상","","","","컴퓨터공학과","https://kupis.kku.ac.kr/wsugang/core?attribute=timeMain","Thu Oct 01 2026 21:11:17 GMT+0900 (한국 표준시)"
"2026","2","컴퓨터공학과","127554","전공","전공선택","전선","소프트웨어공학","NDGE14514","8224","02","3","3","3","이광배","수1330-1630(자연과학관 504)","","컴퓨터공학과, 컴퓨터공학전공, 소프트웨어전공, 컴퓨터공학과","정상","","","","컴퓨터공학과","https://kupis.kku.ac.kr/wsugang/core?attribute=timeMain","Thu Oct 01 2026 21:11:17 GMT+0900 (한국 표준시)"
"2026","2","컴퓨터공학과","127554","전공","전공선택","전선","시스템프로그래밍","NDGE15050","8227","01","2","3","3","김창호","월1500-1630(자연과학관 401), 화1030-1200(자연과학관 401)","","컴퓨터공학과, 컴퓨터공학전공, 소프트웨어전공, 컴퓨터공학과","정상","","","","컴퓨터공학과","https://kupis.kku.ac.kr/wsugang/core?attribute=timeMain","Thu Oct 01 2026 21:11:17 GMT+0900 (한국 표준시)"
"2026","2","컴퓨터공학과","127554","전공","전공선택","전선","시스템프로그래밍","NDGE15050","8228","02","2","3","3","박민규","화1200-1330(상허연구동 409), 수1200-1330(상허연구동 409)","","컴퓨터공학과, 컴퓨터공학전공, 소프트웨어전공, 컴퓨터공학과","정상","","","","컴퓨터공학과","https://kupis.kku.ac.kr/wsugang/core?attribute=timeMain","Thu Oct 01 2026 21:11:17 GMT+0900 (한국 표준시)"
"2026","2","컴퓨터공학과","127554","전공","전공선택","전선","안드로이드프로그래밍","NDGE57518","8250","01","3","3","3","박민규","월1000-1300(실시간온라인)","","컴퓨터공학과, 컴퓨터공학전공, 소프트웨어전공, 컴퓨터공학과","정상","","","","컴퓨터공학과","https://kupis.kku.ac.kr/wsugang/core?attribute=timeMain","Thu Oct 01 2026 21:11:17 GMT+0900 (한국 표준시)"
"2026","2","컴퓨터공학과","127554","전공","전공선택","전선","이산수학","NDGE14419","8219","01","1","3","3","김창호","월1030-1200(자연과학관 516), 수1030-1200(자연과학관 516)","","컴퓨터공학과, 컴퓨터공학전공, 소프트웨어전공, 컴퓨터공학과, KU자유전공학부","정상","","","","컴퓨터공학과","https://kupis.kku.ac.kr/wsugang/core?attribute=timeMain","Thu Oct 01 2026 21:11:17 GMT+0900 (한국 표준시)"
"2026","2","컴퓨터공학과","127554","전공","전공선택","전선","이산수학","NDGE14419","8220","02","1","3","3","김창호","월1330-1500(자연과학관 516), 수1500-1630(자연과학관 516)","","컴퓨터공학과, 컴퓨터공학전공, 소프트웨어전공, 컴퓨터공학과, KU자유전공학부","정상","","","","컴퓨터공학과","https://kupis.kku.ac.kr/wsugang/core?attribute=timeMain","Thu Oct 01 2026 21:11:17 GMT+0900 (한국 표준시)"
"2026","2","컴퓨터공학과","127554","전공","전공선택","전선","창의공학설계","NDGE50341","8235","01","2","3","3","전흥석","월0900-1030(자연과학관 401), 수1030-1200(자연과학관 401)","","컴퓨터공학과, 컴퓨터공학전공, 소프트웨어전공, 컴퓨터공학과","정상","","","","컴퓨터공학과","https://kupis.kku.ac.kr/wsugang/core?attribute=timeMain","Thu Oct 01 2026 21:11:17 GMT+0900 (한국 표준시)"
"2026","2","컴퓨터공학과","127554","전공","전공선택","전선","창의공학설계","NDGE50341","8236","02","2","3","3","","","","컴퓨터공학과, 컴퓨터공학전공, 소프트웨어전공, 컴퓨터공학과","폐강","","","","컴퓨터공학과","https://kupis.kku.ac.kr/wsugang/core?attribute=timeMain","Thu Oct 01 2026 21:11:17 GMT+0900 (한국 표준시)"
"2026","2","컴퓨터공학과","127554","전공","전공선택","전선","컴퓨터공학개론","NDGE05021","8216","01","1","3","3","이철원","월1330-1500(국제교육관302-2), 화1330-1500(국제교육관302-2)","","컴퓨터공학과, 컴퓨터공학전공, 소프트웨어전공, 컴퓨터공학과, KU자유전공학부","정상","","","","컴퓨터공학과","https://kupis.kku.ac.kr/wsugang/core?attribute=timeMain","Thu Oct 01 2026 21:11:17 GMT+0900 (한국 표준시)"
"2026","2","컴퓨터공학과","127554","전공","전공선택","전선","컴퓨터구조","NDGE12263","8218","01","2","3","3","박민규","화1330-1500(자연과학관 502), 수1030-1200(자연과학관 502)","","컴퓨터공학과, 컴퓨터공학전공, 소프트웨어전공, 컴퓨터공학과","정상","","","","컴퓨터공학과","https://kupis.kku.ac.kr/wsugang/core?attribute=timeMain","Thu Oct 01 2026 21:11:17 GMT+0900 (한국 표준시)"
"2026","2","컴퓨터공학과","127554","전공","전공선택","전선","컴퓨터네트워크","NDGE14446","8221","01","3","3","3","최수민","월1500-1630(국제교육관302-1), 목1500-1630(국제교육관302-1)","","컴퓨터공학과, 컴퓨터공학전공, 소프트웨어전공, 컴퓨터공학과","정상","","","","컴퓨터공학과","https://kupis.kku.ac.kr/wsugang/core?attribute=timeMain","Thu Oct 01 2026 21:11:17 GMT+0900 (한국 표준시)"
"2026","2","컴퓨터공학과","127554","전공","전공선택","전선","컴퓨터네트워크","NDGE14446","8222","02","3","3","3","최수민","월1630-1800(국제교육관302-1), 목1630-1800(국제교육관302-1)","","컴퓨터공학과, 컴퓨터공학전공, 소프트웨어전공, 컴퓨터공학과","정상","","","","컴퓨터공학과","https://kupis.kku.ac.kr/wsugang/core?attribute=timeMain","Thu Oct 01 2026 21:11:17 GMT+0900 (한국 표준시)"
"2026","2","컴퓨터공학과","127554","전공","전공선택","전선","클라우드컴퓨팅","NDGE62731","8251","01","3","3","3","백우진","","","컴퓨터공학과, 컴퓨터공학전공, 소프트웨어전공, 컴퓨터공학과","정상","","","","컴퓨터공학과 | 이러닝","https://kupis.kku.ac.kr/wsugang/core?attribute=timeMain","Thu Oct 01 2026 21:11:17 GMT+0900 (한국 표준시)"
"2026","2","컴퓨터공학과","127554","전공","전공선택","전선","프로젝트종합설계","NDGE56031","8239","01","4","3","3","강현규","화1030-1200(상허연구동 409), 목1200-1330(상허연구동 409)","","컴퓨터공학과, 컴퓨터공학전공, 소프트웨어전공, 컴퓨터공학과","정상","","","","컴퓨터공학과","https://kupis.kku.ac.kr/wsugang/core?attribute=timeMain","Thu Oct 01 2026 21:11:17 GMT+0900 (한국 표준시)"
"2026","2","컴퓨터공학과","127554","전공","전공선택","전선","프로젝트종합설계","NDGE56031","8240","02","4","3","3","김정환","화1330-1500(자연과학관 401), 목1030-1200(자연과학관 401)","","컴퓨터공학과, 컴퓨터공학전공, 소프트웨어전공, 컴퓨터공학과","정상","","","","컴퓨터공학과","https://kupis.kku.ac.kr/wsugang/core?attribute=timeMain","Thu Oct 01 2026 21:11:17 GMT+0900 (한국 표준시)"
"2026","2","컴퓨터공학과","127554","전공","전공선택","전선","프로젝트종합설계","NDGE56031","8241","03","4","3","3","한상철","화1630-1800(자연과학관 304), 목1630-1800(자연과학관 304)","","컴퓨터공학과, 컴퓨터공학전공, 소프트웨어전공, 컴퓨터공학과","정상","","","","컴퓨터공학과","https://kupis.kku.ac.kr/wsugang/core?attribute=timeMain","Thu Oct 01 2026 21:11:17 GMT+0900 (한국 표준시)"
"2026","2","컴퓨터공학과","127554","전공","전공선택","전선","프로젝트종합설계","NDGE56031","8242","04","4","3","3","박민규","화1500-1630(국제교육관302-1), 금0900-1030(국제교육관302-1)","","컴퓨터공학과, 컴퓨터공학전공, 소프트웨어전공, 컴퓨터공학과","정상","","","","컴퓨터공학과","https://kupis.kku.ac.kr/wsugang/core?attribute=timeMain","Thu Oct 01 2026 21:11:17 GMT+0900 (한국 표준시)"
"2026","2","컴퓨터공학과","127554","전공","전공선택","전선","프로젝트종합설계","NDGE56031","8243","05","4","3","3","이철원","화1630-1800(상허연구동 409), 목1330-1500(상허연구동 409)","","컴퓨터공학과, 컴퓨터공학전공, 소프트웨어전공, 컴퓨터공학과","정상","","","","컴퓨터공학과","https://kupis.kku.ac.kr/wsugang/core?attribute=timeMain","Thu Oct 01 2026 21:11:17 GMT+0900 (한국 표준시)"
"2026","2","컴퓨터공학과","127554","전공","전공선택","전선","C++프로그래밍","NDGE14570","8225","01","2","3","3","고명철","수1500-1630(국제교육관302-1), 목1030-1200(국제교육관302-1)","","컴퓨터공학과, 컴퓨터공학전공, 소프트웨어전공, 컴퓨터공학과","정상","","","","컴퓨터공학과","https://kupis.kku.ac.kr/wsugang/core?attribute=timeMain","Thu Oct 01 2026 21:11:17 GMT+0900 (한국 표준시)"
"2026","2","컴퓨터공학과","127554","전공","전공선택","전선","C++프로그래밍","NDGE14570","8226","02","2","3","3","고명철","수1630-1800(국제교육관302-1), 목0900-1030(국제교육관302-1)","","컴퓨터공학과, 컴퓨터공학전공, 소프트웨어전공, 컴퓨터공학과","정상","","","","컴퓨터공학과","https://kupis.kku.ac.kr/wsugang/core?attribute=timeMain","Thu Oct 01 2026 21:11:17 GMT+0900 (한국 표준시)"
"2026","2","컴퓨터공학과","127554","전공","전공선택","전선","C프로그래밍","NDGE57369","8247","01","1","3","3","강현규","월1030-1200(자연과학관 502), 수1030-1200(상허연구동 409)","","컴퓨터공학과, 컴퓨터공학전공, 소프트웨어전공, 컴퓨터공학과, KU자유전공학부","정상","","","","컴퓨터공학과","https://kupis.kku.ac.kr/wsugang/core?attribute=timeMain","Thu Oct 01 2026 21:11:17 GMT+0900 (한국 표준시)"
"2026","2","컴퓨터공학과","127554","전공","전공선택","전선","C프로그래밍","NDGE57369","8248","02","1","3","3","강현규","월1330-1500(자연과학관 502), 수1330-1500(상허연구동 409)","","컴퓨터공학과, 컴퓨터공학전공, 소프트웨어전공, 컴퓨터공학과, KU자유전공학부","정상","","","","컴퓨터공학과","https://kupis.kku.ac.kr/wsugang/core?attribute=timeMain","Thu Oct 01 2026 21:11:17 GMT+0900 (한국 표준시)"
"2026","2","컴퓨터공학과","127554","전공","전공선택","전선","Java프로그래밍2","NDGE48004","8233","01","2","3","3","한상철","목1030-1330(자연과학관 206)","","컴퓨터공학과, 컴퓨터공학전공, 소프트웨어전공, 컴퓨터공학과","정상","","","","컴퓨터공학과","https://kupis.kku.ac.kr/wsugang/core?attribute=timeMain","Thu Oct 01 2026 21:11:17 GMT+0900 (한국 표준시)"
"2026","2","컴퓨터공학과","127554","전공","전공선택","전선","Java프로그래밍2","NDGE48004","8234","02","2","3","3","한상철","금1000-1300(실시간온라인)","","컴퓨터공학과, 컴퓨터공학전공, 소프트웨어전공, 컴퓨터공학과","정상","","","","컴퓨터공학과","https://kupis.kku.ac.kr/wsugang/core?attribute=timeMain","Thu Oct 01 2026 21:11:17 GMT+0900 (한국 표준시)"
"2026","2","컴퓨터공학과","127554","전공","전공선택","전선","K-Project","NDGE62441","K057","01","1","1","1.5","한상철","월1630-1800(상허연구동 409)","","컴퓨터공학과, 컴퓨터공학전공, 소프트웨어전공, 컴퓨터공학과","정상","","","","컴퓨터공학과","https://kupis.kku.ac.kr/wsugang/core?attribute=timeMain","Thu Oct 01 2026 21:11:17 GMT+0900 (한국 표준시)"
"2026","2","컴퓨터공학과","127554","전공","전공선택","전선","Nano-LAB기초2(컴퓨터공학)","NDGE67588","N040","01","2","1","1","한상철","목1430-1530(자연과학관 206)","","컴퓨터공학과, 컴퓨터공학전공, 소프트웨어전공, 컴퓨터공학과","정상","","","","컴퓨터공학과","https://kupis.kku.ac.kr/wsugang/core?attribute=timeMain","Thu Oct 01 2026 21:11:17 GMT+0900 (한국 표준시)"
"2026","2","컴퓨터공학과","127554","전공","전공선택","전선","Nano-LAB기초2(컴퓨터공학)","NDGE67588","N041","02","2","1","1","한상철","목1530-1630(자연과학관 206)","","컴퓨터공학과, 컴퓨터공학전공, 소프트웨어전공, 컴퓨터공학과","정상","","","","컴퓨터공학과","https://kupis.kku.ac.kr/wsugang/core?attribute=timeMain","Thu Oct 01 2026 21:11:17 GMT+0900 (한국 표준시)"
"2026","2","컴퓨터공학과","127554","전공","전공선택","전선","Nano-LAB심화2(컴퓨터공학)","NDGE67644","N069","01","3","1","1","백우진","목1430-1630(자연과학관 304)","8주(1-8주)","컴퓨터공학과, 컴퓨터공학전공, 소프트웨어전공, 컴퓨터공학과","정상","","","","컴퓨터공학과","https://kupis.kku.ac.kr/wsugang/core?attribute=timeMain","Thu Oct 01 2026 21:11:17 GMT+0900 (한국 표준시)"
"2026","2","컴퓨터공학과","127554","전공","전공선택","전선","Nano-LAB심화2(컴퓨터공학)","NDGE67644","N070","02","3","1","1","백우진","목1430-1630(자연과학관 304)","8주(9-16주)","컴퓨터공학과, 컴퓨터공학전공, 소프트웨어전공, 컴퓨터공학과","정상","","","","컴퓨터공학과","https://kupis.kku.ac.kr/wsugang/core?attribute=timeMain","Thu Oct 01 2026 21:11:17 GMT+0900 (한국 표준시)"
"2026","2","컴퓨터공학과","127554","전공","전공선택","전선","Python프로그래밍","NDGE67863","8254","01","1","3","3","이철원","월1500-1630(국제교육관302-2), 화1500-1630(국제교육관302-2)","","컴퓨터공학과, 컴퓨터공학전공, 소프트웨어전공, 컴퓨터공학과, KU자유전공학부","정상","","","","컴퓨터공학과","https://kupis.kku.ac.kr/wsugang/core?attribute=timeMain","Thu Oct 01 2026 21:11:17 GMT+0900 (한국 표준시)"
"2026","2","컴퓨터공학과","127554","전공","전공필수","전필","자료구조","NDGE15060","8229","01","2","3","3","김정환","월1030-1200(상허연구동 409), 화1030-1200(자연과학관 206)","","컴퓨터공학과, 컴퓨터공학전공, 소프트웨어전공, 컴퓨터공학과","정상","","","","컴퓨터공학과","https://kupis.kku.ac.kr/wsugang/core?attribute=timeMain","Thu Oct 01 2026 21:11:17 GMT+0900 (한국 표준시)"
"2026","2","컴퓨터공학과","127554","전공","전공필수","전필","자료구조","NDGE15060","8230","02","2","3","3","김정환","월1330-1500(상허연구동 409), 수1500-1630(자연과학관 206)","","컴퓨터공학과, 컴퓨터공학전공, 소프트웨어전공, 컴퓨터공학과","정상","","","","컴퓨터공학과","https://kupis.kku.ac.kr/wsugang/core?attribute=timeMain","Thu Oct 01 2026 21:11:17 GMT+0900 (한국 표준시)"
"2026","2","컴퓨터공학과","127554","전공","전공필수","전필","자료구조","NDGE15060","8231","03","2","3","3","김정환","월1500-1630(상허연구동 409), 수1630-1800(자연과학관 206)","","컴퓨터공학과, 컴퓨터공학전공, 소프트웨어전공, 컴퓨터공학과","정상","","","","컴퓨터공학과","https://kupis.kku.ac.kr/wsugang/core?attribute=timeMain","Thu Oct 01 2026 21:11:17 GMT+0900 (한국 표준시)"
"2026","2","패션디자인학과","127544","전공","전공선택","전선","기후산업디자인실무","BWEA65449","8003","01","4","3","3","이민선","수0900-1030(창의예술관 314), 수1030-1200(창의예술관 602)","","패션디자인전공, 패션디자인전공, 패션디자인학과","정상","","","","패션디자인학과","https://kupis.kku.ac.kr/wsugang/core?attribute=timeMain","Thu Oct 01 2026 21:11:17 GMT+0900 (한국 표준시)"
"2026","2","패션디자인학과","127544","전공","전공선택","전선","남성복디자인종합설계","BWEA67805","8011","01","3","3","3","송영경","목0900-1200(창의예술관 303)","","패션디자인전공, 패션디자인전공, 패션디자인학과","정상","","","","패션디자인학과","https://kupis.kku.ac.kr/wsugang/core?attribute=timeMain","Thu Oct 01 2026 21:11:17 GMT+0900 (한국 표준시)"
"2026","2","패션디자인학과","127544","전공","전공선택","전선","드레이핑기초","BWEA67799","8007","01","1","3","3","박선미","화1500-1800(창의예술관 314)","","패션디자인전공, 패션디자인전공, 패션디자인학과","정상","","","","패션디자인학과","https://kupis.kku.ac.kr/wsugang/core?attribute=timeMain","Thu Oct 01 2026 21:11:17 GMT+0900 (한국 표준시)"
"2026","2","패션디자인학과","127544","전공","전공선택","전선","드레이핑기초","BWEA67799","8008","02","1","3","3","박선미","수1500-1800(창의예술관 314)","","패션디자인전공, 패션디자인전공, 패션디자인학과","정상","","","","패션디자인학과","https://kupis.kku.ac.kr/wsugang/core?attribute=timeMain","Thu Oct 01 2026 21:11:17 GMT+0900 (한국 표준시)"
"2026","2","패션디자인학과","127544","전공","전공선택","전선","디자인발상","BWEA56051","8001","01","1","3","3","이진아","월0900-1200(창의예술관 303)","","패션디자인전공, 패션디자인전공, 패션디자인학과","정상","","","","패션디자인학과","https://kupis.kku.ac.kr/wsugang/core?attribute=timeMain","Thu Oct 01 2026 21:11:17 GMT+0900 (한국 표준시)"
"2026","2","패션디자인학과","127544","전공","전공선택","전선","디자인연구","BWEA16624","7995","01","3","3","3","임소영","목0900-1200(창의예술관 314)","","패션디자인전공, 패션디자인전공, 패션디자인학과","정상","","","","패션디자인학과","https://kupis.kku.ac.kr/wsugang/core?attribute=timeMain","Thu Oct 01 2026 21:11:17 GMT+0900 (한국 표준시)"
"2026","2","패션디자인학과","127544","전공","전공선택","전선","디자인연구","BWEA16624","7996","02","3","3","3","임소영","목1330-1630(창의예술관 314)","","패션디자인전공, 패션디자인전공, 패션디자인학과","정상","","","","패션디자인학과","https://kupis.kku.ac.kr/wsugang/core?attribute=timeMain","Thu Oct 01 2026 21:11:17 GMT+0900 (한국 표준시)"
"2026","2","패션디자인학과","127544","전공","전공선택","전선","빅데이터패션마켓트렌드","BWEA67803","8010","01","2","3","3","허희진","화1330-1630(창의예술관 302)","","패션디자인전공, 패션디자인전공, 패션디자인학과","정상","","","","패션디자인학과","https://kupis.kku.ac.kr/wsugang/core?attribute=timeMain","Thu Oct 01 2026 21:11:17 GMT+0900 (한국 표준시)"
"2026","2","패션디자인학과","127544","전공","전공선택","전선","서양복식사","BWEA16117","7993","01","2","3","3","이성규","월1330-1630(창의예술관 314)","","패션디자인전공, 패션디자인전공, 패션디자인학과","정상","","","","패션디자인학과","https://kupis.kku.ac.kr/wsugang/core?attribute=timeMain","Thu Oct 01 2026 21:11:17 GMT+0900 (한국 표준시)"
"2026","2","패션디자인학과","127544","전공","전공선택","전선","서피스패턴디자인","BWEA67798","8006","01","1","3","3","이은경","목1330-1630(국제교육관 504)","","패션디자인전공, 패션디자인전공, 패션디자인학과","정상","","","","패션디자인학과","https://kupis.kku.ac.kr/wsugang/core?attribute=timeMain","Thu Oct 01 2026 21:11:17 GMT+0900 (한국 표준시)"
"2026","2","패션디자인학과","127544","전공","전공선택","전선","아트패브릭디자인","BWEA51521","7997","01","2","3","3","권정희","수0900-1200(창의예술관 501)","","패션디자인전공, 패션디자인전공, 패션디자인학과","정상","","","","패션디자인학과","https://kupis.kku.ac.kr/wsugang/core?attribute=timeMain","Thu Oct 01 2026 21:11:17 GMT+0900 (한국 표준시)"
"2026","2","패션디자인학과","127544","전공","전공선택","전선","아트패브릭디자인","BWEA51521","8288","02","2","3","3","권정희","수1330-1630(창의예술관 501)","","패션디자인전공, 패션디자인전공, 패션디자인학과","정상","","","","패션디자인학과","https://kupis.kku.ac.kr/wsugang/core?attribute=timeMain","Thu Oct 01 2026 21:11:17 GMT+0900 (한국 표준시)"
"2026","2","패션디자인학과","127544","전공","전공선택","전선","의류제품평가및관리","BWEA67806","8012","01","3","3","3","곽수경","금0900-1200(국제교육관 504)","","패션디자인전공, 패션디자인전공, 패션디자인학과","정상","","","","패션디자인학과","https://kupis.kku.ac.kr/wsugang/core?attribute=timeMain","Thu Oct 01 2026 21:11:17 GMT+0900 (한국 표준시)"
"2026","2","패션디자인학과","127544","전공","전공선택","전선","자유전공실습2","BWEA68036","8014","01","1","3","3","임소영","화1330-1630(창의예술관 303)","","패션디자인전공, 패션디자인전공, 패션디자인학과","정상","","","","패션디자인학과","https://kupis.kku.ac.kr/wsugang/core?attribute=timeMain","Thu Oct 01 2026 21:11:17 GMT+0900 (한국 표준시)"
"2026","2","패션디자인학과","127544","전공","전공선택","전선","테크니컬패턴메이킹","BWEA57738","8002","01","4","3","3","송영경","목1330-1630(창의예술관 303)","","패션디자인전공, 패션디자인전공, 패션디자인학과","정상","","","","패션디자인학과","https://kupis.kku.ac.kr/wsugang/core?attribute=timeMain","Thu Oct 01 2026 21:11:17 GMT+0900 (한국 표준시)"
"2026","2","패션디자인학과","127544","전공","전공선택","전선","패션디자인","BWEA16143","7994","01","2","3","3","이성규","월0900-1200(창의예술관 314)","","패션디자인전공, 패션디자인전공, 패션디자인학과","정상","","","","패션디자인학과","https://kupis.kku.ac.kr/wsugang/core?attribute=timeMain","Thu Oct 01 2026 21:11:17 GMT+0900 (한국 표준시)"
"2026","2","패션디자인학과","127544","전공","전공선택","전선","패션디자인","BWEA16143","8289","02","2","3","3","이진아","월1330-1630(창의예술관 303)","","패션디자인전공, 패션디자인전공, 패션디자인학과","정상","","","","패션디자인학과","https://kupis.kku.ac.kr/wsugang/core?attribute=timeMain","Thu Oct 01 2026 21:11:17 GMT+0900 (한국 표준시)"
"2026","2","패션디자인학과","127544","전공","전공선택","전선","패션미디어","BWEA69007","8015","01","1","3","3","허희진","월1330-1500(창의예술관 302), 월1500-1630(창의예술관 313)","","패션디자인전공, 패션디자인전공, 패션디자인학과","정상","","","","패션디자인학과","https://kupis.kku.ac.kr/wsugang/core?attribute=timeMain","Thu Oct 01 2026 21:11:17 GMT+0900 (한국 표준시)"
"2026","2","패션디자인학과","127544","전공","전공선택","전선","패션창업","BWEA67809","8013","01","4","3","3","허희진","목0900-1200(창의예술관 302)","","패션디자인전공, 패션디자인전공, 패션디자인학과","정상","","","","패션디자인학과","https://kupis.kku.ac.kr/wsugang/core?attribute=timeMain","Thu Oct 01 2026 21:11:17 GMT+0900 (한국 표준시)"
"2026","2","패션디자인학과","127544","전공","전공선택","전선","패션캡스톤디자인","BWEA54494","7998","01","4","3","3","김지민","화0900-1030(창의예술관 303), 화1030-1200(창의예술관 602)","","패션디자인전공, 패션디자인전공, 패션디자인학과","정상","","","","패션디자인학과","https://kupis.kku.ac.kr/wsugang/core?attribute=timeMain","Thu Oct 01 2026 21:11:17 GMT+0900 (한국 표준시)"
"2026","2","패션디자인학과","127544","전공","전공선택","전선","패션커리어개발실습","BWEA56040","8259","01","4","3","3","한기향","화1330-1630(창의예술관 501)","","패션디자인전공, 패션디자인전공, 패션디자인학과","정상","","","","패션디자인학과","https://kupis.kku.ac.kr/wsugang/core?attribute=timeMain","Thu Oct 01 2026 21:11:17 GMT+0900 (한국 표준시)"
"2026","2","패션디자인학과","127544","전공","전공선택","전선","한국복식디자인","BWEA65451","8004","01","3","3","3","박순임","수1330-1630(창의예술관 303)","","패션디자인전공, 패션디자인전공, 패션디자인학과","정상","","","","패션디자인학과","https://kupis.kku.ac.kr/wsugang/core?attribute=timeMain","Thu Oct 01 2026 21:11:17 GMT+0900 (한국 표준시)"
"2026","2","패션디자인학과","127544","전공","전공선택","전선","K-Project","BWEA62441","K045","01","1","1","1.5","임소영","금0900-1200(창의예술관 314)","8주(1-8주)","패션디자인전공, 패션디자인전공, 패션디자인학과","정상","","","","패션디자인학과","https://kupis.kku.ac.kr/wsugang/core?attribute=timeMain","Thu Oct 01 2026 21:11:17 GMT+0900 (한국 표준시)"
"2026","2","패션디자인학과","127544","전공","전공선택","전선","Nano-LAB기초2(패션디자인)","BWEA67573","N042","01","2","1","1","허희진","금0900-1300(창의예술관 302)","4주(5-8주)","패션디자인전공, 패션디자인전공, 패션디자인학과","정상","","","","패션디자인학과","https://kupis.kku.ac.kr/wsugang/core?attribute=timeMain","Thu Oct 01 2026 21:11:17 GMT+0900 (한국 표준시)"
"2026","2","패션디자인학과","127544","전공","전공선택","전선","Nano-LAB심화2(패션디자인)","BWEA67629","N071","01","3","1","1","한기향","수0900-1300(창의예술관 302)","4주(9-12주)","패션디자인전공, 패션디자인전공, 패션디자인학과","정상","","","","패션디자인학과","https://kupis.kku.ac.kr/wsugang/core?attribute=timeMain","Thu Oct 01 2026 21:11:17 GMT+0900 (한국 표준시)"
"2026","2","패션디자인학과","127544","전공","전공필수","전필","3D디지털패턴CAD","BWEA67802","8009","01","2","3","3","박선미","목1330-1630(창의예술관 503-2)","","패션디자인전공, 패션디자인전공, 패션디자인학과","정상","","","","패션디자인학과","https://kupis.kku.ac.kr/wsugang/core?attribute=timeMain","Thu Oct 01 2026 21:11:17 GMT+0900 (한국 표준시)"
"2026","2","패션디자인학과","127544","전공","전공필수","전필","디지털패션커뮤니케이션","BWEA66359","8005","01","3","3","3","허희진","화0900-1200(창의예술관 302)","","패션디자인전공, 패션디자인전공, 패션디자인학과","정상","","","","패션디자인학과","https://kupis.kku.ac.kr/wsugang/core?attribute=timeMain","Thu Oct 01 2026 21:11:17 GMT+0900 (한국 표준시)"
"2026","2","패션디자인학과","127544","전공","전공필수","전필","염색테크니컬프로젝트","BWEA56037","7999","01","3","3","3","안은정","월0900-1200(국제교육관 504)","","패션디자인전공, 패션디자인전공, 패션디자인학과","정상","","","","패션디자인학과","https://kupis.kku.ac.kr/wsugang/core?attribute=timeMain","Thu Oct 01 2026 21:11:17 GMT+0900 (한국 표준시)"
"2026","2","패션디자인학과","127544","전공","전공필수","전필","염색테크니컬프로젝트","BWEA56037","8000","02","3","3","3","안은정","월1330-1630(국제교육관 504)","","패션디자인전공, 패션디자인전공, 패션디자인학과","정상","","","","패션디자인학과","https://kupis.kku.ac.kr/wsugang/core?attribute=timeMain","Thu Oct 01 2026 21:11:17 GMT+0900 (한국 표준시)"
"2026","2","AI빅데이터전공","128305","전공","전공선택","전선","데이터마이닝","BVFK11810","H001","01","2","3","3","유진아","화1900-2200(실시간온라인)","","빅데이터전공, AI빅데이터전공","정상","","","","AI빅데이터전공","https://kupis.kku.ac.kr/wsugang/core?attribute=timeMain","Thu Oct 01 2026 21:11:17 GMT+0900 (한국 표준시)"
"2026","2","AI빅데이터전공","128305","전공","전공선택","전선","데이터베이스개론","BVFK66523","H003","01","1","3","3","신문선","","","빅데이터전공, AI빅데이터전공","정상","","","","AI빅데이터전공 | 이러닝","https://kupis.kku.ac.kr/wsugang/core?attribute=timeMain","Thu Oct 01 2026 21:11:17 GMT+0900 (한국 표준시)"
"2026","2","AI빅데이터전공","128305","전공","전공선택","전선","데이터베이스실무","BVFK66530","H006","01","2","3","3","김지원","월1800-2100(실시간온라인)","","빅데이터전공, AI빅데이터전공","정상","","","","AI빅데이터전공","https://kupis.kku.ac.kr/wsugang/core?attribute=timeMain","Thu Oct 01 2026 21:11:17 GMT+0900 (한국 표준시)"
"2026","2","AI빅데이터전공","128305","전공","전공선택","전선","머신러닝","BVFK65544","H002","01","3","3","3","백우진","","","빅데이터전공, AI빅데이터전공","정상","","","","AI빅데이터전공 | 이러닝","https://kupis.kku.ac.kr/wsugang/core?attribute=timeMain","Thu Oct 01 2026 21:11:17 GMT+0900 (한국 표준시)"
"2026","2","AI빅데이터전공","128305","전공","전공선택","전선","비정형데이터분석","BVFK66541","H011","01","3","3","3","유진아","목1900-2200(실시간온라인)","","빅데이터전공, AI빅데이터전공","정상","","","","AI빅데이터전공","https://kupis.kku.ac.kr/wsugang/core?attribute=timeMain","Thu Oct 01 2026 21:11:17 GMT+0900 (한국 표준시)"
"2026","2","AI빅데이터전공","128305","전공","전공선택","전선","빅데이터분석프로그래밍2","BVFK66538","H009","01","3","3","3","김수영","수1800-2100(실시간온라인)","","빅데이터전공, AI빅데이터전공","정상","","","","AI빅데이터전공","https://kupis.kku.ac.kr/wsugang/core?attribute=timeMain","Thu Oct 01 2026 21:11:17 GMT+0900 (한국 표준시)"
"2026","2","AI빅데이터전공","128305","전공","전공선택","전선","빅데이터수학","BVFK66531","H007","01","2","3","3","김지원","수1800-2100(실시간온라인)","","빅데이터전공, AI빅데이터전공","정상","","","","AI빅데이터전공","https://kupis.kku.ac.kr/wsugang/core?attribute=timeMain","Thu Oct 01 2026 21:11:17 GMT+0900 (한국 표준시)"
"2026","2","AI빅데이터전공","128305","전공","전공선택","전선","빅데이터와인공지능","BVFK66532","H008","01","2","3","3","백우진","","","빅데이터전공, AI빅데이터전공","정상","","","","AI빅데이터전공 | 이러닝","https://kupis.kku.ac.kr/wsugang/core?attribute=timeMain","Thu Oct 01 2026 21:11:17 GMT+0900 (한국 표준시)"
"2026","2","AI빅데이터전공","128305","전공","전공선택","전선","빅데이터처리실습1","BVFK66540","H010","01","3","3","3","오승홍","화1800-2100(실시간온라인)","","빅데이터전공, AI빅데이터전공","정상","","","","AI빅데이터전공","https://kupis.kku.ac.kr/wsugang/core?attribute=timeMain","Thu Oct 01 2026 21:11:17 GMT+0900 (한국 표준시)"
"2026","2","AI빅데이터전공","128305","전공","전공선택","전선","AI데이터마이닝실습","BVFK68953","H012","01","3","3","3","유진아","월1900-2200(실시간온라인)","","빅데이터전공, AI빅데이터전공","정상","","","","AI빅데이터전공","https://kupis.kku.ac.kr/wsugang/core?attribute=timeMain","Thu Oct 01 2026 21:11:17 GMT+0900 (한국 표준시)"
"2026","2","AI빅데이터전공","128305","전공","전공필수","전필","빅데이터통계방법론","BVFK66529","H005","01","2","3","3","김수영","목1800-2100(실시간온라인)","","빅데이터전공, AI빅데이터전공","정상","","","","AI빅데이터전공","https://kupis.kku.ac.kr/wsugang/core?attribute=timeMain","Thu Oct 01 2026 21:11:17 GMT+0900 (한국 표준시)"
"2026","2","AI빅데이터전공","128305","전공","전공필수","전필","파이썬프로그래밍기초","BVFK66524","H004","01","1","3","3","이철원","","","빅데이터전공, AI빅데이터전공","정상","","","","AI빅데이터전공 | 이러닝","https://kupis.kku.ac.kr/wsugang/core?attribute=timeMain","Thu Oct 01 2026 21:11:17 GMT+0900 (한국 표준시)"
"2026","2","KU자유전공학부","127938","전공","전공선택","전선","K-Project","BVFB62441","K046","01","1","1","1.5","박선화","수1200-1500(글로컬이음관 502)","8주(1-8주)","KU자유전공학부","정상","","","","KU자유전공학부","https://kupis.kku.ac.kr/wsugang/core?attribute=timeMain","Thu Oct 01 2026 21:11:17 GMT+0900 (한국 표준시)"
"2026","2","KU자유전공학부","127938","전공","전공선택","전선","K-Project","BVFB62441","K047","02","1","1","1.5","","","8주(1-8주)","KU자유전공학부","폐강","","","","KU자유전공학부","https://kupis.kku.ac.kr/wsugang/core?attribute=timeMain","Thu Oct 01 2026 21:11:17 GMT+0900 (한국 표준시)"
"2026","2","KU자유전공학부","127938","전공","전공선택","전선","K-Project","BVFB62441","K048","03","1","1","1.5","강석한","수1200-1500(글로컬이음관 408)","8주(1-8주)","KU자유전공학부","정상","","","","KU자유전공학부","https://kupis.kku.ac.kr/wsugang/core?attribute=timeMain","Thu Oct 01 2026 21:11:17 GMT+0900 (한국 표준시)"
"2026","2","KU자유전공학부","127938","전공","전공선택","전선","K-Project","BVFB62441","K049","04","1","1","1.5","이효숙","수1500-1800(글로컬이음관 408)","8주(1-8주)","KU자유전공학부","정상","","","","KU자유전공학부","https://kupis.kku.ac.kr/wsugang/core?attribute=timeMain","Thu Oct 01 2026 21:11:17 GMT+0900 (한국 표준시)"
"2026","2","KU자유전공학부","127938","전공","전공선택","전선","K-Project","BVFB62441","K050","05","1","1","1.5","정진헌","수1500-1800(글로컬이음관 604)","8주(1-8주)","KU자유전공학부","정상","","","","KU자유전공학부","https://kupis.kku.ac.kr/wsugang/core?attribute=timeMain","Thu Oct 01 2026 21:11:17 GMT+0900 (한국 표준시)"
"2026","2","KU자유전공학부","127938","전공","전공선택","전선","K-Project","BVFB62441","K051","06","1","1","1.5","조영주","수1500-1800(글로컬이음관 605)","8주(1-8주)","KU자유전공학부","정상","","","","KU자유전공학부","https://kupis.kku.ac.kr/wsugang/core?attribute=timeMain","Thu Oct 01 2026 21:11:17 GMT+0900 (한국 표준시)"
"2026","2","KU자유전공학부","127938","전공","전공선택","전선","K-Project","BVFB62441","K052","07","1","1","1.5","","","8주(1-8주)","KU자유전공학부","폐강","","","","KU자유전공학부","https://kupis.kku.ac.kr/wsugang/core?attribute=timeMain","Thu Oct 01 2026 21:11:17 GMT+0900 (한국 표준시)"
"2026","2","KU자유전공학부","127938","전공","전공선택","전선","K-Project","BVFB62441","K053","08","1","1","1.5","박형준","수1200-1500(글로컬이음관 602)","8주(1-8주)","KU자유전공학부","정상","","","","KU자유전공학부","https://kupis.kku.ac.kr/wsugang/core?attribute=timeMain","Thu Oct 01 2026 21:11:17 GMT+0900 (한국 표준시)"
"2026","2","KU자유전공학부","127938","전공","전공선택","전선","K-Project","BVFB62441","K054","09","1","1","1.5","","","8주(1-8주)","KU자유전공학부","폐강","","","","KU자유전공학부","https://kupis.kku.ac.kr/wsugang/core?attribute=timeMain","Thu Oct 01 2026 21:11:17 GMT+0900 (한국 표준시)"
"2026","2","KU자유전공학부","127938","전공","전공선택","전선","K-Project","BVFB62441","K055","10","1","1","1.5","배정섭","수1200-1500(글로컬이음관 605)","8주(1-8주)","KU자유전공학부","정상","","","","KU자유전공학부","https://kupis.kku.ac.kr/wsugang/core?attribute=timeMain","Thu Oct 01 2026 21:11:17 GMT+0900 (한국 표준시)"
